name,category,kcal_100,protein_100,fat_100,carbs_100,fiber_100,proposed_group,confidence,method,proposed_cooking_tags,proposed_allergens,proposed_diet_exclusions,default_scaling,reason,decision
"Pierś z kurczaka, grillowana",Mięso i drób,165,31.0,3.6,0.0,0.0,białko_chude,NISKA,SŁOWO_KLUCZOWE,"smażenie,pieczenie",,meat,LINIOWY,słowo_kluczowe: białko_chude; kategoria Mięso i drób; wartości po obróbce termicznej (katalog diet liczy na surowo),
"Udziec z kurczaka bez skóry, surowy",Mięso i drób,120,20.0,4.5,0.0,0.0,białko_tłuste,ŚREDNIA,SŁOWO_KLUCZOWE,"pieczenie,duszenie",,meat,LINIOWY,słowo_kluczowe: białko_tłuste; kategoria Mięso i drób,
"Udko z kurczaka ze skórą, pieczone",Mięso i drób,215,25.0,13.0,0.0,0.0,białko_tłuste,NISKA,SŁOWO_KLUCZOWE,"pieczenie,duszenie",,meat,LINIOWY,słowo_kluczowe: białko_tłuste; kategoria Mięso i drób; wartości po obróbce termicznej (katalog diet liczy na surowo),
"Skrzydełka z kurczaka, pieczone",Mięso i drób,245,27.0,15.0,0.0,0.0,białko_tłuste,NISKA,SŁOWO_KLUCZOWE,"pieczenie,duszenie",,meat,LINIOWY,słowo_kluczowe: białko_tłuste; kategoria Mięso i drób; wartości po obróbce termicznej (katalog diet liczy na surowo),
Mięso mielone z kurczaka,Mięso i drób,143,20.0,7.0,0.0,0.0,białko_mielone,WYSOKA,SŁOWO_KLUCZOWE,"smażenie,pieczenie",,meat,LINIOWY,słowo_kluczowe: białko_mielone; kategoria Mięso i drób,
"Serca drobiowe, surowe",Mięso i drób,153,15.0,9.3,0.7,0.0,białko_chude,NISKA,KATEGORIA,"smażenie,pieczenie",,meat,LINIOWY,kategoria: białko_chude,
"Udziec z indyka, surowy",Mięso i drób,125,20.0,4.8,0.0,0.0,białko_tłuste,ŚREDNIA,SŁOWO_KLUCZOWE,"pieczenie,duszenie",,meat,LINIOWY,słowo_kluczowe: białko_tłuste; kategoria Mięso i drób,
"Wołowina chuda (ligawa), surowa",Mięso i drób,158,21.0,8.0,0.0,0.0,białko_chude,NISKA,KATEGORIA,"smażenie,pieczenie",,meat,LINIOWY,kategoria: białko_chude,
"Wołowina, rostbef, surowy",Mięso i drób,175,22.0,9.5,0.0,0.0,białko_chude,NISKA,KATEGORIA,"smażenie,pieczenie",,meat,LINIOWY,kategoria: białko_chude,
"Wołowina, antrykot, surowy",Mięso i drób,250,19.0,19.0,0.0,0.0,białko_chude,NISKA,KATEGORIA,"smażenie,pieczenie",,meat,LINIOWY,kategoria: białko_chude,
Wołowina mielona 15% tłuszczu,Mięso i drób,254,17.0,20.0,0.0,0.0,białko_mielone,WYSOKA,SŁOWO_KLUCZOWE,"smażenie,pieczenie",,meat,LINIOWY,słowo_kluczowe: białko_mielone; kategoria Mięso i drób,
Wołowina mielona 5% tłuszczu,Mięso i drób,137,21.0,5.0,0.0,0.0,białko_mielone,WYSOKA,SŁOWO_KLUCZOWE,"smażenie,pieczenie",,meat,LINIOWY,słowo_kluczowe: białko_mielone; kategoria Mięso i drób,
"Cielęcina, łopatka, surowa",Mięso i drób,130,20.0,5.5,0.0,0.0,białko_chude,NISKA,KATEGORIA,"smażenie,pieczenie",,meat,LINIOWY,kategoria: białko_chude,
"Schab wieprzowy, surowy",Mięso i drób,137,21.0,5.5,0.0,0.0,białko_chude,WYSOKA,SŁOWO_KLUCZOWE,"smażenie,pieczenie",,meat,LINIOWY,słowo_kluczowe: białko_chude; kategoria Mięso i drób,
"Karkówka wieprzowa, surowa",Mięso i drób,245,17.0,19.0,0.0,0.0,białko_tłuste,ŚREDNIA,SŁOWO_KLUCZOWE,"pieczenie,duszenie",,meat,LINIOWY,słowo_kluczowe: białko_tłuste; kategoria Mięso i drób,
"Szynka wieprzowa, surowa",Mięso i drób,145,21.0,6.5,0.0,0.0,wędlina,WYSOKA,SŁOWO_KLUCZOWE,na_zimno,,meat,TŁUMIONY,słowo_kluczowe: wędlina; kategoria Mięso i drób,
Wieprzowina mielona,Mięso i drób,260,17.0,21.0,0.0,0.0,białko_mielone,ŚREDNIA,SŁOWO_KLUCZOWE,"smażenie,pieczenie",,meat,LINIOWY,słowo_kluczowe: białko_mielone; kategoria Mięso i drób,
"Żeberka wieprzowe, surowe",Mięso i drób,290,17.0,25.0,0.0,0.0,białko_tłuste,ŚREDNIA,SŁOWO_KLUCZOWE,"pieczenie,duszenie",,meat,LINIOWY,słowo_kluczowe: białko_tłuste; kategoria Mięso i drób,
"Boczek wieprzowy, surowy",Mięso i drób,500,9.0,52.0,0.0,0.0,białko_tłuste,ŚREDNIA,SŁOWO_KLUCZOWE,"pieczenie,duszenie",,meat,LINIOWY,słowo_kluczowe: białko_tłuste; kategoria Mięso i drób,
"Golonka, gotowana",Mięso i drób,290,19.0,24.0,0.0,0.0,białko_tłuste,ŚREDNIA,SŁOWO_KLUCZOWE,"pieczenie,duszenie",,meat,LINIOWY,słowo_kluczowe: białko_tłuste; kategoria Mięso i drób,
"Jagnięcina, udziec, surowa",Mięso i drób,200,20.0,13.0,0.0,0.0,białko_tłuste,ŚREDNIA,SŁOWO_KLUCZOWE,"pieczenie,duszenie",,meat,LINIOWY,słowo_kluczowe: białko_tłuste; kategoria Mięso i drób,
"Sarnina, udziec, surowa",Mięso i drób,120,22.0,3.0,0.0,0.0,białko_tłuste,ŚREDNIA,SŁOWO_KLUCZOWE,"pieczenie,duszenie",,meat,LINIOWY,słowo_kluczowe: białko_tłuste; kategoria Mięso i drób,
"Królik, surowy",Mięso i drób,136,21.0,5.5,0.0,0.0,białko_chude,NISKA,KATEGORIA,"smażenie,pieczenie",,meat,LINIOWY,kategoria: białko_chude,
"Pierś z kaczki bez skóry, surowa",Mięso i drób,135,19.0,6.0,0.0,0.0,białko_tłuste,ŚREDNIA,SŁOWO_KLUCZOWE,"pieczenie,duszenie",,meat,LINIOWY,słowo_kluczowe: białko_tłuste; kategoria Mięso i drób,
"Pierś z gęsi bez skóry, surowa",Mięso i drób,161,22.8,7.0,0.0,0.0,białko_tłuste,ŚREDNIA,SŁOWO_KLUCZOWE,"pieczenie,duszenie",,meat,LINIOWY,słowo_kluczowe: białko_tłuste; kategoria Mięso i drób,
Szynka drobiowa (wędlina),Mięso i drób,105,17.0,3.5,1.5,0.0,wędlina,WYSOKA,SŁOWO_KLUCZOWE,na_zimno,,meat,TŁUMIONY,słowo_kluczowe: wędlina; kategoria Mięso i drób,
Szynka wieprzowa gotowana (wędlina),Mięso i drób,130,18.0,6.0,1.0,0.0,wędlina,WYSOKA,SŁOWO_KLUCZOWE,na_zimno,,meat,TŁUMIONY,słowo_kluczowe: wędlina; kategoria Mięso i drób,
Polędwica sopocka,Mięso i drób,105,21.0,2.0,0.5,0.0,białko_chude,ŚREDNIA,SŁOWO_KLUCZOWE,"smażenie,pieczenie",,meat,LINIOWY,słowo_kluczowe: białko_chude; kategoria Mięso i drób,
"Boczek wędzony, plastry",Mięso i drób,400,14.0,38.0,0.5,0.0,wędlina,NISKA,SŁOWO_KLUCZOWE,na_zimno,,meat,TŁUMIONY,słowo_kluczowe: wędlina; kategoria Mięso i drób; wartości po obróbce termicznej (katalog diet liczy na surowo),
Kabanosy,Mięso i drób,400,28.0,32.0,1.0,0.0,wędlina,ŚREDNIA,SŁOWO_KLUCZOWE,na_zimno,,meat,TŁUMIONY,słowo_kluczowe: wędlina; kategoria Mięso i drób,
Kiełbasa śląska,Mięso i drób,300,13.0,27.0,1.5,0.0,wędlina,ŚREDNIA,SŁOWO_KLUCZOWE,na_zimno,,meat,TŁUMIONY,słowo_kluczowe: wędlina; kategoria Mięso i drób,
Parówki drobiowe,Mięso i drób,230,11.0,20.0,2.0,0.0,wędlina,ŚREDNIA,SŁOWO_KLUCZOWE,na_zimno,,meat,TŁUMIONY,słowo_kluczowe: wędlina; kategoria Mięso i drób,
Salami,Mięso i drób,450,22.0,40.0,1.0,0.0,wędlina,ŚREDNIA,SŁOWO_KLUCZOWE,na_zimno,,meat,TŁUMIONY,słowo_kluczowe: wędlina; kategoria Mięso i drób,
Pasztet drobiowy,Mięso i drób,300,11.0,26.0,6.0,0.5,wędlina,ŚREDNIA,SŁOWO_KLUCZOWE,na_zimno,,meat,TŁUMIONY,słowo_kluczowe: wędlina; kategoria Mięso i drób,
"Łosoś, pieczony",Ryby i owoce morza,231,25.0,14.0,0.0,0.0,ryba_tłusta,NISKA,SŁOWO_KLUCZOWE,na_zimno,ryby,fish,LINIOWY,słowo_kluczowe: ryba_tłusta; kategoria Ryby i owoce morza; wartości po obróbce termicznej (katalog diet liczy na surowo),
"Morszczuk, surowy",Ryby i owoce morza,86,17.0,1.8,0.0,0.0,białko_chude,ŚREDNIA,SŁOWO_KLUCZOWE,"smażenie,pieczenie",ryby,fish,LINIOWY,słowo_kluczowe: białko_chude; kategoria Ryby i owoce morza,
"Pstrąg tęczowy, surowy",Ryby i owoce morza,119,20.0,3.5,0.0,0.0,ryba_tłusta,ŚREDNIA,SŁOWO_KLUCZOWE,na_zimno,ryby,fish,LINIOWY,słowo_kluczowe: ryba_tłusta; kategoria Ryby i owoce morza,
"Sandacz, surowy",Ryby i owoce morza,84,19.0,0.7,0.0,0.0,białko_chude,ŚREDNIA,SŁOWO_KLUCZOWE,"smażenie,pieczenie",ryby,fish,LINIOWY,słowo_kluczowe: białko_chude; kategoria Ryby i owoce morza,
"Karp, surowy",Ryby i owoce morza,127,18.0,5.6,0.0,0.0,ryba_chuda,NISKA,KATEGORIA,"pieczenie,smażenie",ryby,fish,LINIOWY,kategoria: ryba_chuda,
Makrela wędzona,Ryby i owoce morza,220,21.0,15.0,0.0,0.0,ryba_tłusta,NISKA,SŁOWO_KLUCZOWE,na_zimno,ryby,fish,LINIOWY,słowo_kluczowe: ryba_tłusta; kategoria Ryby i owoce morza; wartości po obróbce termicznej (katalog diet liczy na surowo),
Śledź solony,Ryby i owoce morza,217,17.0,16.0,0.0,0.0,ryba_tłusta,WYSOKA,SŁOWO_KLUCZOWE,na_zimno,ryby,fish,LINIOWY,słowo_kluczowe: ryba_tłusta; kategoria Ryby i owoce morza,
"Śledź w oleju, odsączony",Ryby i owoce morza,250,16.0,20.0,0.5,0.0,ryba_tłusta,WYSOKA,SŁOWO_KLUCZOWE,na_zimno,ryby,fish,LINIOWY,słowo_kluczowe: ryba_tłusta; kategoria Ryby i owoce morza,
"Tuńczyk w wodzie, odsączony",Ryby i owoce morza,116,26.0,1.0,0.0,0.0,ryba_chuda,NISKA,KATEGORIA,"pieczenie,smażenie",ryby,fish,LINIOWY,kategoria: ryba_chuda,
"Tuńczyk w oleju, odsączony",Ryby i owoce morza,190,25.0,9.5,0.0,0.0,ryba_tłusta,ŚREDNIA,SŁOWO_KLUCZOWE,na_zimno,ryby,fish,LINIOWY,słowo_kluczowe: ryba_tłusta; kategoria Ryby i owoce morza,
"Panga, surowa",Ryby i owoce morza,90,15.0,3.0,0.0,0.0,ryba_chuda,NISKA,KATEGORIA,"pieczenie,smażenie",ryby,fish,LINIOWY,kategoria: ryba_chuda,
"Tilapia, surowa",Ryby i owoce morza,96,20.0,1.7,0.0,0.0,białko_chude,ŚREDNIA,SŁOWO_KLUCZOWE,"smażenie,pieczenie",ryby,fish,LINIOWY,słowo_kluczowe: białko_chude; kategoria Ryby i owoce morza,
Węgorz wędzony,Ryby i owoce morza,320,18.0,28.0,0.0,0.0,ryba_tłusta,NISKA,SŁOWO_KLUCZOWE,na_zimno,ryby,fish,LINIOWY,słowo_kluczowe: ryba_tłusta; kategoria Ryby i owoce morza; wartości po obróbce termicznej (katalog diet liczy na surowo),
"Małże (omułki), gotowane",Ryby i owoce morza,172,24.0,4.5,7.0,0.0,ryba_chuda,NISKA,KATEGORIA,"pieczenie,smażenie","ryby,skorupiaki",fish,LINIOWY,kategoria: ryba_chuda,
"Kalmary, surowe",Ryby i owoce morza,92,16.0,1.4,3.0,0.0,ryba_chuda,NISKA,KATEGORIA,"pieczenie,smażenie","ryby,skorupiaki",fish,LINIOWY,kategoria: ryba_chuda,
"Ośmiornica, gotowana",Ryby i owoce morza,164,30.0,2.0,4.4,0.0,ryba_chuda,NISKA,KATEGORIA,"pieczenie,smażenie","ryby,skorupiaki",fish,LINIOWY,kategoria: ryba_chuda,
"Paluszki rybne, pieczone",Ryby i owoce morza,230,13.0,11.0,20.0,1.2,ryba_chuda,NISKA,KATEGORIA,"pieczenie,smażenie",ryby,fish,LINIOWY,kategoria: ryba_chuda; wartości po obróbce termicznej (katalog diet liczy na surowo),
Paluszki krabowe (surimi),Ryby i owoce morza,100,8.0,1.0,14.0,0.0,ryba_chuda,NISKA,KATEGORIA,"pieczenie,smażenie","ryby,skorupiaki",fish,LINIOWY,kategoria: ryba_chuda,
"Jajo kurze całe, surowe",Jaja,143,12.6,9.5,0.7,0.0,jajka,ŚREDNIA,SŁOWO_KLUCZOWE,"smażenie,gotowanie,pieczenie",jaja,egg,DYSKRETNY,słowo_kluczowe: jajka; kategoria Jaja,
"Jajo kurze, gotowane na twardo",Jaja,155,13.0,11.0,1.1,0.0,jajka,ŚREDNIA,SŁOWO_KLUCZOWE,"smażenie,gotowanie,pieczenie",jaja,egg,DYSKRETNY,słowo_kluczowe: jajka; kategoria Jaja,
Białko jaja kurzego,Jaja,52,11.0,0.2,0.7,0.0,jajka,WYSOKA,SŁOWO_KLUCZOWE,"smażenie,gotowanie,pieczenie",jaja,egg,DYSKRETNY,słowo_kluczowe: jajka; kategoria Jaja,
Żółtko jaja kurzego,Jaja,322,16.0,27.0,3.6,0.0,jajka,ŚREDNIA,SŁOWO_KLUCZOWE,"smażenie,gotowanie,pieczenie",jaja,egg,DYSKRETNY,słowo_kluczowe: jajka; kategoria Jaja,
Jajo przepiórcze,Jaja,158,13.0,11.0,0.4,0.0,jajka,ŚREDNIA,SŁOWO_KLUCZOWE,"smażenie,gotowanie,pieczenie",jaja,egg,DYSKRETNY,słowo_kluczowe: jajka; kategoria Jaja,
Jajo kacze,Jaja,185,13.0,14.0,1.5,0.0,jajka,ŚREDNIA,SŁOWO_KLUCZOWE,"smażenie,gotowanie,pieczenie",jaja,egg,DYSKRETNY,słowo_kluczowe: jajka; kategoria Jaja,
Jajecznica z 2 jaj na maśle,Jaja,190,11.0,16.0,1.0,0.0,jajka,NISKA,KATEGORIA,"smażenie,gotowanie,pieczenie",jaja,egg,DYSKRETNY,kategoria: jajka,
"Omlet z 3 jaj, bez dodatków",Jaja,154,11.0,11.0,0.8,0.0,jajka,NISKA,KATEGORIA,"smażenie,gotowanie,pieczenie",jaja,egg,DYSKRETNY,kategoria: jajka,
Masa jajeczna pasteryzowana,Jaja,145,12.0,10.0,1.0,0.0,kasza_ryż,ŚREDNIA,SŁOWO_KLUCZOWE,gotowanie,jaja,egg,LINIOWY,słowo_kluczowe: kasza_ryż; kategoria Jaja,
"Mleko 0,5%",Nabiał,35,3.4,0.5,4.9,0.0,mleko,WYSOKA,SŁOWO_KLUCZOWE,"gotowanie,na_zimno",mleko,"dairy,lactose",LINIOWY,słowo_kluczowe: mleko; kategoria Nabiał,
"Mleko 3,2%",Nabiał,61,3.3,3.2,4.7,0.0,mleko,WYSOKA,SŁOWO_KLUCZOWE,"gotowanie,na_zimno",mleko,"dairy,lactose",LINIOWY,słowo_kluczowe: mleko; kategoria Nabiał,
"Mleko bez laktozy 1,5%",Nabiał,45,3.4,1.5,4.8,0.0,mleko,WYSOKA,SŁOWO_KLUCZOWE,"gotowanie,na_zimno",mleko,dairy,LINIOWY,słowo_kluczowe: mleko; kategoria Nabiał,
Napój sojowy niesłodzony,Nabiał,33,3.3,1.8,0.6,0.5,mleko,WYSOKA,SŁOWO_KLUCZOWE,"gotowanie,na_zimno","mleko,soja",dairy,LINIOWY,słowo_kluczowe: mleko; kategoria Nabiał,
Napój migdałowy niesłodzony,Nabiał,14,0.5,1.1,0.3,0.3,mleko,WYSOKA,SŁOWO_KLUCZOWE,"gotowanie,na_zimno","mleko,orzechy",dairy,LINIOWY,słowo_kluczowe: mleko; kategoria Nabiał,
Napój ryżowy,Nabiał,47,0.3,1.0,9.2,0.2,mleko,WYSOKA,SŁOWO_KLUCZOWE,"gotowanie,na_zimno",mleko,dairy,LINIOWY,słowo_kluczowe: mleko; kategoria Nabiał,
Jogurt naturalny 0%,Nabiał,43,4.9,0.1,5.7,0.0,nabiał_chudy,WYSOKA,SŁOWO_KLUCZOWE,na_zimno,mleko,"dairy,lactose",LINIOWY,słowo_kluczowe: nabiał_chudy; kategoria Nabiał,
Jogurt typu greckiego 2%,Nabiał,73,8.0,2.0,4.0,0.0,nabiał_chudy,WYSOKA,SŁOWO_KLUCZOWE,na_zimno,mleko,"dairy,lactose",LINIOWY,słowo_kluczowe: nabiał_chudy; kategoria Nabiał,
Jogurt owocowy,Nabiał,90,3.5,2.5,13.0,0.3,nabiał_chudy,WYSOKA,SŁOWO_KLUCZOWE,na_zimno,mleko,"dairy,lactose",LINIOWY,słowo_kluczowe: nabiał_chudy; kategoria Nabiał,
Jogurt pitny,Nabiał,70,3.0,1.5,11.0,0.0,nabiał_chudy,WYSOKA,SŁOWO_KLUCZOWE,na_zimno,mleko,"dairy,lactose",LINIOWY,słowo_kluczowe: nabiał_chudy; kategoria Nabiał,
"Maślanka 0,5%",Nabiał,40,3.4,0.5,4.7,0.0,nabiał_chudy,ŚREDNIA,SŁOWO_KLUCZOWE,na_zimno,mleko,"dairy,lactose",LINIOWY,słowo_kluczowe: nabiał_chudy; kategoria Nabiał,
Twaróg tłusty,Nabiał,175,17.0,10.0,3.5,0.0,ser,ŚREDNIA,SŁOWO_KLUCZOWE,"pieczenie,na_zimno",mleko,"dairy,lactose",LINIOWY,słowo_kluczowe: ser; kategoria Nabiał,
Serek wiejski light,Nabiał,72,12.0,1.5,3.0,0.0,ser,ŚREDNIA,SŁOWO_KLUCZOWE,"pieczenie,na_zimno",mleko,"dairy,lactose",LINIOWY,słowo_kluczowe: ser; kategoria Nabiał,
Serek homogenizowany naturalny,Nabiał,135,8.0,6.0,12.0,0.0,ser,ŚREDNIA,SŁOWO_KLUCZOWE,"pieczenie,na_zimno",mleko,"dairy,lactose",LINIOWY,słowo_kluczowe: ser; kategoria Nabiał,
Serek śmietankowy do smarowania,Nabiał,250,6.0,24.0,3.0,0.0,dodatek_tłuszczowy,ŚREDNIA,SŁOWO_KLUCZOWE,"gotowanie,na_zimno",mleko,"dairy,lactose",TŁUMIONY,słowo_kluczowe: dodatek_tłuszczowy; kategoria Nabiał,
Ser żółty typu gouda,Nabiał,356,25.0,28.0,2.2,0.0,ser,WYSOKA,SŁOWO_KLUCZOWE,"pieczenie,na_zimno",mleko,"dairy,lactose",LINIOWY,słowo_kluczowe: ser; kategoria Nabiał,
Ser żółty typu edamski,Nabiał,320,26.0,23.0,1.5,0.0,ser,WYSOKA,SŁOWO_KLUCZOWE,"pieczenie,na_zimno",mleko,"dairy,lactose",LINIOWY,słowo_kluczowe: ser; kategoria Nabiał,
Ser typu cheddar,Nabiał,400,25.0,33.0,1.3,0.0,ser,WYSOKA,SŁOWO_KLUCZOWE,"pieczenie,na_zimno",mleko,"dairy,lactose",LINIOWY,słowo_kluczowe: ser; kategoria Nabiał,
Ser mozzarella,Nabiał,280,22.0,21.0,2.2,0.0,ser,WYSOKA,SŁOWO_KLUCZOWE,"pieczenie,na_zimno",mleko,"dairy,lactose",LINIOWY,słowo_kluczowe: ser; kategoria Nabiał,
Mozzarella w zalewie,Nabiał,190,18.0,12.0,1.0,0.0,ser,WYSOKA,SŁOWO_KLUCZOWE,"pieczenie,na_zimno",mleko,"dairy,lactose",LINIOWY,słowo_kluczowe: ser; kategoria Nabiał,
Ser feta,Nabiał,264,14.0,21.0,4.0,0.0,ser,WYSOKA,SŁOWO_KLUCZOWE,"pieczenie,na_zimno",mleko,"dairy,lactose",LINIOWY,słowo_kluczowe: ser; kategoria Nabiał,
Ser pleśniowy typu brie,Nabiał,334,21.0,28.0,0.5,0.0,ser,WYSOKA,SŁOWO_KLUCZOWE,"pieczenie,na_zimno",mleko,"dairy,lactose",LINIOWY,słowo_kluczowe: ser; kategoria Nabiał,
Ser typu parmezan,Nabiał,392,36.0,25.0,4.0,0.0,ser,WYSOKA,SŁOWO_KLUCZOWE,"pieczenie,na_zimno",mleko,"dairy,lactose",LINIOWY,słowo_kluczowe: ser; kategoria Nabiał,
Ser kozi twardy,Nabiał,364,22.0,30.0,2.2,0.0,ser,WYSOKA,SŁOWO_KLUCZOWE,"pieczenie,na_zimno",mleko,"dairy,lactose",LINIOWY,słowo_kluczowe: ser; kategoria Nabiał,
Ser wędzony typu oscypek,Nabiał,330,24.0,25.0,1.5,0.0,nabiał_tłusty,NISKA,KATEGORIA,na_zimno,mleko,"dairy,lactose",LINIOWY,kategoria: nabiał_tłusty; wartości po obróbce termicznej (katalog diet liczy na surowo),
Ser topiony,Nabiał,290,12.0,24.0,5.0,0.0,nabiał_tłusty,NISKA,KATEGORIA,na_zimno,mleko,"dairy,lactose",LINIOWY,kategoria: nabiał_tłusty,
Śmietana 12%,Nabiał,130,2.8,12.0,3.5,0.0,dodatek_tłuszczowy,WYSOKA,SŁOWO_KLUCZOWE,"gotowanie,na_zimno",mleko,"dairy,lactose",TŁUMIONY,słowo_kluczowe: dodatek_tłuszczowy; kategoria Nabiał,
Śmietana kremówka 30%,Nabiał,290,2.4,30.0,3.0,0.0,dodatek_tłuszczowy,WYSOKA,SŁOWO_KLUCZOWE,"gotowanie,na_zimno",mleko,"dairy,lactose",TŁUMIONY,słowo_kluczowe: dodatek_tłuszczowy; kategoria Nabiał,
Mleko w proszku odtłuszczone,Nabiał,358,35.0,1.0,52.0,0.0,mleko,WYSOKA,SŁOWO_KLUCZOWE,"gotowanie,na_zimno",mleko,"dairy,lactose",LINIOWY,słowo_kluczowe: mleko; kategoria Nabiał,
Chleb pszenny jasny,Zboża i pieczywo,265,8.5,3.2,49.0,2.7,pieczywo,WYSOKA,SŁOWO_KLUCZOWE,na_zimno,gluten,gluten,DYSKRETNY,słowo_kluczowe: pieczywo; kategoria Zboża i pieczywo,
Chleb żytni razowy,Zboża i pieczywo,220,7.0,1.5,42.0,6.5,pieczywo,WYSOKA,SŁOWO_KLUCZOWE,na_zimno,gluten,gluten,DYSKRETNY,słowo_kluczowe: pieczywo; kategoria Zboża i pieczywo,
Chleb graham,Zboża i pieczywo,245,8.8,2.0,45.0,5.0,pieczywo,WYSOKA,SŁOWO_KLUCZOWE,na_zimno,gluten,gluten,DYSKRETNY,słowo_kluczowe: pieczywo; kategoria Zboża i pieczywo,
Chleb pełnoziarnisty pszenny,Zboża i pieczywo,250,9.0,3.5,43.0,6.0,pieczywo,WYSOKA,SŁOWO_KLUCZOWE,na_zimno,gluten,gluten,DYSKRETNY,słowo_kluczowe: pieczywo; kategoria Zboża i pieczywo,
Chleb orkiszowy,Zboża i pieczywo,240,9.0,2.5,44.0,5.5,pieczywo,WYSOKA,SŁOWO_KLUCZOWE,na_zimno,gluten,gluten,DYSKRETNY,słowo_kluczowe: pieczywo; kategoria Zboża i pieczywo,
Chleb na zakwasie żytnim,Zboża i pieczywo,230,7.5,1.2,44.0,5.8,pieczywo,WYSOKA,SŁOWO_KLUCZOWE,na_zimno,gluten,gluten,DYSKRETNY,słowo_kluczowe: pieczywo; kategoria Zboża i pieczywo,
Chleb tostowy pszenny,Zboża i pieczywo,280,8.0,4.0,50.0,2.5,pieczywo,WYSOKA,SŁOWO_KLUCZOWE,na_zimno,gluten,gluten,DYSKRETNY,słowo_kluczowe: pieczywo; kategoria Zboża i pieczywo,
Bułka pszenna (kajzerka),Zboża i pieczywo,270,8.5,3.0,51.0,2.5,pieczywo,ŚREDNIA,SŁOWO_KLUCZOWE,na_zimno,gluten,gluten,DYSKRETNY,słowo_kluczowe: pieczywo; kategoria Zboża i pieczywo,
Bułka grahamka,Zboża i pieczywo,255,9.0,2.0,47.0,5.0,pieczywo,ŚREDNIA,SŁOWO_KLUCZOWE,na_zimno,gluten,gluten,DYSKRETNY,słowo_kluczowe: pieczywo; kategoria Zboża i pieczywo,
Bagietka pszenna,Zboża i pieczywo,285,9.0,2.0,57.0,2.6,pieczywo,ŚREDNIA,SŁOWO_KLUCZOWE,na_zimno,gluten,gluten,DYSKRETNY,słowo_kluczowe: pieczywo; kategoria Zboża i pieczywo,
Bułka do hamburgera,Zboża i pieczywo,290,9.0,5.0,50.0,2.3,pieczywo,ŚREDNIA,SŁOWO_KLUCZOWE,na_zimno,gluten,gluten,DYSKRETNY,słowo_kluczowe: pieczywo; kategoria Zboża i pieczywo,
Rogal maślany (croissant),Zboża i pieczywo,400,8.0,21.0,45.0,2.5,pieczywo,NISKA,KATEGORIA,na_zimno,,,DYSKRETNY,kategoria: pieczywo,
Bułka słodka drożdżowa,Zboża i pieczywo,320,7.0,8.0,55.0,1.8,pieczywo,ŚREDNIA,SŁOWO_KLUCZOWE,na_zimno,gluten,gluten,DYSKRETNY,słowo_kluczowe: pieczywo; kategoria Zboża i pieczywo,
Pita pszenna,Zboża i pieczywo,275,9.0,1.2,55.0,2.5,pieczywo,ŚREDNIA,SŁOWO_KLUCZOWE,na_zimno,gluten,gluten,DYSKRETNY,słowo_kluczowe: pieczywo; kategoria Zboża i pieczywo,
Pieczywo chrupkie żytnie,Zboża i pieczywo,330,9.0,1.5,64.0,16.0,pieczywo,ŚREDNIA,SŁOWO_KLUCZOWE,na_zimno,gluten,gluten,DYSKRETNY,słowo_kluczowe: pieczywo; kategoria Zboża i pieczywo,
Sucharki pszenne,Zboża i pieczywo,390,11.0,6.0,72.0,3.5,pieczywo,NISKA,KATEGORIA,na_zimno,gluten,gluten,DYSKRETNY,kategoria: pieczywo,
Bułka tarta,Zboża i pieczywo,380,12.0,4.0,70.0,4.0,pieczywo,ŚREDNIA,SŁOWO_KLUCZOWE,na_zimno,gluten,gluten,DYSKRETNY,słowo_kluczowe: pieczywo; kategoria Zboża i pieczywo,
Płatki owsiane górskie,Zboża i pieczywo,372,13.5,7.0,60.0,10.0,płatki,WYSOKA,SŁOWO_KLUCZOWE,"gotowanie,na_zimno",gluten,gluten,LINIOWY,słowo_kluczowe: płatki; kategoria Zboża i pieczywo,
Płatki owsiane błyskawiczne,Zboża i pieczywo,370,12.0,7.0,62.0,9.0,płatki,WYSOKA,SŁOWO_KLUCZOWE,"gotowanie,na_zimno",gluten,gluten,LINIOWY,słowo_kluczowe: płatki; kategoria Zboża i pieczywo,
Musli z bakaliami,Zboża i pieczywo,400,9.0,12.0,60.0,8.0,płatki,ŚREDNIA,SŁOWO_KLUCZOWE,"gotowanie,na_zimno",gluten,gluten,LINIOWY,słowo_kluczowe: płatki; kategoria Zboża i pieczywo,
Granola,Zboża i pieczywo,450,9.0,18.0,62.0,7.0,płatki,ŚREDNIA,SŁOWO_KLUCZOWE,"gotowanie,na_zimno",gluten,gluten,LINIOWY,słowo_kluczowe: płatki; kategoria Zboża i pieczywo,
Otręby owsiane,Zboża i pieczywo,375,17.0,7.0,50.0,15.0,pieczywo,NISKA,KATEGORIA,na_zimno,gluten,gluten,DYSKRETNY,kategoria: pieczywo,
Otręby pszenne,Zboża i pieczywo,216,16.0,4.3,22.0,43.0,pieczywo,NISKA,KATEGORIA,na_zimno,gluten,gluten,DYSKRETNY,kategoria: pieczywo,
"Kasza manna, sucha",Zboża i pieczywo,350,11.0,1.0,74.0,2.5,kasza_ryż,WYSOKA,SŁOWO_KLUCZOWE,gotowanie,gluten,gluten,LINIOWY,słowo_kluczowe: kasza_ryż; kategoria Zboża i pieczywo,
Mąka pszenna typ 500,Zboża i pieczywo,340,10.0,1.2,71.0,2.7,mąka,WYSOKA,SŁOWO_KLUCZOWE,"pieczenie,smażenie",gluten,gluten,LINIOWY,słowo_kluczowe: mąka; kategoria Zboża i pieczywo,
Mąka pszenna pełnoziarnista,Zboża i pieczywo,330,12.0,2.5,62.0,10.0,mąka,WYSOKA,SŁOWO_KLUCZOWE,"pieczenie,smażenie",gluten,gluten,LINIOWY,słowo_kluczowe: mąka; kategoria Zboża i pieczywo,
Mąka owsiana,Zboża i pieczywo,370,13.0,7.0,60.0,9.0,mąka,WYSOKA,SŁOWO_KLUCZOWE,"pieczenie,smażenie",gluten,gluten,LINIOWY,słowo_kluczowe: mąka; kategoria Zboża i pieczywo,
Mąka ziemniaczana,Zboża i pieczywo,340,0.4,0.1,83.0,0.9,mąka,NISKA,SŁOWO_KLUCZOWE,"pieczenie,smażenie",,,LINIOWY,słowo_kluczowe: mąka; kategoria Zboża i pieczywo,
"Ryż biały, ugotowany","Kasze, ryż i makarony",130,2.7,0.3,28.0,0.4,kasza_ryż,NISKA,SŁOWO_KLUCZOWE,gotowanie,,,LINIOWY,"słowo_kluczowe: kasza_ryż; kategoria Kasze, ryż i makarony; wartości po obróbce termicznej (katalog diet liczy na surowo)",
"Ryż brązowy, ugotowany","Kasze, ryż i makarony",123,2.6,1.0,25.6,1.6,kasza_ryż,NISKA,SŁOWO_KLUCZOWE,gotowanie,,,LINIOWY,"słowo_kluczowe: kasza_ryż; kategoria Kasze, ryż i makarony; wartości po obróbce termicznej (katalog diet liczy na surowo)",
"Ryż basmati, ugotowany","Kasze, ryż i makarony",121,2.5,0.4,25.0,0.6,kasza_ryż,NISKA,SŁOWO_KLUCZOWE,gotowanie,,,LINIOWY,"słowo_kluczowe: kasza_ryż; kategoria Kasze, ryż i makarony; wartości po obróbce termicznej (katalog diet liczy na surowo)",
"Ryż jaśminowy, ugotowany","Kasze, ryż i makarony",130,2.7,0.3,28.0,0.4,kasza_ryż,NISKA,SŁOWO_KLUCZOWE,gotowanie,,,LINIOWY,"słowo_kluczowe: kasza_ryż; kategoria Kasze, ryż i makarony; wartości po obróbce termicznej (katalog diet liczy na surowo)",
"Ryż dziki, ugotowany","Kasze, ryż i makarony",101,4.0,0.3,21.0,1.8,kasza_ryż,NISKA,SŁOWO_KLUCZOWE,gotowanie,,,LINIOWY,"słowo_kluczowe: kasza_ryż; kategoria Kasze, ryż i makarony; wartości po obróbce termicznej (katalog diet liczy na surowo)",
"Kasza gryczana, ugotowana","Kasze, ryż i makarony",92,3.4,0.6,20.0,2.7,kasza_ryż,NISKA,SŁOWO_KLUCZOWE,gotowanie,,,LINIOWY,"słowo_kluczowe: kasza_ryż; kategoria Kasze, ryż i makarony; wartości po obróbce termicznej (katalog diet liczy na surowo)",
"Kasza gryczana biała, sucha","Kasze, ryż i makarony",340,13.0,3.0,61.0,10.0,kasza_ryż,NISKA,SŁOWO_KLUCZOWE,gotowanie,,,LINIOWY,"słowo_kluczowe: kasza_ryż; kategoria Kasze, ryż i makarony",
"Kasza jaglana, ugotowana","Kasze, ryż i makarony",119,3.5,1.0,24.0,1.3,kasza_ryż,NISKA,SŁOWO_KLUCZOWE,gotowanie,,,LINIOWY,"słowo_kluczowe: kasza_ryż; kategoria Kasze, ryż i makarony; wartości po obróbce termicznej (katalog diet liczy na surowo)",
"Kasza jęczmienna pęczak, sucha","Kasze, ryż i makarony",340,9.0,2.0,70.0,6.0,kasza_ryż,WYSOKA,SŁOWO_KLUCZOWE,gotowanie,gluten,gluten,LINIOWY,"słowo_kluczowe: kasza_ryż; kategoria Kasze, ryż i makarony",
"Kasza jęczmienna, ugotowana","Kasze, ryż i makarony",123,2.3,0.4,28.0,3.8,kasza_ryż,NISKA,SŁOWO_KLUCZOWE,gotowanie,gluten,gluten,LINIOWY,"słowo_kluczowe: kasza_ryż; kategoria Kasze, ryż i makarony; wartości po obróbce termicznej (katalog diet liczy na surowo)",
"Kasza bulgur, ugotowana","Kasze, ryż i makarony",83,3.0,0.2,19.0,4.5,kasza_ryż,NISKA,SŁOWO_KLUCZOWE,gotowanie,gluten,gluten,LINIOWY,"słowo_kluczowe: kasza_ryż; kategoria Kasze, ryż i makarony; wartości po obróbce termicznej (katalog diet liczy na surowo)",
"Kasza kuskus, ugotowana","Kasze, ryż i makarony",112,3.8,0.2,23.0,1.4,kasza_ryż,NISKA,SŁOWO_KLUCZOWE,gotowanie,gluten,gluten,LINIOWY,"słowo_kluczowe: kasza_ryż; kategoria Kasze, ryż i makarony; wartości po obróbce termicznej (katalog diet liczy na surowo)",
"Komosa ryżowa (quinoa), ugotowana","Kasze, ryż i makarony",120,4.4,1.9,21.0,2.8,kasza_ryż,NISKA,SŁOWO_KLUCZOWE,gotowanie,,,LINIOWY,"słowo_kluczowe: kasza_ryż; kategoria Kasze, ryż i makarony; wartości po obróbce termicznej (katalog diet liczy na surowo)",
"Makaron pszenny, ugotowany","Kasze, ryż i makarony",158,5.8,0.9,31.0,1.8,makaron,NISKA,SŁOWO_KLUCZOWE,gotowanie,gluten,gluten,LINIOWY,"słowo_kluczowe: makaron; kategoria Kasze, ryż i makarony; wartości po obróbce termicznej (katalog diet liczy na surowo)",
"Makaron pełnoziarnisty, ugotowany","Kasze, ryż i makarony",130,5.3,0.9,26.0,4.5,makaron,NISKA,SŁOWO_KLUCZOWE,gotowanie,gluten,gluten,LINIOWY,"słowo_kluczowe: makaron; kategoria Kasze, ryż i makarony; wartości po obróbce termicznej (katalog diet liczy na surowo)",
"Makaron ryżowy, ugotowany","Kasze, ryż i makarony",109,1.8,0.2,25.0,1.0,makaron,NISKA,SŁOWO_KLUCZOWE,gotowanie,,,LINIOWY,"słowo_kluczowe: makaron; kategoria Kasze, ryż i makarony; wartości po obróbce termicznej (katalog diet liczy na surowo)",
"Makaron gryczany (soba), ugotowany","Kasze, ryż i makarony",99,5.0,0.1,21.0,1.5,makaron,NISKA,SŁOWO_KLUCZOWE,gotowanie,,,LINIOWY,"słowo_kluczowe: makaron; kategoria Kasze, ryż i makarony; wartości po obróbce termicznej (katalog diet liczy na surowo)",
"Makaron jajeczny, ugotowany","Kasze, ryż i makarony",165,6.0,2.0,30.0,1.5,makaron,NISKA,SŁOWO_KLUCZOWE,gotowanie,gluten,gluten,LINIOWY,"słowo_kluczowe: makaron; kategoria Kasze, ryż i makarony; wartości po obróbce termicznej (katalog diet liczy na surowo)",
"Ziemniaki, ugotowane","Kasze, ryż i makarony",87,1.9,0.1,20.0,1.8,skrobiowe,NISKA,SŁOWO_KLUCZOWE,"gotowanie,pieczenie",,,LINIOWY,"słowo_kluczowe: skrobiowe; kategoria Kasze, ryż i makarony; wartości po obróbce termicznej (katalog diet liczy na surowo)",
"Ziemniaki pieczone, bez tłuszczu","Kasze, ryż i makarony",93,2.5,0.1,21.0,2.2,skrobiowe,NISKA,SŁOWO_KLUCZOWE,"gotowanie,pieczenie",,,LINIOWY,"słowo_kluczowe: skrobiowe; kategoria Kasze, ryż i makarony; wartości po obróbce termicznej (katalog diet liczy na surowo)",
Puree ziemniaczane z mlekiem,"Kasze, ryż i makarony",105,2.0,3.0,17.0,1.5,kasza_ryż,NISKA,KATEGORIA,gotowanie,,,LINIOWY,kategoria: kasza_ryż,
"Bataty (słodkie ziemniaki), pieczone","Kasze, ryż i makarony",90,2.0,0.1,21.0,3.3,skrobiowe,NISKA,SŁOWO_KLUCZOWE,"gotowanie,pieczenie",,,LINIOWY,"słowo_kluczowe: skrobiowe; kategoria Kasze, ryż i makarony; wartości po obróbce termicznej (katalog diet liczy na surowo)",
Pomidory koktajlowe,Warzywa,20,0.9,0.2,4.0,1.3,warzywa_surowe,ŚREDNIA,SŁOWO_KLUCZOWE,na_zimno,,,TŁUMIONY,słowo_kluczowe: warzywa_surowe; kategoria Warzywa,
"Pomidory z puszki, krojone",Warzywa,25,1.2,0.2,4.0,1.2,warzywa_surowe,ŚREDNIA,SŁOWO_KLUCZOWE,na_zimno,,,TŁUMIONY,słowo_kluczowe: warzywa_surowe; kategoria Warzywa,
Koncentrat pomidorowy 30%,Warzywa,90,4.5,0.5,17.0,3.0,warzywa_surowe,ŚREDNIA,SŁOWO_KLUCZOWE,na_zimno,,,TŁUMIONY,słowo_kluczowe: warzywa_surowe; kategoria Warzywa,
"Ogórek zielony, surowy",Warzywa,15,0.7,0.1,3.6,0.5,warzywa_surowe,WYSOKA,SŁOWO_KLUCZOWE,na_zimno,,,TŁUMIONY,słowo_kluczowe: warzywa_surowe; kategoria Warzywa,
"Kapusta czerwona, surowa",Warzywa,31,1.4,0.2,7.4,2.1,warzywa_gotowane,WYSOKA,SŁOWO_KLUCZOWE,"gotowanie,pieczenie",,,TŁUMIONY,słowo_kluczowe: warzywa_gotowane; kategoria Warzywa,
Kapusta pekińska,Warzywa,16,1.2,0.2,2.2,1.2,warzywa_gotowane,WYSOKA,SŁOWO_KLUCZOWE,"gotowanie,pieczenie",,,TŁUMIONY,słowo_kluczowe: warzywa_gotowane; kategoria Warzywa,
"Papryka zielona, surowa",Warzywa,20,0.9,0.2,4.6,1.7,warzywa_surowe,WYSOKA,SŁOWO_KLUCZOWE,na_zimno,,,TŁUMIONY,słowo_kluczowe: warzywa_surowe; kategoria Warzywa,
"Szpinak mrożony, gotowany",Warzywa,26,3.0,0.5,3.0,2.5,warzywa_liściaste,WYSOKA,SŁOWO_KLUCZOWE,na_zimno,,,TŁUMIONY,słowo_kluczowe: warzywa_liściaste; kategoria Warzywa,
Sałata lodowa,Warzywa,14,0.9,0.1,3.0,1.2,warzywa_liściaste,WYSOKA,SŁOWO_KLUCZOWE,na_zimno,,,TŁUMIONY,słowo_kluczowe: warzywa_liściaste; kategoria Warzywa,
Sałata masłowa,Warzywa,13,1.4,0.2,2.2,1.1,warzywa_liściaste,WYSOKA,SŁOWO_KLUCZOWE,na_zimno,,,TŁUMIONY,słowo_kluczowe: warzywa_liściaste; kategoria Warzywa,
Roszponka,Warzywa,21,2.0,0.4,3.6,1.5,warzywa_liściaste,ŚREDNIA,SŁOWO_KLUCZOWE,na_zimno,,,TŁUMIONY,słowo_kluczowe: warzywa_liściaste; kategoria Warzywa,
"Buraki, gotowane",Warzywa,44,1.7,0.2,10.0,2.0,warzywa_gotowane,NISKA,KATEGORIA,"gotowanie,pieczenie",,,TŁUMIONY,kategoria: warzywa_gotowane,
"Seler korzeniowy, surowy",Warzywa,42,1.5,0.3,9.2,1.8,warzywa_gotowane,NISKA,KATEGORIA,"gotowanie,pieczenie",,,TŁUMIONY,kategoria: warzywa_gotowane,
Pietruszka korzeń,Warzywa,50,2.8,0.6,10.0,4.0,warzywa_gotowane,NISKA,KATEGORIA,"gotowanie,pieczenie",,,TŁUMIONY,kategoria: warzywa_gotowane,
"Dynia, pieczona",Warzywa,26,1.0,0.1,6.5,1.0,nasiona,NISKA,SŁOWO_KLUCZOWE,na_zimno,,,LINIOWY,słowo_kluczowe: nasiona; kategoria Warzywa; wartości po obróbce termicznej (katalog diet liczy na surowo),
"Groszek zielony mrożony, gotowany",Warzywa,81,5.4,0.4,14.0,5.0,warzywa_gotowane,WYSOKA,SŁOWO_KLUCZOWE,"gotowanie,pieczenie",,,TŁUMIONY,słowo_kluczowe: warzywa_gotowane; kategoria Warzywa,
Kukurydza konserwowa,Warzywa,86,3.0,1.2,17.0,2.4,warzywa_gotowane,ŚREDNIA,SŁOWO_KLUCZOWE,"gotowanie,pieczenie",,,TŁUMIONY,słowo_kluczowe: warzywa_gotowane; kategoria Warzywa,
"Boczniaki, surowe",Warzywa,33,3.3,0.4,6.0,2.3,warzywa_gotowane,NISKA,KATEGORIA,"gotowanie,pieczenie",,,TŁUMIONY,kategoria: warzywa_gotowane,
Kalarepa,Warzywa,27,1.7,0.1,6.2,3.6,warzywa_surowe,ŚREDNIA,SŁOWO_KLUCZOWE,na_zimno,,,TŁUMIONY,słowo_kluczowe: warzywa_surowe; kategoria Warzywa,
"Brukselka, gotowana",Warzywa,43,3.4,0.5,9.0,3.8,warzywa_gotowane,NISKA,KATEGORIA,"gotowanie,pieczenie",,,TŁUMIONY,kategoria: warzywa_gotowane,
"Szparagi, gotowane",Warzywa,22,2.4,0.2,2.5,2.0,warzywa_gotowane,ŚREDNIA,SŁOWO_KLUCZOWE,"gotowanie,pieczenie",,,TŁUMIONY,słowo_kluczowe: warzywa_gotowane; kategoria Warzywa,
"Botwinka, gotowana",Warzywa,22,1.8,0.2,3.3,2.5,warzywa_liściaste,ŚREDNIA,SŁOWO_KLUCZOWE,na_zimno,,,TŁUMIONY,słowo_kluczowe: warzywa_liściaste; kategoria Warzywa,
Kiełki rzodkiewki,Warzywa,43,3.8,2.5,3.6,1.6,warzywa_surowe,ŚREDNIA,SŁOWO_KLUCZOWE,na_zimno,,,TŁUMIONY,słowo_kluczowe: warzywa_surowe; kategoria Warzywa,
Mandarynka,Owoce,53,0.8,0.3,13.0,1.8,owoce,ŚREDNIA,SŁOWO_KLUCZOWE,na_zimno,,,DYSKRETNY,słowo_kluczowe: owoce; kategoria Owoce,
Grejpfrut,Owoce,42,0.8,0.1,11.0,1.6,owoce,ŚREDNIA,SŁOWO_KLUCZOWE,na_zimno,,,DYSKRETNY,słowo_kluczowe: owoce; kategoria Owoce,
Cytryna,Owoce,29,1.1,0.3,9.0,2.8,owoce,ŚREDNIA,SŁOWO_KLUCZOWE,na_zimno,,,DYSKRETNY,słowo_kluczowe: owoce; kategoria Owoce,
Jagody leśne (czarne),Owoce,45,0.7,0.4,10.0,3.5,owoce_jagodowe,ŚREDNIA,SŁOWO_KLUCZOWE,na_zimno,,,TŁUMIONY,słowo_kluczowe: owoce_jagodowe; kategoria Owoce,
Porzeczki czarne,Owoce,63,1.4,0.4,15.0,7.0,owoce_jagodowe,ŚREDNIA,SŁOWO_KLUCZOWE,na_zimno,,,TŁUMIONY,słowo_kluczowe: owoce_jagodowe; kategoria Owoce,
Wiśnie,Owoce,50,1.0,0.3,12.0,1.6,owoce,NISKA,KATEGORIA,na_zimno,,,DYSKRETNY,kategoria: owoce,
Czereśnie,Owoce,63,1.1,0.2,16.0,2.1,owoce,NISKA,KATEGORIA,na_zimno,,,DYSKRETNY,kategoria: owoce,
Śliwki,Owoce,46,0.7,0.3,11.0,1.4,owoce,ŚREDNIA,SŁOWO_KLUCZOWE,na_zimno,,,DYSKRETNY,słowo_kluczowe: owoce; kategoria Owoce,
Brzoskwinia,Owoce,39,0.9,0.3,10.0,1.5,owoce,ŚREDNIA,SŁOWO_KLUCZOWE,na_zimno,,,DYSKRETNY,słowo_kluczowe: owoce; kategoria Owoce,
Nektarynka,Owoce,44,1.1,0.3,11.0,1.7,owoce,ŚREDNIA,SŁOWO_KLUCZOWE,na_zimno,,,DYSKRETNY,słowo_kluczowe: owoce; kategoria Owoce,
Morele,Owoce,48,1.4,0.4,11.0,2.0,owoce,ŚREDNIA,SŁOWO_KLUCZOWE,na_zimno,,,DYSKRETNY,słowo_kluczowe: owoce; kategoria Owoce,
Arbuz,Owoce,30,0.6,0.2,7.6,0.4,owoce,ŚREDNIA,SŁOWO_KLUCZOWE,na_zimno,,,DYSKRETNY,słowo_kluczowe: owoce; kategoria Owoce,
Melon,Owoce,34,0.8,0.2,8.0,0.9,owoce,ŚREDNIA,SŁOWO_KLUCZOWE,na_zimno,,,DYSKRETNY,słowo_kluczowe: owoce; kategoria Owoce,
Papaja,Owoce,43,0.5,0.3,11.0,1.7,owoce,NISKA,KATEGORIA,na_zimno,,,DYSKRETNY,kategoria: owoce,
Granat (nasiona),Owoce,83,1.7,1.2,19.0,4.0,owoce,ŚREDNIA,SŁOWO_KLUCZOWE,na_zimno,,,DYSKRETNY,słowo_kluczowe: owoce; kategoria Owoce,
Figi świeże,Owoce,74,0.8,0.3,19.0,2.9,owoce,NISKA,KATEGORIA,na_zimno,,,DYSKRETNY,kategoria: owoce,
Daktyle suszone,Owoce,282,2.5,0.4,75.0,8.0,słodzik,WYSOKA,SŁOWO_KLUCZOWE,na_zimno,,,TŁUMIONY,słowo_kluczowe: słodzik; kategoria Owoce,
Morele suszone,Owoce,241,3.4,0.5,63.0,7.3,słodzik,ŚREDNIA,SŁOWO_KLUCZOWE,na_zimno,,,TŁUMIONY,słowo_kluczowe: słodzik; kategoria Owoce,
Śliwki suszone,Owoce,240,2.2,0.4,64.0,7.0,słodzik,ŚREDNIA,SŁOWO_KLUCZOWE,na_zimno,,,TŁUMIONY,słowo_kluczowe: słodzik; kategoria Owoce,
Żurawina suszona,Owoce,325,0.2,1.4,82.0,5.5,owoce_jagodowe,ŚREDNIA,SŁOWO_KLUCZOWE,na_zimno,,,TŁUMIONY,słowo_kluczowe: owoce_jagodowe; kategoria Owoce,
Chipsy bananowe,Owoce,519,2.3,34.0,50.0,7.7,owoce,ŚREDNIA,SŁOWO_KLUCZOWE,na_zimno,,,DYSKRETNY,słowo_kluczowe: owoce; kategoria Owoce,
Mus jabłkowy bez cukru,Owoce,43,0.2,0.1,10.0,1.1,owoce,ŚREDNIA,SŁOWO_KLUCZOWE,na_zimno,,,DYSKRETNY,słowo_kluczowe: owoce; kategoria Owoce,
"Soczewica czerwona, ugotowana",Rośliny strączkowe,116,9.0,0.4,20.0,4.0,strączki,NISKA,SŁOWO_KLUCZOWE,gotowanie,,,LINIOWY,słowo_kluczowe: strączki; kategoria Rośliny strączkowe; wartości po obróbce termicznej (katalog diet liczy na surowo),
"Soczewica zielona, ugotowana",Rośliny strączkowe,116,9.0,0.4,20.0,8.0,strączki,NISKA,SŁOWO_KLUCZOWE,gotowanie,,,LINIOWY,słowo_kluczowe: strączki; kategoria Rośliny strączkowe; wartości po obróbce termicznej (katalog diet liczy na surowo),
"Ciecierzyca, sucha",Rośliny strączkowe,364,19.0,6.0,61.0,17.0,strączki,NISKA,SŁOWO_KLUCZOWE,gotowanie,,,LINIOWY,słowo_kluczowe: strączki; kategoria Rośliny strączkowe,
"Ciecierzyca, ugotowana",Rośliny strączkowe,164,8.9,2.6,27.0,7.6,strączki,NISKA,SŁOWO_KLUCZOWE,gotowanie,,,LINIOWY,słowo_kluczowe: strączki; kategoria Rośliny strączkowe; wartości po obróbce termicznej (katalog diet liczy na surowo),
"Fasola biała, sucha",Rośliny strączkowe,333,23.0,1.5,60.0,15.0,strączki,NISKA,SŁOWO_KLUCZOWE,gotowanie,,,LINIOWY,słowo_kluczowe: strączki; kategoria Rośliny strączkowe,
"Fasola biała, ugotowana",Rośliny strączkowe,132,9.0,0.5,24.0,6.3,strączki,NISKA,SŁOWO_KLUCZOWE,gotowanie,,,LINIOWY,słowo_kluczowe: strączki; kategoria Rośliny strączkowe; wartości po obróbce termicznej (katalog diet liczy na surowo),
"Fasola czarna, ugotowana",Rośliny strączkowe,132,8.9,0.5,24.0,8.7,strączki,NISKA,SŁOWO_KLUCZOWE,gotowanie,,,LINIOWY,słowo_kluczowe: strączki; kategoria Rośliny strączkowe; wartości po obróbce termicznej (katalog diet liczy na surowo),
"Groch łuskany, ugotowany",Rośliny strączkowe,118,8.3,0.4,21.0,8.0,strączki,NISKA,SŁOWO_KLUCZOWE,gotowanie,,,LINIOWY,słowo_kluczowe: strączki; kategoria Rośliny strączkowe; wartości po obróbce termicznej (katalog diet liczy na surowo),
"Bób, gotowany",Rośliny strączkowe,110,7.6,0.4,20.0,5.4,strączki,NISKA,SŁOWO_KLUCZOWE,gotowanie,,,LINIOWY,słowo_kluczowe: strączki; kategoria Rośliny strączkowe,
"Soja, nasiona ugotowane",Rośliny strączkowe,173,17.0,9.0,10.0,6.0,nasiona,NISKA,SŁOWO_KLUCZOWE,na_zimno,soja,,LINIOWY,słowo_kluczowe: nasiona; kategoria Rośliny strączkowe; wartości po obróbce termicznej (katalog diet liczy na surowo),
Tofu naturalne,Rośliny strączkowe,144,15.0,9.0,2.0,1.0,białko_roślinne,WYSOKA,SŁOWO_KLUCZOWE,"smażenie,pieczenie",soja,,LINIOWY,słowo_kluczowe: białko_roślinne; kategoria Rośliny strączkowe,
Tofu wędzone,Rośliny strączkowe,160,17.0,10.0,2.0,1.0,białko_roślinne,NISKA,SŁOWO_KLUCZOWE,"smażenie,pieczenie",soja,,LINIOWY,słowo_kluczowe: białko_roślinne; kategoria Rośliny strączkowe; wartości po obróbce termicznej (katalog diet liczy na surowo),
"Białko sojowe teksturowane, suche",Rośliny strączkowe,330,52.0,1.0,16.0,18.0,strączki,NISKA,KATEGORIA,gotowanie,soja,,LINIOWY,kategoria: strączki,
Orzechy laskowe,Orzechy i nasiona,628,15.0,61.0,17.0,10.0,orzechy,WYSOKA,SŁOWO_KLUCZOWE,na_zimno,orzechy,,LINIOWY,słowo_kluczowe: orzechy; kategoria Orzechy i nasiona,
Orzechy brazylijskie,Orzechy i nasiona,659,14.0,67.0,12.0,7.5,orzechy,WYSOKA,SŁOWO_KLUCZOWE,na_zimno,orzechy,,LINIOWY,słowo_kluczowe: orzechy; kategoria Orzechy i nasiona,
Orzechy pistacjowe,Orzechy i nasiona,560,20.0,45.0,28.0,10.0,orzechy,WYSOKA,SŁOWO_KLUCZOWE,na_zimno,orzechy,,LINIOWY,słowo_kluczowe: orzechy; kategoria Orzechy i nasiona,
Orzechy makadamia,Orzechy i nasiona,718,8.0,76.0,14.0,9.0,orzechy,WYSOKA,SŁOWO_KLUCZOWE,na_zimno,orzechy,,LINIOWY,słowo_kluczowe: orzechy; kategoria Orzechy i nasiona,
Orzeszki ziemne (fistaszki),Orzechy i nasiona,567,26.0,49.0,16.0,8.5,orzechy,NISKA,KATEGORIA,na_zimno,orzechy,,LINIOWY,kategoria: orzechy,
Orzechy piniowe,Orzechy i nasiona,673,14.0,68.0,13.0,3.7,orzechy,WYSOKA,SŁOWO_KLUCZOWE,na_zimno,orzechy,,LINIOWY,słowo_kluczowe: orzechy; kategoria Orzechy i nasiona,
Masło orzechowe 100%,Orzechy i nasiona,588,25.0,50.0,20.0,6.0,orzechy_pasty,WYSOKA,SŁOWO_KLUCZOWE,na_zimno,"orzechy,orzechy_ziemne",,LINIOWY,słowo_kluczowe: orzechy_pasty; kategoria Orzechy i nasiona,
Masło migdałowe 100%,Orzechy i nasiona,614,21.0,56.0,19.0,10.0,tłuszcz,WYSOKA,SŁOWO_KLUCZOWE,"smażenie,pieczenie",orzechy,,LINIOWY,słowo_kluczowe: tłuszcz; kategoria Orzechy i nasiona,
Nasiona słonecznika,Orzechy i nasiona,584,21.0,51.0,20.0,8.6,nasiona,WYSOKA,SŁOWO_KLUCZOWE,na_zimno,orzechy,,LINIOWY,słowo_kluczowe: nasiona; kategoria Orzechy i nasiona,
Sezam,Orzechy i nasiona,573,18.0,50.0,23.0,12.0,nasiona,ŚREDNIA,SŁOWO_KLUCZOWE,na_zimno,"orzechy,sezam",,LINIOWY,słowo_kluczowe: nasiona; kategoria Orzechy i nasiona,
Mak niebieski,Orzechy i nasiona,525,18.0,42.0,28.0,20.0,orzechy,NISKA,KATEGORIA,na_zimno,orzechy,,LINIOWY,kategoria: orzechy,
Nasiona konopi łuskane,Orzechy i nasiona,553,32.0,49.0,8.0,4.0,nasiona,WYSOKA,SŁOWO_KLUCZOWE,na_zimno,orzechy,,LINIOWY,słowo_kluczowe: nasiona; kategoria Orzechy i nasiona,
Wiórki kokosowe,Orzechy i nasiona,604,6.9,62.0,24.0,16.0,orzechy,NISKA,KATEGORIA,na_zimno,orzechy,,LINIOWY,kategoria: orzechy,
Olej słonecznikowy,Tłuszcze i oleje,884,0.0,100.0,0.0,0.0,nasiona,ŚREDNIA,SŁOWO_KLUCZOWE,na_zimno,,,LINIOWY,słowo_kluczowe: nasiona; kategoria Tłuszcze i oleje,
Olej lniany,Tłuszcze i oleje,884,0.0,100.0,0.0,0.0,tłuszcz,WYSOKA,SŁOWO_KLUCZOWE,"smażenie,pieczenie",,,LINIOWY,słowo_kluczowe: tłuszcz; kategoria Tłuszcze i oleje,
Olej kokosowy,Tłuszcze i oleje,862,0.0,100.0,0.0,0.0,tłuszcz,WYSOKA,SŁOWO_KLUCZOWE,"smażenie,pieczenie",,,LINIOWY,słowo_kluczowe: tłuszcz; kategoria Tłuszcze i oleje,
Olej z pestek winogron,Tłuszcze i oleje,884,0.0,100.0,0.0,0.0,tłuszcz,WYSOKA,SŁOWO_KLUCZOWE,"smażenie,pieczenie",,,LINIOWY,słowo_kluczowe: tłuszcz; kategoria Tłuszcze i oleje,
Masło 82%,Tłuszcze i oleje,735,0.7,82.0,0.7,0.0,tłuszcz,WYSOKA,SŁOWO_KLUCZOWE,"smażenie,pieczenie",mleko,"dairy,lactose",LINIOWY,słowo_kluczowe: tłuszcz; kategoria Tłuszcze i oleje,
Masło klarowane,Tłuszcze i oleje,890,0.0,99.0,0.0,0.0,tłuszcz,WYSOKA,SŁOWO_KLUCZOWE,"smażenie,pieczenie",,,LINIOWY,słowo_kluczowe: tłuszcz; kategoria Tłuszcze i oleje,
Margaryna miękka do smarowania,Tłuszcze i oleje,540,0.2,60.0,0.5,0.0,tłuszcz,NISKA,KATEGORIA,"smażenie,pieczenie",,,LINIOWY,kategoria: tłuszcz,
Smalec,Tłuszcze i oleje,890,0.0,99.0,0.0,0.0,tłuszcz,ŚREDNIA,SŁOWO_KLUCZOWE,"smażenie,pieczenie",,,LINIOWY,słowo_kluczowe: tłuszcz; kategoria Tłuszcze i oleje,
Majonez,Tłuszcze i oleje,680,1.0,75.0,2.5,0.0,sos,ŚREDNIA,SŁOWO_KLUCZOWE,na_zimno,jaja,egg,STAŁY,słowo_kluczowe: sos; kategoria Tłuszcze i oleje,
Oliwki zielone w zalewie,Tłuszcze i oleje,145,1.0,15.0,3.8,3.3,tłuszcz,ŚREDNIA,SŁOWO_KLUCZOWE,"smażenie,pieczenie",,,LINIOWY,słowo_kluczowe: tłuszcz; kategoria Tłuszcze i oleje,
Oliwki czarne w zalewie,Tłuszcze i oleje,115,0.8,11.0,6.0,3.0,tłuszcz,ŚREDNIA,SŁOWO_KLUCZOWE,"smażenie,pieczenie",,,LINIOWY,słowo_kluczowe: tłuszcz; kategoria Tłuszcze i oleje,
Czekolada gorzka 70%,Przekąski i słodycze,546,8.0,38.0,46.0,11.0,słodycze,ŚREDNIA,SŁOWO_KLUCZOWE,na_zimno,,,DYSKRETNY,słowo_kluczowe: słodycze; kategoria Przekąski i słodycze; kategoria z góry na NIE,NIE
Czekolada mleczna,Przekąski i słodycze,535,7.7,30.0,59.0,3.0,słodycze,ŚREDNIA,SŁOWO_KLUCZOWE,na_zimno,,,DYSKRETNY,słowo_kluczowe: słodycze; kategoria Przekąski i słodycze; kategoria z góry na NIE,NIE
Czekolada biała,Przekąski i słodycze,539,5.9,32.0,59.0,0.2,słodycze,ŚREDNIA,SŁOWO_KLUCZOWE,na_zimno,,,DYSKRETNY,słowo_kluczowe: słodycze; kategoria Przekąski i słodycze; kategoria z góry na NIE,NIE
Baton czekoladowy z nadzieniem,Przekąski i słodycze,480,5.0,22.0,64.0,1.5,słodycze,ŚREDNIA,SŁOWO_KLUCZOWE,na_zimno,,,DYSKRETNY,słowo_kluczowe: słodycze; kategoria Przekąski i słodycze; kategoria z góry na NIE,NIE
Baton zbożowy z bakaliami,Przekąski i słodycze,400,6.0,13.0,62.0,5.0,,NISKA,KATEGORIA,,,,,kategoria: —; kategoria z góry na NIE,NIE
Baton proteinowy,Przekąski i słodycze,350,30.0,10.0,33.0,6.0,białko_proszek,ŚREDNIA,SŁOWO_KLUCZOWE,na_zimno,,,LINIOWY,słowo_kluczowe: białko_proszek; kategoria Przekąski i słodycze; kategoria z góry na NIE,NIE
Chipsy ziemniaczane,Przekąski i słodycze,536,6.6,35.0,50.0,4.4,,NISKA,KATEGORIA,,,,,kategoria: —; kategoria z góry na NIE,NIE
Paluszki słone,Przekąski i słodycze,390,11.0,4.0,76.0,3.0,,NISKA,KATEGORIA,,,,,kategoria: —; kategoria z góry na NIE,NIE
Popcorn bez dodatków,Przekąski i słodycze,387,13.0,5.0,78.0,15.0,,NISKA,KATEGORIA,,,,,kategoria: —; kategoria z góry na NIE,NIE
Krakersy,Przekąski i słodycze,460,9.0,16.0,70.0,3.0,,NISKA,KATEGORIA,,,,,kategoria: —; kategoria z góry na NIE,NIE
Herbatniki,Przekąski i słodycze,430,7.0,12.0,74.0,2.5,,NISKA,KATEGORIA,,,,,kategoria: —; kategoria z góry na NIE,NIE
Ciastka owsiane,Przekąski i słodycze,450,6.0,18.0,66.0,4.0,,NISKA,KATEGORIA,,gluten,gluten,,kategoria: —; kategoria z góry na NIE,NIE
Pączek z nadzieniem,Przekąski i słodycze,400,6.0,22.0,45.0,1.5,,NISKA,KATEGORIA,,,,,kategoria: —; kategoria z góry na NIE,NIE
Drożdżówka z serem,Przekąski i słodycze,330,7.0,12.0,48.0,1.5,,NISKA,KATEGORIA,,,,,kategoria: —; kategoria z góry na NIE,NIE
Sernik,Przekąski i słodycze,320,8.0,18.0,32.0,0.5,,NISKA,KATEGORIA,,,,,kategoria: —; kategoria z góry na NIE,NIE
Szarlotka,Przekąski i słodycze,240,2.5,9.0,38.0,1.8,,NISKA,KATEGORIA,,,,,kategoria: —; kategoria z góry na NIE,NIE
Lody śmietankowe,Przekąski i słodycze,207,3.5,11.0,24.0,0.7,dodatek_tłuszczowy,ŚREDNIA,SŁOWO_KLUCZOWE,"gotowanie,na_zimno",mleko,"dairy,lactose",TŁUMIONY,słowo_kluczowe: dodatek_tłuszczowy; kategoria Przekąski i słodycze; kategoria z góry na NIE,NIE
Sorbet owocowy,Przekąski i słodycze,130,0.4,0.2,32.0,0.8,,NISKA,KATEGORIA,,,,,kategoria: —; kategoria z góry na NIE,NIE
Żelki owocowe,Przekąski i słodycze,340,6.0,0.2,78.0,0.0,,NISKA,KATEGORIA,,,,,kategoria: —; kategoria z góry na NIE,NIE
Miód pszczeli,Przekąski i słodycze,304,0.3,0.0,82.0,0.0,słodzik,WYSOKA,SŁOWO_KLUCZOWE,na_zimno,,,TŁUMIONY,słowo_kluczowe: słodzik; kategoria Przekąski i słodycze; kategoria z góry na NIE,NIE
Dżem niskosłodzony,Przekąski i słodycze,190,0.4,0.1,46.0,1.0,słodzik,WYSOKA,SŁOWO_KLUCZOWE,na_zimno,,,TŁUMIONY,słowo_kluczowe: słodzik; kategoria Przekąski i słodycze; kategoria z góry na NIE,NIE
Krem czekoladowo-orzechowy,Przekąski i słodycze,539,6.0,31.0,57.0,3.4,orzechy,ŚREDNIA,SŁOWO_KLUCZOWE,na_zimno,orzechy,,LINIOWY,słowo_kluczowe: orzechy; kategoria Przekąski i słodycze; kategoria z góry na NIE,NIE
Chałwa sezamowa,Przekąski i słodycze,520,12.0,30.0,50.0,4.0,nasiona,ŚREDNIA,SŁOWO_KLUCZOWE,na_zimno,sezam,,LINIOWY,słowo_kluczowe: nasiona; kategoria Przekąski i słodycze; kategoria z góry na NIE,NIE
Woda mineralna,Napoje,0,0.0,0.0,0.0,0.0,,NISKA,KATEGORIA,,,,,kategoria: —; kategoria z góry na NIE,NIE
"Kawa czarna, bez dodatków",Napoje,2,0.2,0.0,0.0,0.0,,NISKA,KATEGORIA,,,,,kategoria: —; kategoria z góry na NIE,NIE
Kawa z mlekiem 2%,Napoje,25,1.5,0.9,2.2,0.0,,NISKA,KATEGORIA,,,,,kategoria: —; kategoria z góry na NIE,NIE
"Herbata czarna, bez cukru",Napoje,1,0.0,0.0,0.2,0.0,,NISKA,KATEGORIA,,,,,kategoria: —; kategoria z góry na NIE,NIE
"Herbata zielona, bez cukru",Napoje,1,0.0,0.0,0.0,0.0,,NISKA,KATEGORIA,,,,,kategoria: —; kategoria z góry na NIE,NIE
Sok pomarańczowy 100%,Napoje,45,0.7,0.2,10.0,0.2,owoce,ŚREDNIA,SŁOWO_KLUCZOWE,na_zimno,,,DYSKRETNY,słowo_kluczowe: owoce; kategoria Napoje; kategoria z góry na NIE,NIE
Sok jabłkowy 100%,Napoje,46,0.1,0.1,11.0,0.2,owoce,ŚREDNIA,SŁOWO_KLUCZOWE,na_zimno,,,DYSKRETNY,słowo_kluczowe: owoce; kategoria Napoje; kategoria z góry na NIE,NIE
Nektar owocowy,Napoje,54,0.2,0.1,13.0,0.3,,NISKA,KATEGORIA,,,,,kategoria: —; kategoria z góry na NIE,NIE
Napój gazowany typu cola,Napoje,42,0.0,0.0,10.6,0.0,,NISKA,KATEGORIA,,,,,kategoria: —; kategoria z góry na NIE,NIE
"Napój gazowany typu cola, bez cukru",Napoje,0.3,0.0,0.0,0.0,0.0,,NISKA,KATEGORIA,,,,,kategoria: —; kategoria z góry na NIE,NIE
Napój izotoniczny,Napoje,25,0.0,0.0,6.0,0.0,,NISKA,KATEGORIA,,,,,kategoria: —; kategoria z góry na NIE,NIE
Napój energetyczny,Napoje,45,0.0,0.0,11.0,0.0,,NISKA,KATEGORIA,,,,,kategoria: —; kategoria z góry na NIE,NIE
Piwo jasne 5%,Napoje,43,0.5,0.0,3.6,0.0,,NISKA,KATEGORIA,,,,,kategoria: —; kategoria z góry na NIE,NIE
Wino czerwone wytrawne,Napoje,85,0.1,0.0,2.6,0.0,,NISKA,KATEGORIA,,,,,kategoria: —; kategoria z góry na NIE,NIE
Wino białe wytrawne,Napoje,82,0.1,0.0,2.6,0.0,,NISKA,KATEGORIA,,,,,kategoria: —; kategoria z góry na NIE,NIE
Wódka 40%,Napoje,231,0.0,0.0,0.0,0.0,,NISKA,KATEGORIA,,,,,kategoria: —; kategoria z góry na NIE,NIE
Koktajl owocowy (smoothie),Napoje,70,2.0,1.0,13.0,1.2,,NISKA,KATEGORIA,,,,,kategoria: —; kategoria z góry na NIE,NIE
Kakao na mleku 2% z cukrem,Napoje,85,3.4,2.4,12.0,0.6,,NISKA,KATEGORIA,,,,,kategoria: —; kategoria z góry na NIE,NIE
Lemoniada domowa,Napoje,35,0.0,0.0,9.0,0.0,,NISKA,KATEGORIA,,,,,kategoria: —; kategoria z góry na NIE,NIE
Napój owsiany barista,Napoje,60,1.0,3.0,6.5,0.8,mleko,WYSOKA,SŁOWO_KLUCZOWE,"gotowanie,na_zimno","mleko,gluten","dairy,gluten",LINIOWY,słowo_kluczowe: mleko; kategoria Napoje,
Odżywka białkowa WPC (proszek),Odżywki i suplementy,380,75.0,6.0,8.0,0.0,białko_proszek,WYSOKA,SŁOWO_KLUCZOWE,na_zimno,,,LINIOWY,słowo_kluczowe: białko_proszek; kategoria Odżywki i suplementy,
Odżywka białkowa izolat WPI (proszek),Odżywki i suplementy,370,86.0,1.0,3.0,0.0,białko_proszek,WYSOKA,SŁOWO_KLUCZOWE,na_zimno,,,LINIOWY,słowo_kluczowe: białko_proszek; kategoria Odżywki i suplementy,
Odżywka białkowa kazeinowa (proszek),Odżywki i suplementy,360,78.0,3.0,6.0,0.0,białko_proszek,WYSOKA,SŁOWO_KLUCZOWE,na_zimno,,,LINIOWY,słowo_kluczowe: białko_proszek; kategoria Odżywki i suplementy,
Gainer węglowodanowo-białkowy,Odżywki i suplementy,380,20.0,4.0,68.0,2.0,,NISKA,KATEGORIA,,,,,kategoria: —; kategoria z góry na NIE,NIE
Napój białkowy gotowy,Odżywki i suplementy,40,8.0,0.8,1.5,0.0,,NISKA,KATEGORIA,,,,,kategoria: —; kategoria z góry na NIE,NIE
Kreatyna monohydrat (proszek),Odżywki i suplementy,0,0.0,0.0,0.0,0.0,,NISKA,KATEGORIA,,,,,kategoria: —; kategoria z góry na NIE,NIE
Maltodekstryna,Odżywki i suplementy,380,0.0,0.0,95.0,0.0,,NISKA,KATEGORIA,,,,,kategoria: —; kategoria z góry na NIE,NIE
Odżywka węglowodanowa (proszek),Odżywki i suplementy,380,0.0,0.0,95.0,0.0,białko_proszek,WYSOKA,SŁOWO_KLUCZOWE,na_zimno,,,LINIOWY,słowo_kluczowe: białko_proszek; kategoria Odżywki i suplementy,
BCAA (proszek),Odżywki i suplementy,390,97.0,0.0,0.0,0.0,,NISKA,KATEGORIA,,,,,kategoria: —; kategoria z góry na NIE,NIE
Kolagen w proszku,Odżywki i suplementy,360,90.0,0.0,0.0,0.0,,NISKA,KATEGORIA,,,,,kategoria: —; kategoria z góry na NIE,NIE
Błonnik z babki jajowatej,Odżywki i suplementy,200,2.0,1.0,8.0,80.0,,NISKA,KATEGORIA,,,,,kategoria: —; kategoria z góry na NIE,NIE
Płatki drożdżowe nieaktywne,Odżywki i suplementy,350,45.0,5.0,20.0,25.0,płatki,WYSOKA,SŁOWO_KLUCZOWE,"gotowanie,na_zimno",,,LINIOWY,słowo_kluczowe: płatki; kategoria Odżywki i suplementy; kategoria z góry na NIE,NIE
Olej rybi w kapsułkach,Odżywki i suplementy,900,0.0,100.0,0.0,0.0,tłuszcz,WYSOKA,SŁOWO_KLUCZOWE,"smażenie,pieczenie",ryby,fish,LINIOWY,słowo_kluczowe: tłuszcz; kategoria Odżywki i suplementy; kategoria z góry na NIE,NIE
Multiwitamina w tabletce,Odżywki i suplementy,0,0.0,0.0,0.0,0.0,,NISKA,KATEGORIA,,,,,kategoria: —; kategoria z góry na NIE,NIE
Pizza margherita,Dania gotowe i fast food,260,11.0,9.0,34.0,2.2,,NISKA,KATEGORIA,,,,,kategoria: —; kategoria z góry na NIE,NIE
Pizza z pepperoni,Dania gotowe i fast food,290,12.0,13.0,32.0,2.0,,NISKA,KATEGORIA,,,,,kategoria: —; kategoria z góry na NIE,NIE
Hamburger klasyczny,Dania gotowe i fast food,250,13.0,12.0,22.0,1.5,,NISKA,KATEGORIA,,,,,kategoria: —; kategoria z góry na NIE,NIE
Cheeseburger,Dania gotowe i fast food,270,14.0,14.0,23.0,1.5,,NISKA,KATEGORIA,,,,,kategoria: —; kategoria z góry na NIE,NIE
Frytki smażone,Dania gotowe i fast food,312,3.4,15.0,41.0,3.8,,NISKA,KATEGORIA,,,,,kategoria: —; wartości po obróbce termicznej (katalog diet liczy na surowo); kategoria z góry na NIE,NIE
Frytki pieczone w piekarniku,Dania gotowe i fast food,190,3.0,6.0,30.0,3.0,,NISKA,KATEGORIA,,,,,kategoria: —; wartości po obróbce termicznej (katalog diet liczy na surowo); kategoria z góry na NIE,NIE
Nuggetsy z kurczaka,Dania gotowe i fast food,290,15.0,18.0,17.0,1.0,,NISKA,KATEGORIA,,,,,kategoria: —; kategoria z góry na NIE,NIE
"Kebab w bułce, mieszany",Dania gotowe i fast food,215,12.0,11.0,17.0,1.5,,NISKA,KATEGORIA,,,,,kategoria: —; kategoria z góry na NIE,NIE
Zapiekanka z pieczarkami,Dania gotowe i fast food,240,8.0,9.0,32.0,2.0,warzywa_gotowane,ŚREDNIA,SŁOWO_KLUCZOWE,"gotowanie,pieczenie",,,TŁUMIONY,słowo_kluczowe: warzywa_gotowane; kategoria Dania gotowe i fast food; kategoria z góry na NIE,NIE
"Pierogi ruskie, gotowane",Dania gotowe i fast food,210,6.0,6.0,33.0,1.8,,NISKA,KATEGORIA,,gluten,gluten,,kategoria: —; kategoria z góry na NIE,NIE
"Pierogi z mięsem, gotowane",Dania gotowe i fast food,230,9.0,8.0,31.0,1.5,,NISKA,KATEGORIA,,gluten,gluten,,kategoria: —; kategoria z góry na NIE,NIE
Naleśniki z serem,Dania gotowe i fast food,220,8.0,8.0,29.0,1.2,,NISKA,KATEGORIA,,gluten,gluten,,kategoria: —; kategoria z góry na NIE,NIE
Gołąbki z mięsem i ryżem,Dania gotowe i fast food,130,7.0,6.0,12.0,1.5,kasza_ryż,ŚREDNIA,SŁOWO_KLUCZOWE,gotowanie,,,LINIOWY,słowo_kluczowe: kasza_ryż; kategoria Dania gotowe i fast food; kategoria z góry na NIE,NIE
Bigos,Dania gotowe i fast food,100,6.0,6.0,5.0,2.5,,NISKA,KATEGORIA,,,,,kategoria: —; kategoria z góry na NIE,NIE
Rosół z makaronem,Dania gotowe i fast food,45,3.0,1.5,5.0,0.3,makaron,ŚREDNIA,SŁOWO_KLUCZOWE,gotowanie,gluten,gluten,LINIOWY,słowo_kluczowe: makaron; kategoria Dania gotowe i fast food; kategoria z góry na NIE,NIE
Zupa pomidorowa z ryżem,Dania gotowe i fast food,60,1.8,2.0,9.0,0.8,warzywa_surowe,ŚREDNIA,SŁOWO_KLUCZOWE,na_zimno,,,TŁUMIONY,słowo_kluczowe: warzywa_surowe; kategoria Dania gotowe i fast food; kategoria z góry na NIE,NIE
Spaghetti bolognese,Dania gotowe i fast food,130,7.0,4.0,17.0,1.5,makaron,ŚREDNIA,SŁOWO_KLUCZOWE,gotowanie,gluten,gluten,LINIOWY,słowo_kluczowe: makaron; kategoria Dania gotowe i fast food; kategoria z góry na NIE,NIE
Sushi z łososiem,Dania gotowe i fast food,145,6.0,3.0,23.0,0.8,ryba_tłusta,ŚREDNIA,SŁOWO_KLUCZOWE,na_zimno,ryby,fish,LINIOWY,słowo_kluczowe: ryba_tłusta; kategoria Dania gotowe i fast food; kategoria z góry na NIE,NIE
Sałatka grecka,Dania gotowe i fast food,110,3.0,8.0,6.0,1.5,warzywa_liściaste,ŚREDNIA,SŁOWO_KLUCZOWE,na_zimno,,,TŁUMIONY,słowo_kluczowe: warzywa_liściaste; kategoria Dania gotowe i fast food; kategoria z góry na NIE,NIE
"Kotlet schabowy panierowany, smażony",Dania gotowe i fast food,290,19.0,18.0,13.0,0.8,białko_chude,NISKA,SŁOWO_KLUCZOWE,"smażenie,pieczenie",,,LINIOWY,słowo_kluczowe: białko_chude; kategoria Dania gotowe i fast food; wartości po obróbce termicznej (katalog diet liczy na surowo); kategoria z góry na NIE,NIE
Placki ziemniaczane,Dania gotowe i fast food,230,3.5,12.0,28.0,2.0,,NISKA,KATEGORIA,,,,,kategoria: —; kategoria z góry na NIE,NIE
Ryż z warzywami i kurczakiem,Dania gotowe i fast food,130,8.0,3.0,18.0,1.5,kasza_ryż,WYSOKA,SŁOWO_KLUCZOWE,gotowanie,,,LINIOWY,słowo_kluczowe: kasza_ryż; kategoria Dania gotowe i fast food; kategoria z góry na NIE,NIE
Sól kuchenna,Przyprawy i dodatki,0,0.0,0.0,0.0,0.0,przyprawa,WYSOKA,SŁOWO_KLUCZOWE,*,,,STAŁY,słowo_kluczowe: przyprawa; kategoria Przyprawy i dodatki,
Pieprz czarny mielony,Przyprawy i dodatki,251,10.0,3.3,64.0,25.0,białko_mielone,ŚREDNIA,SŁOWO_KLUCZOWE,"smażenie,pieczenie",,,LINIOWY,słowo_kluczowe: białko_mielone; kategoria Przyprawy i dodatki,
Curry w proszku,Przyprawy i dodatki,325,14.0,14.0,56.0,33.0,przyprawa,WYSOKA,SŁOWO_KLUCZOWE,*,,,STAŁY,słowo_kluczowe: przyprawa; kategoria Przyprawy i dodatki,
Cynamon mielony,Przyprawy i dodatki,247,4.0,1.2,81.0,53.0,białko_mielone,ŚREDNIA,SŁOWO_KLUCZOWE,"smażenie,pieczenie",,,LINIOWY,słowo_kluczowe: białko_mielone; kategoria Przyprawy i dodatki,
Kurkuma mielona,Przyprawy i dodatki,312,9.7,3.2,67.0,22.0,białko_mielone,ŚREDNIA,SŁOWO_KLUCZOWE,"smażenie,pieczenie",,,LINIOWY,słowo_kluczowe: białko_mielone; kategoria Przyprawy i dodatki,
Czosnek granulowany,Przyprawy i dodatki,330,17.0,0.7,73.0,9.0,warzywa_aromat,ŚREDNIA,SŁOWO_KLUCZOWE,"smażenie,gotowanie",,,TŁUMIONY,słowo_kluczowe: warzywa_aromat; kategoria Przyprawy i dodatki,
Zioła prowansalskie suszone,Przyprawy i dodatki,265,9.0,7.0,64.0,30.0,słodzik,ŚREDNIA,SŁOWO_KLUCZOWE,na_zimno,,,TŁUMIONY,słowo_kluczowe: słodzik; kategoria Przyprawy i dodatki,
Ocet balsamiczny,Przyprawy i dodatki,88,0.5,0.0,17.0,0.0,przyprawa,NISKA,KATEGORIA,*,,,STAŁY,kategoria: przyprawa,
Kostka rosołowa,Przyprawy i dodatki,250,10.0,15.0,20.0,1.0,płyn,ŚREDNIA,SŁOWO_KLUCZOWE,gotowanie,,,STAŁY,słowo_kluczowe: płyn; kategoria Przyprawy i dodatki,
Sos czosnkowy na jogurcie,Przyprawy i dodatki,130,3.0,10.0,5.0,0.3,sos,WYSOKA,SŁOWO_KLUCZOWE,na_zimno,,,STAŁY,słowo_kluczowe: sos; kategoria Przyprawy i dodatki,
Sos winegret,Przyprawy i dodatki,300,0.5,30.0,6.0,0.3,sos,WYSOKA,SŁOWO_KLUCZOWE,na_zimno,,,STAŁY,słowo_kluczowe: sos; kategoria Przyprawy i dodatki,
Ksylitol,Przyprawy i dodatki,240,0.0,0.0,100.0,0.0,przyprawa,NISKA,KATEGORIA,*,,,STAŁY,kategoria: przyprawa,
Erytrytol,Przyprawy i dodatki,20,0.0,0.0,100.0,0.0,przyprawa,NISKA,KATEGORIA,*,,,STAŁY,kategoria: przyprawa,
"Filet z kaczki bez skóry, surowy",Mięso i drób,135,19.7,5.9,0.0,0.0,białko_tłuste,ŚREDNIA,SŁOWO_KLUCZOWE,"pieczenie,duszenie",,meat,LINIOWY,słowo_kluczowe: białko_tłuste; kategoria Mięso i drób,
"Kaczka ze skórą, pieczona",Mięso i drób,337,19.0,28.0,0.0,0.0,białko_tłuste,NISKA,SŁOWO_KLUCZOWE,"pieczenie,duszenie",,meat,LINIOWY,słowo_kluczowe: białko_tłuste; kategoria Mięso i drób; wartości po obróbce termicznej (katalog diet liczy na surowo),
"Gęś ze skórą, pieczona",Mięso i drób,305,25.0,22.0,0.0,0.0,białko_tłuste,NISKA,SŁOWO_KLUCZOWE,"pieczenie,duszenie",,meat,LINIOWY,słowo_kluczowe: białko_tłuste; kategoria Mięso i drób; wartości po obróbce termicznej (katalog diet liczy na surowo),
"Filet z gęsi bez skóry, surowy",Mięso i drób,161,22.8,7.1,0.0,0.0,białko_tłuste,ŚREDNIA,SŁOWO_KLUCZOWE,"pieczenie,duszenie",,meat,LINIOWY,słowo_kluczowe: białko_tłuste; kategoria Mięso i drób,
"Królik, comber, surowy",Mięso i drób,136,20.0,5.5,0.0,0.0,białko_chude,NISKA,KATEGORIA,"smażenie,pieczenie",,meat,LINIOWY,kategoria: białko_chude,
"Jagnięcina, comber, surowy",Mięso i drób,225,18.0,16.5,0.0,0.0,białko_chude,NISKA,KATEGORIA,"smażenie,pieczenie",,meat,LINIOWY,kategoria: białko_chude,
"Dziczyzna, jeleń, surowa",Mięso i drób,120,22.0,2.4,0.0,0.0,białko_chude,NISKA,KATEGORIA,"smażenie,pieczenie",,meat,LINIOWY,kategoria: białko_chude,
"Dziczyzna, dzik, surowa",Mięso i drób,122,21.5,3.3,0.0,0.0,białko_chude,NISKA,KATEGORIA,"smażenie,pieczenie",,meat,LINIOWY,kategoria: białko_chude,
"Konina, surowa",Mięso i drób,133,21.4,4.6,0.0,0.0,białko_chude,NISKA,KATEGORIA,"smażenie,pieczenie",,meat,LINIOWY,kategoria: białko_chude,
"Golonka wieprzowa, gotowana",Mięso i drób,294,21.0,23.0,0.0,0.0,białko_tłuste,ŚREDNIA,SŁOWO_KLUCZOWE,"pieczenie,duszenie",,meat,LINIOWY,słowo_kluczowe: białko_tłuste; kategoria Mięso i drób,
Boczek surowy bez skóry,Mięso i drób,393,12.0,38.0,0.0,0.0,białko_tłuste,ŚREDNIA,SŁOWO_KLUCZOWE,"pieczenie,duszenie",,meat,LINIOWY,słowo_kluczowe: białko_tłuste; kategoria Mięso i drób,
"Boczek wędzony, plaster",Mięso i drób,417,14.0,40.0,0.5,0.0,wędlina,NISKA,SŁOWO_KLUCZOWE,na_zimno,,meat,TŁUMIONY,słowo_kluczowe: wędlina; kategoria Mięso i drób; wartości po obróbce termicznej (katalog diet liczy na surowo),
"Żeberka wieprzowe w sosie, pieczone",Mięso i drób,297,18.0,24.0,1.5,0.0,białko_tłuste,NISKA,SŁOWO_KLUCZOWE,"pieczenie,duszenie",,meat,LINIOWY,słowo_kluczowe: białko_tłuste; kategoria Mięso i drób; wartości po obróbce termicznej (katalog diet liczy na surowo),
"Łopatka wieprzowa, surowa",Mięso i drób,186,18.0,12.5,0.0,0.0,białko_chude,NISKA,KATEGORIA,"smażenie,pieczenie",,meat,LINIOWY,kategoria: białko_chude,
Szynka wieprzowa surowa (mięso),Mięso i drób,126,20.5,4.5,0.0,0.0,wędlina,WYSOKA,SŁOWO_KLUCZOWE,na_zimno,,meat,TŁUMIONY,słowo_kluczowe: wędlina; kategoria Mięso i drób,
"Polędwica wołowa, surowa",Mięso i drób,129,21.0,4.5,0.0,0.0,białko_chude,ŚREDNIA,SŁOWO_KLUCZOWE,"smażenie,pieczenie",,meat,LINIOWY,słowo_kluczowe: białko_chude; kategoria Mięso i drób,
"Łata wołowa, surowa",Mięso i drób,218,18.5,15.5,0.0,0.0,białko_chude,NISKA,KATEGORIA,"smażenie,pieczenie",,meat,LINIOWY,kategoria: białko_chude,
"Pręga wołowa, surowa",Mięso i drób,145,21.5,6.0,0.0,0.0,białko_chude,NISKA,KATEGORIA,"smażenie,pieczenie",,meat,LINIOWY,kategoria: białko_chude,
"Gulaszowe wołowe, surowe",Mięso i drób,152,20.5,7.5,0.0,0.0,białko_chude,NISKA,KATEGORIA,"smażenie,pieczenie",,meat,LINIOWY,kategoria: białko_chude,
"Ozór wołowy, gotowany",Mięso i drób,284,19.0,22.0,0.5,0.0,białko_chude,NISKA,KATEGORIA,"smażenie,pieczenie",,meat,LINIOWY,kategoria: białko_chude,
"Wątroba wołowa, surowa",Mięso i drób,135,20.0,3.9,3.9,0.0,białko_chude,ŚREDNIA,SŁOWO_KLUCZOWE,"smażenie,pieczenie",,meat,LINIOWY,słowo_kluczowe: białko_chude; kategoria Mięso i drób,
"Wątroba wieprzowa, surowa",Mięso i drób,134,21.4,3.7,2.5,0.0,białko_chude,ŚREDNIA,SŁOWO_KLUCZOWE,"smażenie,pieczenie",,meat,LINIOWY,słowo_kluczowe: białko_chude; kategoria Mięso i drób,
"Żołądki drobiowe, gotowane",Mięso i drób,154,27.0,4.5,0.0,0.0,białko_chude,NISKA,KATEGORIA,"smażenie,pieczenie",,meat,LINIOWY,kategoria: białko_chude,
"Kurczak, cały ze skórą, pieczony",Mięso i drób,239,27.0,14.0,0.0,0.0,białko_tłuste,NISKA,SŁOWO_KLUCZOWE,"pieczenie,duszenie",,meat,LINIOWY,słowo_kluczowe: białko_tłuste; kategoria Mięso i drób; wartości po obróbce termicznej (katalog diet liczy na surowo),
"Kurczak, podudzie bez skóry, surowe",Mięso i drób,116,19.5,4.0,0.0,0.0,białko_tłuste,ŚREDNIA,SŁOWO_KLUCZOWE,"pieczenie,duszenie",,meat,LINIOWY,słowo_kluczowe: białko_tłuste; kategoria Mięso i drób,
"Indyk, mięso z uda, surowe",Mięso i drób,118,19.5,4.4,0.0,0.0,białko_chude,NISKA,KATEGORIA,"smażenie,pieczenie",,meat,LINIOWY,kategoria: białko_chude,
"Indyk, skrzydło, surowe",Mięso i drób,191,20.0,12.0,0.0,0.0,białko_tłuste,ŚREDNIA,SŁOWO_KLUCZOWE,"pieczenie,duszenie",,meat,LINIOWY,słowo_kluczowe: białko_tłuste; kategoria Mięso i drób,
"Perliczka, surowa",Mięso i drób,158,23.0,7.0,0.0,0.0,białko_chude,NISKA,KATEGORIA,"smażenie,pieczenie",,meat,LINIOWY,kategoria: białko_chude,
"Przepiórka, surowa",Mięso i drób,192,20.0,12.0,0.0,0.0,białko_chude,NISKA,KATEGORIA,"smażenie,pieczenie",,meat,LINIOWY,kategoria: białko_chude,
"Szynka gotowana, wędlina",Mięso i drób,106,18.0,3.0,1.5,0.0,wędlina,WYSOKA,SŁOWO_KLUCZOWE,na_zimno,,meat,TŁUMIONY,słowo_kluczowe: wędlina; kategoria Mięso i drób,
"Szynka drobiowa, wędlina",Mięso i drób,98,17.5,2.5,1.5,0.0,wędlina,WYSOKA,SŁOWO_KLUCZOWE,na_zimno,,meat,TŁUMIONY,słowo_kluczowe: wędlina; kategoria Mięso i drób,
"Polędwica sopocka, wędlina",Mięso i drób,113,19.5,3.5,0.8,0.0,wędlina,ŚREDNIA,SŁOWO_KLUCZOWE,na_zimno,,meat,TŁUMIONY,słowo_kluczowe: wędlina; kategoria Mięso i drób,
"Schab pieczony, wędlina",Mięso i drób,134,22.0,4.8,0.5,0.0,wędlina,NISKA,SŁOWO_KLUCZOWE,na_zimno,,meat,TŁUMIONY,słowo_kluczowe: wędlina; kategoria Mięso i drób; wartości po obróbce termicznej (katalog diet liczy na surowo),
Kabanosy wieprzowe,Mięso i drób,389,24.0,32.0,1.0,0.0,wędlina,ŚREDNIA,SŁOWO_KLUCZOWE,na_zimno,,meat,TŁUMIONY,słowo_kluczowe: wędlina; kategoria Mięso i drób,
Kabanosy drobiowe,Mięso i drób,280,26.0,19.0,1.0,0.0,wędlina,ŚREDNIA,SŁOWO_KLUCZOWE,na_zimno,,meat,TŁUMIONY,słowo_kluczowe: wędlina; kategoria Mięso i drób,
Kiełbasa krakowska sucha,Mięso i drób,320,22.0,25.0,1.0,0.0,wędlina,ŚREDNIA,SŁOWO_KLUCZOWE,na_zimno,,meat,TŁUMIONY,słowo_kluczowe: wędlina; kategoria Mięso i drób,
"Kiełbasa biała, parzona",Mięso i drób,274,13.5,24.0,1.5,0.0,wędlina,ŚREDNIA,SŁOWO_KLUCZOWE,na_zimno,,meat,TŁUMIONY,słowo_kluczowe: wędlina; kategoria Mięso i drób,
Frankfurterki,Mięso i drób,291,12.0,26.5,2.0,0.0,białko_chude,NISKA,KATEGORIA,"smażenie,pieczenie",,meat,LINIOWY,kategoria: białko_chude,
Mortadela,Mięso i drób,271,11.5,24.5,2.5,0.0,białko_chude,NISKA,KATEGORIA,"smażenie,pieczenie",,meat,LINIOWY,kategoria: białko_chude,
Chorizo,Mięso i drób,455,24.0,38.0,2.0,0.0,białko_chude,NISKA,KATEGORIA,"smażenie,pieczenie",,meat,LINIOWY,kategoria: białko_chude,
Prosciutto / szynka dojrzewająca,Mięso i drób,250,26.0,16.0,0.5,0.0,wędlina,ŚREDNIA,SŁOWO_KLUCZOWE,na_zimno,,meat,TŁUMIONY,słowo_kluczowe: wędlina; kategoria Mięso i drób,
Pasztet pieczony wieprzowy,Mięso i drób,320,12.0,28.0,5.0,0.5,wędlina,NISKA,SŁOWO_KLUCZOWE,na_zimno,,meat,TŁUMIONY,słowo_kluczowe: wędlina; kategoria Mięso i drób; wartości po obróbce termicznej (katalog diet liczy na surowo),
Smalec ze skwarkami,Mięso i drób,800,3.0,87.0,0.5,0.0,tłuszcz,ŚREDNIA,SŁOWO_KLUCZOWE,"smażenie,pieczenie",,meat,LINIOWY,słowo_kluczowe: tłuszcz; kategoria Mięso i drób,
Kaszanka,Mięso i drób,259,10.5,20.0,9.5,1.0,kasza_ryż,ŚREDNIA,SŁOWO_KLUCZOWE,gotowanie,,meat,LINIOWY,słowo_kluczowe: kasza_ryż; kategoria Mięso i drób,
Salceson,Mięso i drób,247,15.0,20.0,1.0,0.0,białko_chude,NISKA,KATEGORIA,"smażenie,pieczenie",,meat,LINIOWY,kategoria: białko_chude,
Tatar wołowy (samo mięso),Mięso i drób,121,20.5,4.2,0.0,0.0,białko_chude,NISKA,KATEGORIA,"smażenie,pieczenie",,meat,LINIOWY,kategoria: białko_chude,
"Rolada z indyka, pieczona",Mięso i drób,152,21.0,6.5,1.5,0.0,białko_chude,NISKA,KATEGORIA,"smażenie,pieczenie",,meat,LINIOWY,kategoria: białko_chude; wartości po obróbce termicznej (katalog diet liczy na surowo),
"Klopsiki drobiowe, pieczone",Mięso i drób,178,17.5,9.5,5.0,0.5,białko_chude,NISKA,KATEGORIA,"smażenie,pieczenie",,meat,LINIOWY,kategoria: białko_chude; wartości po obróbce termicznej (katalog diet liczy na surowo),
"Kotlet mielony wieprzowy, smażony",Mięso i drób,335,16.0,27.0,8.0,0.5,białko_mielone,NISKA,SŁOWO_KLUCZOWE,"smażenie,pieczenie",,meat,LINIOWY,słowo_kluczowe: białko_mielone; kategoria Mięso i drób; wartości po obróbce termicznej (katalog diet liczy na surowo),
Gyros drobiowy (samo mięso),Mięso i drób,195,22.0,11.0,2.0,0.0,białko_chude,NISKA,KATEGORIA,"smażenie,pieczenie",,meat,LINIOWY,kategoria: białko_chude,
"Kurczak w przyprawie curry, duszony",Mięso i drób,168,21.5,8.0,3.0,0.5,przyprawa,NISKA,SŁOWO_KLUCZOWE,*,,meat,STAŁY,słowo_kluczowe: przyprawa; kategoria Mięso i drób; wartości po obróbce termicznej (katalog diet liczy na surowo),
Pulpety cielęce w sosie,Mięso i drób,156,14.5,8.5,6.0,0.5,białko_chude,NISKA,KATEGORIA,"smażenie,pieczenie",,meat,LINIOWY,kategoria: białko_chude,
Pierś z kurczaka wędzona,Mięso i drób,117,22.5,2.5,1.0,0.0,białko_chude,NISKA,SŁOWO_KLUCZOWE,"smażenie,pieczenie",,meat,LINIOWY,słowo_kluczowe: białko_chude; kategoria Mięso i drób; wartości po obróbce termicznej (katalog diet liczy na surowo),
Mięso mielone wieprzowo-wołowe,Mięso i drób,235,17.5,18.0,0.0,0.0,białko_mielone,WYSOKA,SŁOWO_KLUCZOWE,"smażenie,pieczenie",,meat,LINIOWY,słowo_kluczowe: białko_mielone; kategoria Mięso i drób,
"Dorsz atlantycki, surowy",Ryby i owoce morza,82,18.0,0.7,0.0,0.0,białko_chude,ŚREDNIA,SŁOWO_KLUCZOWE,"smażenie,pieczenie",ryby,fish,LINIOWY,słowo_kluczowe: białko_chude; kategoria Ryby i owoce morza,
"Dorsz, pieczony",Ryby i owoce morza,105,23.0,0.9,0.0,0.0,białko_chude,NISKA,SŁOWO_KLUCZOWE,"smażenie,pieczenie",ryby,fish,LINIOWY,słowo_kluczowe: białko_chude; kategoria Ryby i owoce morza; wartości po obróbce termicznej (katalog diet liczy na surowo),
"Czarniak, surowy",Ryby i owoce morza,92,19.9,1.0,0.0,0.0,ryba_chuda,NISKA,KATEGORIA,"pieczenie,smażenie",ryby,fish,LINIOWY,kategoria: ryba_chuda,
"Plamiak, surowy",Ryby i owoce morza,87,19.0,0.6,0.0,0.0,ryba_chuda,NISKA,KATEGORIA,"pieczenie,smażenie",ryby,fish,LINIOWY,kategoria: ryba_chuda,
"Flądra, surowa",Ryby i owoce morza,86,16.5,1.8,0.0,0.0,ryba_chuda,NISKA,KATEGORIA,"pieczenie,smażenie",ryby,fish,LINIOWY,kategoria: ryba_chuda,
"Sola, surowa",Ryby i owoce morza,88,17.5,1.5,0.0,0.0,białko_chude,ŚREDNIA,SŁOWO_KLUCZOWE,"smażenie,pieczenie",ryby,fish,LINIOWY,słowo_kluczowe: białko_chude; kategoria Ryby i owoce morza,
"Okoń, surowy",Ryby i owoce morza,96,19.5,1.6,0.0,0.0,ryba_chuda,NISKA,KATEGORIA,"pieczenie,smażenie",ryby,fish,LINIOWY,kategoria: ryba_chuda,
"Sandacz, pieczony",Ryby i owoce morza,106,22.5,1.3,0.0,0.0,białko_chude,NISKA,SŁOWO_KLUCZOWE,"smażenie,pieczenie",ryby,fish,LINIOWY,słowo_kluczowe: białko_chude; kategoria Ryby i owoce morza; wartości po obróbce termicznej (katalog diet liczy na surowo),
"Szczupak, surowy",Ryby i owoce morza,88,19.0,0.7,0.0,0.0,ryba_chuda,NISKA,KATEGORIA,"pieczenie,smażenie",ryby,fish,LINIOWY,kategoria: ryba_chuda,
"Karp, smażony",Ryby i owoce morza,190,19.0,11.5,3.0,0.2,ryba_chuda,NISKA,KATEGORIA,"pieczenie,smażenie","ryby,skorupiaki",fish,LINIOWY,kategoria: ryba_chuda; wartości po obróbce termicznej (katalog diet liczy na surowo),
"Amur, surowy",Ryby i owoce morza,110,18.5,3.5,0.0,0.0,ryba_chuda,NISKA,KATEGORIA,"pieczenie,smażenie",ryby,fish,LINIOWY,kategoria: ryba_chuda,
"Sum afrykański, surowy",Ryby i owoce morza,105,16.5,4.0,0.0,0.0,ryba_chuda,NISKA,KATEGORIA,"pieczenie,smażenie",ryby,fish,LINIOWY,kategoria: ryba_chuda,
"Pstrąg tęczowy, pieczony",Ryby i owoce morza,148,22.0,6.5,0.0,0.0,ryba_tłusta,NISKA,SŁOWO_KLUCZOWE,na_zimno,ryby,fish,LINIOWY,słowo_kluczowe: ryba_tłusta; kategoria Ryby i owoce morza; wartości po obróbce termicznej (katalog diet liczy na surowo),
Pstrąg wędzony,Ryby i owoce morza,152,23.5,6.5,0.0,0.0,ryba_tłusta,NISKA,SŁOWO_KLUCZOWE,na_zimno,ryby,fish,LINIOWY,słowo_kluczowe: ryba_tłusta; kategoria Ryby i owoce morza; wartości po obróbce termicznej (katalog diet liczy na surowo),
Łosoś wędzony na zimno,Ryby i owoce morza,178,22.5,9.5,0.0,0.0,ryba_tłusta,NISKA,SŁOWO_KLUCZOWE,na_zimno,ryby,fish,LINIOWY,słowo_kluczowe: ryba_tłusta; kategoria Ryby i owoce morza; wartości po obróbce termicznej (katalog diet liczy na surowo),
Łosoś gravlax,Ryby i owoce morza,190,21.0,11.0,1.5,0.0,ryba_tłusta,WYSOKA,SŁOWO_KLUCZOWE,na_zimno,ryby,fish,LINIOWY,słowo_kluczowe: ryba_tłusta; kategoria Ryby i owoce morza,
"Halibut, pieczony",Ryby i owoce morza,133,25.5,3.0,0.0,0.0,ryba_tłusta,NISKA,SŁOWO_KLUCZOWE,na_zimno,ryby,fish,LINIOWY,słowo_kluczowe: ryba_tłusta; kategoria Ryby i owoce morza; wartości po obróbce termicznej (katalog diet liczy na surowo),
"Miecznik, surowy",Ryby i owoce morza,144,19.7,6.7,0.0,0.0,ryba_chuda,NISKA,KATEGORIA,"pieczenie,smażenie",ryby,fish,LINIOWY,kategoria: ryba_chuda,
"Tuńczyk żółtopłetwy, surowy",Ryby i owoce morza,109,24.4,0.5,0.0,0.0,ryba_chuda,NISKA,KATEGORIA,"pieczenie,smażenie",ryby,fish,LINIOWY,kategoria: ryba_chuda,
"Tuńczyk, stek grillowany",Ryby i owoce morza,132,28.0,1.5,0.0,0.0,białko_chude,NISKA,SŁOWO_KLUCZOWE,"smażenie,pieczenie",ryby,fish,LINIOWY,słowo_kluczowe: białko_chude; kategoria Ryby i owoce morza; wartości po obróbce termicznej (katalog diet liczy na surowo),
Śledź w oleju (odsączony),Ryby i owoce morza,301,16.5,26.0,0.0,0.0,ryba_tłusta,WYSOKA,SŁOWO_KLUCZOWE,na_zimno,ryby,fish,LINIOWY,słowo_kluczowe: ryba_tłusta; kategoria Ryby i owoce morza,
Śledź w occie,Ryby i owoce morza,155,15.0,10.0,1.5,0.0,ryba_tłusta,WYSOKA,SŁOWO_KLUCZOWE,na_zimno,ryby,fish,LINIOWY,słowo_kluczowe: ryba_tłusta; kategoria Ryby i owoce morza,
"Sardynki świeże, surowe",Ryby i owoce morza,208,24.6,11.5,0.0,0.0,ryba_tłusta,WYSOKA,SŁOWO_KLUCZOWE,na_zimno,ryby,fish,LINIOWY,słowo_kluczowe: ryba_tłusta; kategoria Ryby i owoce morza,
Sardynki w pomidorach (konserwa),Ryby i owoce morza,162,17.0,9.5,2.5,0.3,ryba_tłusta,WYSOKA,SŁOWO_KLUCZOWE,na_zimno,ryby,fish,LINIOWY,słowo_kluczowe: ryba_tłusta; kategoria Ryby i owoce morza,
Szprot wędzony,Ryby i owoce morza,226,21.5,15.5,0.0,0.0,ryba_chuda,NISKA,KATEGORIA,"pieczenie,smażenie",ryby,fish,LINIOWY,kategoria: ryba_chuda; wartości po obróbce termicznej (katalog diet liczy na surowo),
Anchois w oleju (odsączone),Ryby i owoce morza,210,28.9,9.7,0.0,0.0,tłuszcz,ŚREDNIA,SŁOWO_KLUCZOWE,"smażenie,pieczenie",ryby,fish,LINIOWY,słowo_kluczowe: tłuszcz; kategoria Ryby i owoce morza,
Tuńczyk w oleju (odsączony),Ryby i owoce morza,186,26.5,9.0,0.0,0.0,ryba_tłusta,ŚREDNIA,SŁOWO_KLUCZOWE,na_zimno,ryby,fish,LINIOWY,słowo_kluczowe: ryba_tłusta; kategoria Ryby i owoce morza,
Łosoś z puszki w sosie własnym,Ryby i owoce morza,136,20.5,6.0,0.0,0.0,ryba_tłusta,WYSOKA,SŁOWO_KLUCZOWE,na_zimno,ryby,fish,LINIOWY,słowo_kluczowe: ryba_tłusta; kategoria Ryby i owoce morza,
Makrela w pomidorach (konserwa),Ryby i owoce morza,155,14.5,9.0,3.5,0.3,ryba_tłusta,WYSOKA,SŁOWO_KLUCZOWE,na_zimno,ryby,fish,LINIOWY,słowo_kluczowe: ryba_tłusta; kategoria Ryby i owoce morza,
Paprykarz szczeciński,Ryby i owoce morza,172,8.5,11.5,9.0,1.5,warzywa_surowe,ŚREDNIA,SŁOWO_KLUCZOWE,na_zimno,ryby,fish,TŁUMIONY,słowo_kluczowe: warzywa_surowe; kategoria Ryby i owoce morza,
"Krewetki tygrysie, surowe",Ryby i owoce morza,85,19.5,0.6,0.5,0.0,białko_chude,WYSOKA,SŁOWO_KLUCZOWE,"smażenie,pieczenie","ryby,skorupiaki",fish,LINIOWY,słowo_kluczowe: białko_chude; kategoria Ryby i owoce morza,
"Małże, gotowane",Ryby i owoce morza,172,23.8,4.5,7.4,0.0,ryba_chuda,NISKA,KATEGORIA,"pieczenie,smażenie","ryby,skorupiaki",fish,LINIOWY,kategoria: ryba_chuda,
Omułki w zalewie,Ryby i owoce morza,98,13.5,2.5,4.5,0.0,ryba_chuda,NISKA,KATEGORIA,"pieczenie,smażenie",ryby,fish,LINIOWY,kategoria: ryba_chuda,
"Kalmary panierowane, smażone",Ryby i owoce morza,265,13.0,14.5,22.0,0.8,ryba_chuda,NISKA,KATEGORIA,"pieczenie,smażenie","ryby,skorupiaki",fish,LINIOWY,kategoria: ryba_chuda; wartości po obróbce termicznej (katalog diet liczy na surowo),
"Przegrzebki, surowe",Ryby i owoce morza,88,16.8,0.8,2.4,0.0,ryba_chuda,NISKA,KATEGORIA,"pieczenie,smażenie",ryby,fish,LINIOWY,kategoria: ryba_chuda,
"Homar, gotowany",Ryby i owoce morza,89,19.0,0.9,0.0,0.0,ryba_chuda,NISKA,KATEGORIA,"pieczenie,smażenie","ryby,skorupiaki",fish,LINIOWY,kategoria: ryba_chuda,
"Krab, mięso gotowane",Ryby i owoce morza,97,19.4,1.5,0.0,0.0,ryba_chuda,NISKA,KATEGORIA,"pieczenie,smażenie","ryby,skorupiaki",fish,LINIOWY,kategoria: ryba_chuda,
Kawior / ikra łososia,Ryby i owoce morza,245,29.0,14.0,3.0,0.0,ryba_tłusta,ŚREDNIA,SŁOWO_KLUCZOWE,na_zimno,ryby,fish,LINIOWY,słowo_kluczowe: ryba_tłusta; kategoria Ryby i owoce morza,
"Dorada, surowa",Ryby i owoce morza,121,19.8,4.5,0.0,0.0,ryba_chuda,NISKA,KATEGORIA,"pieczenie,smażenie",ryby,fish,LINIOWY,kategoria: ryba_chuda,
"Labraks (okoń morski), surowy",Ryby i owoce morza,124,18.4,5.4,0.0,0.0,ryba_chuda,NISKA,KATEGORIA,"pieczenie,smażenie",ryby,fish,LINIOWY,kategoria: ryba_chuda,
"Morszczuk, pieczony",Ryby i owoce morza,112,23.0,2.0,0.0,0.0,białko_chude,NISKA,SŁOWO_KLUCZOWE,"smażenie,pieczenie",ryby,fish,LINIOWY,słowo_kluczowe: białko_chude; kategoria Ryby i owoce morza; wartości po obróbce termicznej (katalog diet liczy na surowo),
"Ryba w panierce (paluszki rybne), pieczone",Ryby i owoce morza,214,12.5,9.5,19.5,1.0,ryba_chuda,NISKA,KATEGORIA,"pieczenie,smażenie",ryby,fish,LINIOWY,kategoria: ryba_chuda; wartości po obróbce termicznej (katalog diet liczy na surowo),
Jajo kurze S,Jaja,140,12.5,9.7,0.7,0.0,jajka,ŚREDNIA,SŁOWO_KLUCZOWE,"smażenie,gotowanie,pieczenie",jaja,egg,DYSKRETNY,słowo_kluczowe: jajka; kategoria Jaja,
Jajo kurze L,Jaja,140,12.5,9.7,0.7,0.0,jajka,ŚREDNIA,SŁOWO_KLUCZOWE,"smażenie,gotowanie,pieczenie",jaja,egg,DYSKRETNY,słowo_kluczowe: jajka; kategoria Jaja,
Jajo kurze XL,Jaja,140,12.5,9.7,0.7,0.0,jajka,ŚREDNIA,SŁOWO_KLUCZOWE,"smażenie,gotowanie,pieczenie",jaja,egg,DYSKRETNY,słowo_kluczowe: jajka; kategoria Jaja,
Jajo gęsie,Jaja,185,13.9,13.3,1.4,0.0,białko_tłuste,ŚREDNIA,SŁOWO_KLUCZOWE,"pieczenie,duszenie",jaja,egg,LINIOWY,słowo_kluczowe: białko_tłuste; kategoria Jaja,
Jajo sadzone (na maśle),Jaja,196,13.5,15.0,0.8,0.0,jajka,ŚREDNIA,SŁOWO_KLUCZOWE,"smażenie,gotowanie,pieczenie",jaja,egg,DYSKRETNY,słowo_kluczowe: jajka; kategoria Jaja,
Jajecznica na maśle (2 jaja),Jaja,212,13.0,17.0,1.0,0.0,jajka,NISKA,KATEGORIA,"smażenie,gotowanie,pieczenie",jaja,egg,DYSKRETNY,kategoria: jajka,
Jaja w koszulce,Jaja,143,12.5,9.9,0.7,0.0,jajka,ŚREDNIA,SŁOWO_KLUCZOWE,"smażenie,gotowanie,pieczenie",jaja,egg,DYSKRETNY,słowo_kluczowe: jajka; kategoria Jaja,
Frittata warzywna,Jaja,154,10.0,10.5,4.5,1.0,jajka,NISKA,KATEGORIA,"smażenie,gotowanie,pieczenie",jaja,egg,DYSKRETNY,kategoria: jajka,
Pasta jajeczna z majonezem,Jaja,230,10.5,20.0,1.5,0.2,sos,ŚREDNIA,SŁOWO_KLUCZOWE,na_zimno,jaja,egg,STAŁY,słowo_kluczowe: sos; kategoria Jaja,
"Mleko 1,5%",Nabiał,47,3.0,1.5,4.9,0.0,mleko,WYSOKA,SŁOWO_KLUCZOWE,"gotowanie,na_zimno",mleko,"dairy,lactose",LINIOWY,słowo_kluczowe: mleko; kategoria Nabiał,
Mleko kozie,Nabiał,69,3.6,4.1,4.5,0.0,mleko,WYSOKA,SŁOWO_KLUCZOWE,"gotowanie,na_zimno",mleko,"dairy,lactose",LINIOWY,słowo_kluczowe: mleko; kategoria Nabiał,
Maślanka naturalna,Nabiał,37,3.4,0.5,4.7,0.0,nabiał_chudy,ŚREDNIA,SŁOWO_KLUCZOWE,na_zimno,mleko,"dairy,lactose",LINIOWY,słowo_kluczowe: nabiał_chudy; kategoria Nabiał,
"Kefir 1,5%",Nabiał,41,3.4,1.5,4.1,0.0,nabiał_chudy,WYSOKA,SŁOWO_KLUCZOWE,na_zimno,mleko,"dairy,lactose",LINIOWY,słowo_kluczowe: nabiał_chudy; kategoria Nabiał,
Zsiadłe mleko,Nabiał,55,3.2,2.8,4.2,0.0,nabiał_chudy,NISKA,KATEGORIA,na_zimno,mleko,"dairy,lactose",LINIOWY,kategoria: nabiał_chudy,
Jogurt typu islandzkiego (skyr) naturalny,Nabiał,63,11.0,0.2,4.0,0.0,nabiał_chudy,WYSOKA,SŁOWO_KLUCZOWE,na_zimno,mleko,"dairy,lactose",LINIOWY,słowo_kluczowe: nabiał_chudy; kategoria Nabiał,
Skyr pitny naturalny,Nabiał,57,10.0,0.2,4.0,0.0,nabiał_chudy,WYSOKA,SŁOWO_KLUCZOWE,na_zimno,mleko,"dairy,lactose",LINIOWY,słowo_kluczowe: nabiał_chudy; kategoria Nabiał,
Jogurt pitny naturalny,Nabiał,61,2.8,2.5,6.5,0.0,nabiał_chudy,WYSOKA,SŁOWO_KLUCZOWE,na_zimno,mleko,"dairy,lactose",LINIOWY,słowo_kluczowe: nabiał_chudy; kategoria Nabiał,
Jogurt owocowy (średnio),Nabiał,88,3.0,2.4,13.5,0.2,nabiał_chudy,WYSOKA,SŁOWO_KLUCZOWE,na_zimno,mleko,"dairy,lactose",LINIOWY,słowo_kluczowe: nabiał_chudy; kategoria Nabiał,
Jogurt wysokobiałkowy owocowy,Nabiał,74,9.5,0.3,8.0,0.2,nabiał_chudy,WYSOKA,SŁOWO_KLUCZOWE,na_zimno,mleko,"dairy,lactose",LINIOWY,słowo_kluczowe: nabiał_chudy; kategoria Nabiał,
Serek homogenizowany waniliowy,Nabiał,150,8.0,7.5,12.0,0.0,ser,ŚREDNIA,SŁOWO_KLUCZOWE,"pieczenie,na_zimno",mleko,"dairy,lactose",LINIOWY,słowo_kluczowe: ser; kategoria Nabiał,
Twaróg chudy mielony,Nabiał,99,19.8,0.5,3.5,0.0,białko_mielone,ŚREDNIA,SŁOWO_KLUCZOWE,"smażenie,pieczenie",mleko,"dairy,lactose",LINIOWY,słowo_kluczowe: białko_mielone; kategoria Nabiał,
Serek wiejski pełnotłusty,Nabiał,101,11.0,5.0,2.5,0.0,ser,ŚREDNIA,SŁOWO_KLUCZOWE,"pieczenie,na_zimno",mleko,"dairy,lactose",LINIOWY,słowo_kluczowe: ser; kategoria Nabiał,
Serek typu fromage naturalny,Nabiał,250,7.0,23.0,3.0,0.0,nabiał_tłusty,NISKA,KATEGORIA,na_zimno,mleko,"dairy,lactose",LINIOWY,kategoria: nabiał_tłusty,
Serek kanapkowy śmietankowy,Nabiał,235,6.5,22.0,3.0,0.0,dodatek_tłuszczowy,ŚREDNIA,SŁOWO_KLUCZOWE,"gotowanie,na_zimno",mleko,"dairy,lactose",TŁUMIONY,słowo_kluczowe: dodatek_tłuszczowy; kategoria Nabiał,
Serek kanapkowy light,Nabiał,155,8.5,12.0,4.0,0.0,nabiał_tłusty,NISKA,KATEGORIA,na_zimno,mleko,"dairy,lactose",LINIOWY,kategoria: nabiał_tłusty,
Ricotta,Nabiał,146,9.0,10.5,4.0,0.0,ser,ŚREDNIA,SŁOWO_KLUCZOWE,"pieczenie,na_zimno",mleko,"dairy,lactose",LINIOWY,słowo_kluczowe: ser; kategoria Nabiał,
Mascarpone,Nabiał,412,4.6,42.0,4.0,0.0,ser,ŚREDNIA,SŁOWO_KLUCZOWE,"pieczenie,na_zimno",mleko,"dairy,lactose",LINIOWY,słowo_kluczowe: ser; kategoria Nabiał,
Ser feta light,Nabiał,180,17.0,11.0,3.0,0.0,ser,WYSOKA,SŁOWO_KLUCZOWE,"pieczenie,na_zimno",mleko,"dairy,lactose",LINIOWY,słowo_kluczowe: ser; kategoria Nabiał,
Ser halloumi,Nabiał,321,22.0,25.0,2.2,0.0,ser,WYSOKA,SŁOWO_KLUCZOWE,"pieczenie,na_zimno",mleko,"dairy,lactose",LINIOWY,słowo_kluczowe: ser; kategoria Nabiał,
Ser kozi miękki (rolada),Nabiał,268,18.5,21.0,1.5,0.0,ser,WYSOKA,SŁOWO_KLUCZOWE,"pieczenie,na_zimno",mleko,"dairy,lactose",LINIOWY,słowo_kluczowe: ser; kategoria Nabiał,
Ser camembert,Nabiał,285,20.0,22.5,0.5,0.0,ser,WYSOKA,SŁOWO_KLUCZOWE,"pieczenie,na_zimno",mleko,"dairy,lactose",LINIOWY,słowo_kluczowe: ser; kategoria Nabiał,
Ser gorgonzola,Nabiał,330,19.0,28.0,1.0,0.0,nabiał_tłusty,NISKA,KATEGORIA,na_zimno,mleko,"dairy,lactose",LINIOWY,kategoria: nabiał_tłusty,
Ser parmezan,Nabiał,402,35.0,28.5,3.4,0.0,ser,WYSOKA,SŁOWO_KLUCZOWE,"pieczenie,na_zimno",mleko,"dairy,lactose",LINIOWY,słowo_kluczowe: ser; kategoria Nabiał,
Ser grana padano,Nabiał,398,33.0,29.0,3.0,0.0,nabiał_tłusty,NISKA,KATEGORIA,na_zimno,mleko,"dairy,lactose",LINIOWY,kategoria: nabiał_tłusty,
Ser cheddar,Nabiał,403,25.0,33.0,1.3,0.0,ser,WYSOKA,SŁOWO_KLUCZOWE,"pieczenie,na_zimno",mleko,"dairy,lactose",LINIOWY,słowo_kluczowe: ser; kategoria Nabiał,
Ser ementaler,Nabiał,380,28.5,29.0,0.5,0.0,nabiał_tłusty,NISKA,KATEGORIA,na_zimno,mleko,"dairy,lactose",LINIOWY,kategoria: nabiał_tłusty,
Ser maasdamer,Nabiał,356,27.0,27.5,0.1,0.0,nabiał_tłusty,NISKA,KATEGORIA,na_zimno,mleko,"dairy,lactose",LINIOWY,kategoria: nabiał_tłusty,
Ser tylżycki,Nabiał,340,24.5,26.5,0.5,0.0,nabiał_tłusty,NISKA,KATEGORIA,na_zimno,mleko,"dairy,lactose",LINIOWY,kategoria: nabiał_tłusty,
Ser wędzony rolada ustrzycka,Nabiał,331,23.0,26.0,1.0,0.0,nabiał_tłusty,NISKA,KATEGORIA,na_zimno,mleko,"dairy,lactose",LINIOWY,kategoria: nabiał_tłusty; wartości po obróbce termicznej (katalog diet liczy na surowo),
Oscypek,Nabiał,370,24.0,30.0,1.0,0.0,nabiał_tłusty,NISKA,KATEGORIA,na_zimno,mleko,"dairy,lactose",LINIOWY,kategoria: nabiał_tłusty,
Ser twarogowy wędzony,Nabiał,215,18.0,15.0,2.0,0.0,ser,NISKA,SŁOWO_KLUCZOWE,"pieczenie,na_zimno",mleko,"dairy,lactose",LINIOWY,słowo_kluczowe: ser; kategoria Nabiał; wartości po obróbce termicznej (katalog diet liczy na surowo),
Bryndza,Nabiał,250,15.5,20.0,2.0,0.0,nabiał_tłusty,NISKA,KATEGORIA,na_zimno,mleko,"dairy,lactose",LINIOWY,kategoria: nabiał_tłusty,
Ser topiony kremowy,Nabiał,265,10.0,24.0,3.0,0.0,nabiał_tłusty,NISKA,KATEGORIA,na_zimno,mleko,"dairy,lactose",LINIOWY,kategoria: nabiał_tłusty,
Ser topiony light,Nabiał,155,12.5,10.5,4.0,0.0,nabiał_tłusty,NISKA,KATEGORIA,na_zimno,mleko,"dairy,lactose",LINIOWY,kategoria: nabiał_tłusty,
Śmietanka 30%,Nabiał,287,2.2,30.0,3.0,0.0,dodatek_tłuszczowy,WYSOKA,SŁOWO_KLUCZOWE,"gotowanie,na_zimno",mleko,"dairy,lactose",TŁUMIONY,słowo_kluczowe: dodatek_tłuszczowy; kategoria Nabiał,
Śmietanka 36%,Nabiał,337,2.0,36.0,2.8,0.0,dodatek_tłuszczowy,WYSOKA,SŁOWO_KLUCZOWE,"gotowanie,na_zimno",mleko,"dairy,lactose",TŁUMIONY,słowo_kluczowe: dodatek_tłuszczowy; kategoria Nabiał,
Jogurt naturalny do smarowania (gęsty),Nabiał,115,6.0,8.5,3.5,0.0,nabiał_chudy,WYSOKA,SŁOWO_KLUCZOWE,na_zimno,mleko,"dairy,lactose",LINIOWY,słowo_kluczowe: nabiał_chudy; kategoria Nabiał,
Kwaśna śmietana 10%,Nabiał,115,2.8,10.0,4.0,0.0,dodatek_tłuszczowy,ŚREDNIA,SŁOWO_KLUCZOWE,"gotowanie,na_zimno",mleko,"dairy,lactose",TŁUMIONY,słowo_kluczowe: dodatek_tłuszczowy; kategoria Nabiał,
"Mleko zagęszczone niesłodzone 7,5%",Nabiał,131,6.5,7.5,9.5,0.0,mleko,WYSOKA,SŁOWO_KLUCZOWE,"gotowanie,na_zimno",mleko,"dairy,lactose",LINIOWY,słowo_kluczowe: mleko; kategoria Nabiał,
Mleko w proszku pełne,Nabiał,490,26.0,26.0,38.0,0.0,mleko,WYSOKA,SŁOWO_KLUCZOWE,"gotowanie,na_zimno",mleko,"dairy,lactose",LINIOWY,słowo_kluczowe: mleko; kategoria Nabiał,
Ser mozzarella light,Nabiał,224,24.0,13.5,1.5,0.0,ser,WYSOKA,SŁOWO_KLUCZOWE,"pieczenie,na_zimno",mleko,"dairy,lactose",LINIOWY,słowo_kluczowe: ser; kategoria Nabiał,
Burrata,Nabiał,262,13.0,22.0,2.5,0.0,nabiał_tłusty,NISKA,KATEGORIA,na_zimno,mleko,"dairy,lactose",LINIOWY,kategoria: nabiał_tłusty,
Ser wędzony gouda,Nabiał,356,25.0,27.5,1.5,0.0,ser,NISKA,SŁOWO_KLUCZOWE,"pieczenie,na_zimno",mleko,"dairy,lactose",LINIOWY,słowo_kluczowe: ser; kategoria Nabiał; wartości po obróbce termicznej (katalog diet liczy na surowo),
Twarożek ziarnisty wysokobiałkowy,Nabiał,87,13.5,2.5,2.5,0.0,nabiał_chudy,NISKA,KATEGORIA,na_zimno,mleko,"dairy,lactose",LINIOWY,kategoria: nabiał_chudy,
Jogurt typu greckiego 5%,Nabiał,93,4.5,5.0,4.7,0.0,nabiał_chudy,WYSOKA,SŁOWO_KLUCZOWE,na_zimno,mleko,"dairy,lactose",LINIOWY,słowo_kluczowe: nabiał_chudy; kategoria Nabiał,
Bułka pszenna kajzerka,Zboża i pieczywo,293,9.5,2.0,58.0,3.0,pieczywo,ŚREDNIA,SŁOWO_KLUCZOWE,na_zimno,gluten,gluten,DYSKRETNY,słowo_kluczowe: pieczywo; kategoria Zboża i pieczywo,
Bułka maślana,Zboża i pieczywo,330,8.5,8.0,55.0,2.5,pieczywo,ŚREDNIA,SŁOWO_KLUCZOWE,na_zimno,gluten,gluten,DYSKRETNY,słowo_kluczowe: pieczywo; kategoria Zboża i pieczywo,
Chałka,Zboża i pieczywo,322,8.0,6.5,57.0,2.5,pieczywo,NISKA,KATEGORIA,na_zimno,,,DYSKRETNY,kategoria: pieczywo,
Chleb baltonowski,Zboża i pieczywo,249,7.5,1.5,50.0,4.0,pieczywo,WYSOKA,SŁOWO_KLUCZOWE,na_zimno,gluten,gluten,DYSKRETNY,słowo_kluczowe: pieczywo; kategoria Zboża i pieczywo,
Chleb wiejski pszenno-żytni,Zboża i pieczywo,251,7.8,1.6,50.5,4.5,pieczywo,WYSOKA,SŁOWO_KLUCZOWE,na_zimno,gluten,gluten,DYSKRETNY,słowo_kluczowe: pieczywo; kategoria Zboża i pieczywo,
Chleb bezglutenowy jasny,Zboża i pieczywo,236,3.5,5.0,44.0,5.5,pieczywo,NISKA,SŁOWO_KLUCZOWE,na_zimno,,,DYSKRETNY,słowo_kluczowe: pieczywo; kategoria Zboża i pieczywo,
Chleb proteinowy,Zboża i pieczywo,245,22.0,10.0,12.5,12.0,białko_proszek,ŚREDNIA,SŁOWO_KLUCZOWE,na_zimno,gluten,gluten,LINIOWY,słowo_kluczowe: białko_proszek; kategoria Zboża i pieczywo,
Chleb tostowy pełnoziarnisty,Zboża i pieczywo,244,10.5,3.5,41.0,7.0,pieczywo,WYSOKA,SŁOWO_KLUCZOWE,na_zimno,gluten,gluten,DYSKRETNY,słowo_kluczowe: pieczywo; kategoria Zboża i pieczywo,
Pumpernikiel,Zboża i pieczywo,184,5.5,1.2,35.0,8.5,pieczywo,NISKA,KATEGORIA,na_zimno,,,DYSKRETNY,kategoria: pieczywo,
Obwarzanek krakowski,Zboża i pieczywo,314,9.5,3.0,61.0,3.0,pieczywo,NISKA,KATEGORIA,na_zimno,,,DYSKRETNY,kategoria: pieczywo,
Bajgiel,Zboża i pieczywo,277,10.5,1.5,55.0,2.5,pieczywo,NISKA,KATEGORIA,na_zimno,,,DYSKRETNY,kategoria: pieczywo,
Tortilla pełnoziarnista,Zboża i pieczywo,280,9.5,6.5,44.0,7.5,pieczywo,WYSOKA,SŁOWO_KLUCZOWE,na_zimno,gluten,gluten,DYSKRETNY,słowo_kluczowe: pieczywo; kategoria Zboża i pieczywo,
Pita,Zboża i pieczywo,266,9.0,1.2,54.0,2.5,pieczywo,ŚREDNIA,SŁOWO_KLUCZOWE,na_zimno,gluten,gluten,DYSKRETNY,słowo_kluczowe: pieczywo; kategoria Zboża i pieczywo,
Naan,Zboża i pieczywo,310,8.5,8.5,49.0,2.0,pieczywo,NISKA,KATEGORIA,na_zimno,,,DYSKRETNY,kategoria: pieczywo,
Lawasz cienki,Zboża i pieczywo,275,9.0,1.5,56.0,2.5,pieczywo,NISKA,KATEGORIA,na_zimno,,,DYSKRETNY,kategoria: pieczywo,
Wrap pełnoziarnisty duży,Zboża i pieczywo,285,9.5,7.0,45.0,7.0,pieczywo,NISKA,KATEGORIA,na_zimno,,,DYSKRETNY,kategoria: pieczywo,
Płatki orkiszowe,Zboża i pieczywo,349,13.5,2.5,66.0,8.5,płatki,WYSOKA,SŁOWO_KLUCZOWE,"gotowanie,na_zimno",gluten,gluten,LINIOWY,słowo_kluczowe: płatki; kategoria Zboża i pieczywo,
Płatki żytnie,Zboża i pieczywo,334,9.5,2.0,65.0,11.5,płatki,WYSOKA,SŁOWO_KLUCZOWE,"gotowanie,na_zimno",gluten,gluten,LINIOWY,słowo_kluczowe: płatki; kategoria Zboża i pieczywo,
Płatki jęczmienne,Zboża i pieczywo,348,9.8,2.1,69.0,9.5,płatki,WYSOKA,SŁOWO_KLUCZOWE,"gotowanie,na_zimno",gluten,gluten,LINIOWY,słowo_kluczowe: płatki; kategoria Zboża i pieczywo,
Płatki kukurydziane bez cukru,Zboża i pieczywo,372,7.5,1.0,82.0,3.0,płatki,NISKA,SŁOWO_KLUCZOWE,"gotowanie,na_zimno",,,LINIOWY,słowo_kluczowe: płatki; kategoria Zboża i pieczywo,
Musli owocowe (bez dodatku cukru),Zboża i pieczywo,355,9.0,6.0,65.5,8.0,płatki,ŚREDNIA,SŁOWO_KLUCZOWE,"gotowanie,na_zimno",gluten,gluten,LINIOWY,słowo_kluczowe: płatki; kategoria Zboża i pieczywo,
Granola orzechowa,Zboża i pieczywo,471,11.0,22.0,55.0,7.0,płatki,ŚREDNIA,SŁOWO_KLUCZOWE,"gotowanie,na_zimno","gluten,orzechy",gluten,LINIOWY,słowo_kluczowe: płatki; kategoria Zboża i pieczywo,
Zarodki pszenne,Zboża i pieczywo,360,26.5,9.7,42.0,13.0,pieczywo,NISKA,KATEGORIA,na_zimno,gluten,gluten,DYSKRETNY,kategoria: pieczywo,
Mąka żytnia typ 720,Zboża i pieczywo,323,8.5,1.5,65.5,8.5,mąka,WYSOKA,SŁOWO_KLUCZOWE,"pieczenie,smażenie",gluten,gluten,LINIOWY,słowo_kluczowe: mąka; kategoria Zboża i pieczywo,
Mąka orkiszowa pełnoziarnista,Zboża i pieczywo,337,14.5,2.5,60.0,9.0,mąka,WYSOKA,SŁOWO_KLUCZOWE,"pieczenie,smażenie",gluten,gluten,LINIOWY,słowo_kluczowe: mąka; kategoria Zboża i pieczywo,
Mąka kukurydziana,Zboża i pieczywo,363,6.9,3.9,74.5,7.3,mąka,NISKA,SŁOWO_KLUCZOWE,"pieczenie,smażenie",,,LINIOWY,słowo_kluczowe: mąka; kategoria Zboża i pieczywo,
Mąka migdałowa,Zboża i pieczywo,590,25.5,50.0,9.0,10.5,mąka,WYSOKA,SŁOWO_KLUCZOWE,"pieczenie,smażenie",orzechy,,LINIOWY,słowo_kluczowe: mąka; kategoria Zboża i pieczywo,
Mąka kokosowa,Zboża i pieczywo,400,18.5,12.0,22.0,39.0,mąka,NISKA,SŁOWO_KLUCZOWE,"pieczenie,smażenie",,,LINIOWY,słowo_kluczowe: mąka; kategoria Zboża i pieczywo,
Skrobia ziemniaczana,Zboża i pieczywo,343,0.1,0.1,84.0,0.6,pieczywo,NISKA,KATEGORIA,na_zimno,,,DYSKRETNY,kategoria: pieczywo,
Precel duży miękki,Zboża i pieczywo,338,9.0,3.0,68.0,2.5,pieczywo,NISKA,KATEGORIA,na_zimno,,,DYSKRETNY,kategoria: pieczywo,
Chrupki chlebowe pełnoziarniste,Zboża i pieczywo,380,12.0,4.5,70.0,12.0,pieczywo,ŚREDNIA,SŁOWO_KLUCZOWE,na_zimno,gluten,gluten,DYSKRETNY,słowo_kluczowe: pieczywo; kategoria Zboża i pieczywo,
Pieczywo chrupkie kukurydziane,Zboża i pieczywo,388,7.0,2.0,82.0,4.0,pieczywo,NISKA,SŁOWO_KLUCZOWE,na_zimno,,,DYSKRETNY,słowo_kluczowe: pieczywo; kategoria Zboża i pieczywo,
"Ryż basmati, suchy","Kasze, ryż i makarony",350,7.5,0.6,78.0,1.6,kasza_ryż,NISKA,SŁOWO_KLUCZOWE,gotowanie,,,LINIOWY,"słowo_kluczowe: kasza_ryż; kategoria Kasze, ryż i makarony",
"Ryż jaśminowy, suchy","Kasze, ryż i makarony",352,7.0,0.6,79.5,1.2,kasza_ryż,NISKA,SŁOWO_KLUCZOWE,gotowanie,,,LINIOWY,"słowo_kluczowe: kasza_ryż; kategoria Kasze, ryż i makarony",
"Ryż paraboliczny, suchy","Kasze, ryż i makarony",351,7.5,0.9,77.5,1.8,kasza_ryż,NISKA,SŁOWO_KLUCZOWE,gotowanie,,,LINIOWY,"słowo_kluczowe: kasza_ryż; kategoria Kasze, ryż i makarony",
"Ryż dziki, suchy","Kasze, ryż i makarony",357,14.7,1.1,74.9,6.2,kasza_ryż,NISKA,SŁOWO_KLUCZOWE,gotowanie,,,LINIOWY,"słowo_kluczowe: kasza_ryż; kategoria Kasze, ryż i makarony",
"Ryż czerwony, suchy","Kasze, ryż i makarony",356,7.9,2.4,74.0,3.5,kasza_ryż,NISKA,SŁOWO_KLUCZOWE,gotowanie,,,LINIOWY,"słowo_kluczowe: kasza_ryż; kategoria Kasze, ryż i makarony",
"Ryż czarny, suchy","Kasze, ryż i makarony",356,8.9,2.4,74.0,4.9,kasza_ryż,NISKA,SŁOWO_KLUCZOWE,gotowanie,,,LINIOWY,"słowo_kluczowe: kasza_ryż; kategoria Kasze, ryż i makarony",
"Ryż do sushi, suchy","Kasze, ryż i makarony",348,6.5,0.5,79.0,1.0,kasza_ryż,NISKA,SŁOWO_KLUCZOWE,gotowanie,,,LINIOWY,"słowo_kluczowe: kasza_ryż; kategoria Kasze, ryż i makarony",
"Kasza gryczana palona, sucha","Kasze, ryż i makarony",336,12.6,3.1,69.3,5.9,kasza_ryż,NISKA,SŁOWO_KLUCZOWE,gotowanie,,,LINIOWY,"słowo_kluczowe: kasza_ryż; kategoria Kasze, ryż i makarony",
"Kasza gryczana niepalona (biała), sucha","Kasze, ryż i makarony",343,13.2,3.4,71.5,10.0,kasza_ryż,NISKA,SŁOWO_KLUCZOWE,gotowanie,,,LINIOWY,"słowo_kluczowe: kasza_ryż; kategoria Kasze, ryż i makarony",
"Kasza pęczak, ugotowana","Kasze, ryż i makarony",124,3.5,0.7,26.0,3.5,kasza_ryż,NISKA,SŁOWO_KLUCZOWE,gotowanie,gluten,gluten,LINIOWY,"słowo_kluczowe: kasza_ryż; kategoria Kasze, ryż i makarony; wartości po obróbce termicznej (katalog diet liczy na surowo)",
"Kasza kuskus, sucha","Kasze, ryż i makarony",376,12.8,0.6,77.5,5.0,kasza_ryż,WYSOKA,SŁOWO_KLUCZOWE,gotowanie,gluten,gluten,LINIOWY,"słowo_kluczowe: kasza_ryż; kategoria Kasze, ryż i makarony",
"Kasza kuskus pełnoziarnista, sucha","Kasze, ryż i makarony",350,13.0,2.0,68.0,8.5,kasza_ryż,WYSOKA,SŁOWO_KLUCZOWE,gotowanie,gluten,gluten,LINIOWY,"słowo_kluczowe: kasza_ryż; kategoria Kasze, ryż i makarony",
"Komosa ryżowa, ugotowana","Kasze, ryż i makarony",120,4.4,1.9,21.3,2.8,kasza_ryż,NISKA,SŁOWO_KLUCZOWE,gotowanie,,,LINIOWY,"słowo_kluczowe: kasza_ryż; kategoria Kasze, ryż i makarony; wartości po obróbce termicznej (katalog diet liczy na surowo)",
"Amarantus, suchy","Kasze, ryż i makarony",371,13.6,7.0,65.3,6.7,kasza_ryż,NISKA,SŁOWO_KLUCZOWE,gotowanie,,,LINIOWY,"słowo_kluczowe: kasza_ryż; kategoria Kasze, ryż i makarony",
"Kasza owsiana, sucha","Kasze, ryż i makarony",366,11.9,7.0,69.3,10.0,kasza_ryż,WYSOKA,SŁOWO_KLUCZOWE,gotowanie,gluten,gluten,LINIOWY,"słowo_kluczowe: kasza_ryż; kategoria Kasze, ryż i makarony",
"Makaron penne, suchy","Kasze, ryż i makarony",353,12.0,1.5,71.5,3.0,makaron,WYSOKA,SŁOWO_KLUCZOWE,gotowanie,gluten,gluten,LINIOWY,"słowo_kluczowe: makaron; kategoria Kasze, ryż i makarony",
"Makaron penne, ugotowany","Kasze, ryż i makarony",131,5.0,0.9,26.0,1.4,makaron,NISKA,SŁOWO_KLUCZOWE,gotowanie,gluten,gluten,LINIOWY,"słowo_kluczowe: makaron; kategoria Kasze, ryż i makarony; wartości po obróbce termicznej (katalog diet liczy na surowo)",
"Makaron spaghetti, ugotowany","Kasze, ryż i makarony",130,5.0,0.9,25.5,1.4,makaron,NISKA,SŁOWO_KLUCZOWE,gotowanie,gluten,gluten,LINIOWY,"słowo_kluczowe: makaron; kategoria Kasze, ryż i makarony; wartości po obróbce termicznej (katalog diet liczy na surowo)",
"Makaron gryczany soba, suchy","Kasze, ryż i makarony",336,14.4,0.7,74.6,3.0,makaron,NISKA,SŁOWO_KLUCZOWE,gotowanie,,,LINIOWY,"słowo_kluczowe: makaron; kategoria Kasze, ryż i makarony",
"Makaron z soczewicy czerwonej, suchy","Kasze, ryż i makarony",339,25.0,2.0,52.0,6.5,makaron,WYSOKA,SŁOWO_KLUCZOWE,gotowanie,gluten,gluten,LINIOWY,"słowo_kluczowe: makaron; kategoria Kasze, ryż i makarony",
"Makaron z ciecierzycy, suchy","Kasze, ryż i makarony",350,21.0,5.5,51.0,11.0,makaron,WYSOKA,SŁOWO_KLUCZOWE,gotowanie,gluten,gluten,LINIOWY,"słowo_kluczowe: makaron; kategoria Kasze, ryż i makarony",
"Makaron jajeczny, suchy","Kasze, ryż i makarony",368,13.5,4.0,68.0,3.0,makaron,WYSOKA,SŁOWO_KLUCZOWE,gotowanie,gluten,gluten,LINIOWY,"słowo_kluczowe: makaron; kategoria Kasze, ryż i makarony",
"Makaron orkiszowy, suchy","Kasze, ryż i makarony",351,13.0,2.3,68.5,6.0,makaron,WYSOKA,SŁOWO_KLUCZOWE,gotowanie,gluten,gluten,LINIOWY,"słowo_kluczowe: makaron; kategoria Kasze, ryż i makarony",
"Makaron tagliatelle, suchy","Kasze, ryż i makarony",360,12.5,2.5,70.0,3.0,makaron,WYSOKA,SŁOWO_KLUCZOWE,gotowanie,gluten,gluten,LINIOWY,"słowo_kluczowe: makaron; kategoria Kasze, ryż i makarony",
"Makaron udon, ugotowany","Kasze, ryż i makarony",127,3.5,0.4,26.5,1.2,makaron,NISKA,SŁOWO_KLUCZOWE,gotowanie,gluten,gluten,LINIOWY,"słowo_kluczowe: makaron; kategoria Kasze, ryż i makarony; wartości po obróbce termicznej (katalog diet liczy na surowo)",
"Makaron chiński pszenny (noodle), suchy","Kasze, ryż i makarony",361,10.5,1.5,74.5,2.5,makaron,WYSOKA,SŁOWO_KLUCZOWE,gotowanie,gluten,gluten,LINIOWY,"słowo_kluczowe: makaron; kategoria Kasze, ryż i makarony",
"Kluski śląskie, gotowane","Kasze, ryż i makarony",154,3.0,0.5,34.5,1.5,kasza_ryż,NISKA,KATEGORIA,gotowanie,gluten,gluten,LINIOWY,kategoria: kasza_ryż,
"Kopytka, gotowane","Kasze, ryż i makarony",176,4.5,1.0,37.5,1.8,kasza_ryż,NISKA,KATEGORIA,gotowanie,,,LINIOWY,kategoria: kasza_ryż,
"Gnocchi ziemniaczane, gotowane","Kasze, ryż i makarony",156,4.0,0.6,33.5,1.8,kasza_ryż,NISKA,KATEGORIA,gotowanie,,,LINIOWY,kategoria: kasza_ryż,
"Batat, pieczony",Warzywa,90,2.0,0.2,20.7,3.3,skrobiowe,NISKA,SŁOWO_KLUCZOWE,"gotowanie,pieczenie",,,LINIOWY,słowo_kluczowe: skrobiowe; kategoria Warzywa; wartości po obróbce termicznej (katalog diet liczy na surowo),
"Ziemniak, pieczony ze skórą",Warzywa,93,2.5,0.1,21.0,2.2,białko_tłuste,NISKA,SŁOWO_KLUCZOWE,"pieczenie,duszenie",,,LINIOWY,słowo_kluczowe: białko_tłuste; kategoria Warzywa; wartości po obróbce termicznej (katalog diet liczy na surowo),
Ziemniaki puree (z mlekiem i masłem),Warzywa,106,2.0,3.9,15.5,1.4,skrobiowe,WYSOKA,SŁOWO_KLUCZOWE,"gotowanie,pieczenie",,,LINIOWY,słowo_kluczowe: skrobiowe; kategoria Warzywa,
Frytki pieczone z piekarnika,Warzywa,172,2.7,5.0,28.5,2.8,warzywa_gotowane,NISKA,KATEGORIA,"gotowanie,pieczenie",,,TŁUMIONY,kategoria: warzywa_gotowane; wartości po obróbce termicznej (katalog diet liczy na surowo),
"Dynia piżmowa, pieczona",Warzywa,47,1.0,0.1,11.7,2.0,nasiona,NISKA,SŁOWO_KLUCZOWE,na_zimno,,,LINIOWY,słowo_kluczowe: nasiona; kategoria Warzywa; wartości po obróbce termicznej (katalog diet liczy na surowo),
"Dynia hokkaido, surowa",Warzywa,42,1.5,0.3,9.0,1.5,nasiona,ŚREDNIA,SŁOWO_KLUCZOWE,na_zimno,,,LINIOWY,słowo_kluczowe: nasiona; kategoria Warzywa,
"Cukinia, grillowana",Warzywa,22,1.5,0.4,3.5,1.2,warzywa_gotowane,NISKA,SŁOWO_KLUCZOWE,"gotowanie,pieczenie",,,TŁUMIONY,słowo_kluczowe: warzywa_gotowane; kategoria Warzywa; wartości po obróbce termicznej (katalog diet liczy na surowo),
"Bakłażan, pieczony",Warzywa,35,1.0,0.2,8.0,3.0,warzywa_gotowane,NISKA,SŁOWO_KLUCZOWE,"gotowanie,pieczenie",,,TŁUMIONY,słowo_kluczowe: warzywa_gotowane; kategoria Warzywa; wartości po obróbce termicznej (katalog diet liczy na surowo),
"Papryka żółta, surowa",Warzywa,27,1.0,0.2,6.3,0.9,warzywa_surowe,WYSOKA,SŁOWO_KLUCZOWE,na_zimno,,,TŁUMIONY,słowo_kluczowe: warzywa_surowe; kategoria Warzywa,
"Papryczka chili, surowa",Warzywa,40,1.9,0.4,8.8,1.5,warzywa_gotowane,NISKA,KATEGORIA,"gotowanie,pieczenie",,,TŁUMIONY,kategoria: warzywa_gotowane,
Pomidory suszone w oleju (odsączone),Warzywa,213,5.1,14.0,18.0,5.8,warzywa_surowe,ŚREDNIA,SŁOWO_KLUCZOWE,na_zimno,,,TŁUMIONY,słowo_kluczowe: warzywa_surowe; kategoria Warzywa,
"Kapusta włoska, surowa",Warzywa,29,2.0,0.4,5.4,2.5,warzywa_gotowane,WYSOKA,SŁOWO_KLUCZOWE,"gotowanie,pieczenie",,,TŁUMIONY,słowo_kluczowe: warzywa_gotowane; kategoria Warzywa,
"Jarmuż, surowy",Warzywa,49,4.3,0.9,8.8,3.6,warzywa_liściaste,ŚREDNIA,SŁOWO_KLUCZOWE,na_zimno,,,TŁUMIONY,słowo_kluczowe: warzywa_liściaste; kategoria Warzywa,
"Szpinak baby, surowy",Warzywa,23,2.9,0.4,3.6,2.2,warzywa_liściaste,WYSOKA,SŁOWO_KLUCZOWE,na_zimno,,,TŁUMIONY,słowo_kluczowe: warzywa_liściaste; kategoria Warzywa,
"Szpinak, duszony",Warzywa,30,3.5,0.8,3.5,2.8,warzywa_liściaste,NISKA,SŁOWO_KLUCZOWE,na_zimno,,,TŁUMIONY,słowo_kluczowe: warzywa_liściaste; kategoria Warzywa; wartości po obróbce termicznej (katalog diet liczy na surowo),
Botwina,Warzywa,19,1.8,0.2,3.0,1.6,warzywa_liściaste,ŚREDNIA,SŁOWO_KLUCZOWE,na_zimno,,,TŁUMIONY,słowo_kluczowe: warzywa_liściaste; kategoria Warzywa,
"Pietruszka korzeń, surowa",Warzywa,55,2.6,0.5,10.5,4.9,warzywa_gotowane,NISKA,KATEGORIA,"gotowanie,pieczenie",,,TŁUMIONY,kategoria: warzywa_gotowane,
"Cebula czerwona, surowa",Warzywa,40,1.1,0.1,9.3,1.7,warzywa_aromat,WYSOKA,SŁOWO_KLUCZOWE,"smażenie,gotowanie",,,TŁUMIONY,słowo_kluczowe: warzywa_aromat; kategoria Warzywa,
Szalotka,Warzywa,72,2.5,0.1,16.8,3.2,warzywa_gotowane,NISKA,KATEGORIA,"gotowanie,pieczenie",,,TŁUMIONY,kategoria: warzywa_gotowane,
Rzodkiew biała (daikon),Warzywa,18,0.6,0.1,4.1,1.6,warzywa_surowe,ŚREDNIA,SŁOWO_KLUCZOWE,na_zimno,,,TŁUMIONY,słowo_kluczowe: warzywa_surowe; kategoria Warzywa,
Sałata rzymska,Warzywa,17,1.2,0.3,3.3,2.1,warzywa_liściaste,WYSOKA,SŁOWO_KLUCZOWE,na_zimno,,,TŁUMIONY,słowo_kluczowe: warzywa_liściaste; kategoria Warzywa,
Endywia,Warzywa,17,1.3,0.2,3.4,3.1,warzywa_gotowane,NISKA,KATEGORIA,"gotowanie,pieczenie",,,TŁUMIONY,kategoria: warzywa_gotowane,
Cykoria,Warzywa,17,0.9,0.1,4.0,3.1,warzywa_gotowane,NISKA,KATEGORIA,"gotowanie,pieczenie",,,TŁUMIONY,kategoria: warzywa_gotowane,
Koper włoski (fenkuł),Warzywa,31,1.2,0.2,7.3,3.1,warzywa_gotowane,NISKA,KATEGORIA,"gotowanie,pieczenie",,,TŁUMIONY,kategoria: warzywa_gotowane,
"Szparagi zielone, surowe",Warzywa,20,2.2,0.1,3.9,2.1,warzywa_gotowane,ŚREDNIA,SŁOWO_KLUCZOWE,"gotowanie,pieczenie",,,TŁUMIONY,słowo_kluczowe: warzywa_gotowane; kategoria Warzywa,
"Karczochy, gotowane",Warzywa,53,2.9,0.3,11.9,5.7,warzywa_gotowane,NISKA,KATEGORIA,"gotowanie,pieczenie",,,TŁUMIONY,kategoria: warzywa_gotowane,
"Kalarepa, surowa",Warzywa,27,1.7,0.1,6.2,3.6,warzywa_surowe,ŚREDNIA,SŁOWO_KLUCZOWE,na_zimno,,,TŁUMIONY,słowo_kluczowe: warzywa_surowe; kategoria Warzywa,
Kalafior romanesco,Warzywa,28,2.5,0.3,5.0,2.2,warzywa_gotowane,WYSOKA,SŁOWO_KLUCZOWE,"gotowanie,pieczenie",,,TŁUMIONY,słowo_kluczowe: warzywa_gotowane; kategoria Warzywa,
"Kukurydza, kolba gotowana",Warzywa,96,3.4,1.5,21.0,2.4,warzywa_gotowane,ŚREDNIA,SŁOWO_KLUCZOWE,"gotowanie,pieczenie",,,TŁUMIONY,słowo_kluczowe: warzywa_gotowane; kategoria Warzywa,
Kukurydza konserwowa (odsączona),Warzywa,81,2.9,1.2,16.0,2.0,warzywa_gotowane,ŚREDNIA,SŁOWO_KLUCZOWE,"gotowanie,pieczenie",,,TŁUMIONY,słowo_kluczowe: warzywa_gotowane; kategoria Warzywa,
"Pieczarki, smażone",Warzywa,55,3.6,3.5,4.0,1.5,warzywa_gotowane,NISKA,SŁOWO_KLUCZOWE,"gotowanie,pieczenie",,,TŁUMIONY,słowo_kluczowe: warzywa_gotowane; kategoria Warzywa; wartości po obróbce termicznej (katalog diet liczy na surowo),
"Borowiki, świeże",Warzywa,34,3.6,0.5,5.2,2.5,owoce_jagodowe,ŚREDNIA,SŁOWO_KLUCZOWE,na_zimno,,,TŁUMIONY,słowo_kluczowe: owoce_jagodowe; kategoria Warzywa,
Boczniaki,Warzywa,33,3.3,0.4,6.1,2.3,warzywa_gotowane,NISKA,KATEGORIA,"gotowanie,pieczenie",,,TŁUMIONY,kategoria: warzywa_gotowane,
"Shiitake, świeże",Warzywa,34,2.2,0.5,6.8,2.5,warzywa_gotowane,NISKA,KATEGORIA,"gotowanie,pieczenie",,,TŁUMIONY,kategoria: warzywa_gotowane,
Pieczarki portobello,Warzywa,22,2.1,0.4,3.9,1.3,warzywa_gotowane,WYSOKA,SŁOWO_KLUCZOWE,"gotowanie,pieczenie",,,TŁUMIONY,słowo_kluczowe: warzywa_gotowane; kategoria Warzywa,
Kiełki fasoli mung,Warzywa,30,3.0,0.2,5.9,1.8,strączki,ŚREDNIA,SŁOWO_KLUCZOWE,gotowanie,,,LINIOWY,słowo_kluczowe: strączki; kategoria Warzywa,
Kiełki brokuła,Warzywa,35,3.5,0.5,5.5,3.0,warzywa_gotowane,ŚREDNIA,SŁOWO_KLUCZOWE,"gotowanie,pieczenie",,,TŁUMIONY,słowo_kluczowe: warzywa_gotowane; kategoria Warzywa,
Kimchi,Warzywa,24,1.7,0.5,3.5,1.6,warzywa_gotowane,NISKA,KATEGORIA,"gotowanie,pieczenie",,,TŁUMIONY,kategoria: warzywa_gotowane,
"Mieszanka warzyw na patelnię, mrożona",Warzywa,45,2.3,0.7,7.5,3.0,warzywa_gotowane,NISKA,KATEGORIA,"gotowanie,pieczenie",,,TŁUMIONY,kategoria: warzywa_gotowane,
"Włoszczyzna, mrożona",Warzywa,39,1.6,0.4,7.8,2.7,warzywa_gotowane,NISKA,KATEGORIA,"gotowanie,pieczenie",,,TŁUMIONY,kategoria: warzywa_gotowane,
Szpinak mrożony,Warzywa,25,3.0,0.4,2.5,2.4,warzywa_liściaste,WYSOKA,SŁOWO_KLUCZOWE,na_zimno,,,TŁUMIONY,słowo_kluczowe: warzywa_liściaste; kategoria Warzywa,
Kalafior mrożony,Warzywa,24,1.9,0.2,4.2,2.2,warzywa_gotowane,WYSOKA,SŁOWO_KLUCZOWE,"gotowanie,pieczenie",,,TŁUMIONY,słowo_kluczowe: warzywa_gotowane; kategoria Warzywa,
Oliwki kalamata,Warzywa,240,1.5,24.0,5.0,3.0,tłuszcz,ŚREDNIA,SŁOWO_KLUCZOWE,"smażenie,pieczenie",,,LINIOWY,słowo_kluczowe: tłuszcz; kategoria Warzywa,
Karczochy w zalewie (odsączone),Warzywa,55,2.5,1.5,8.0,4.5,warzywa_gotowane,NISKA,KATEGORIA,"gotowanie,pieczenie",,,TŁUMIONY,kategoria: warzywa_gotowane,
Chrzan tarty,Warzywa,74,2.5,0.6,15.0,4.5,warzywa_gotowane,NISKA,KATEGORIA,"gotowanie,pieczenie",,,TŁUMIONY,kategoria: warzywa_gotowane,
"Jabłko, ze skórą",Owoce,52,0.3,0.2,13.8,2.4,białko_tłuste,ŚREDNIA,SŁOWO_KLUCZOWE,"pieczenie,duszenie",,,LINIOWY,słowo_kluczowe: białko_tłuste; kategoria Owoce,
Śliwka,Owoce,46,0.7,0.3,11.4,1.4,owoce,ŚREDNIA,SŁOWO_KLUCZOWE,na_zimno,,,DYSKRETNY,słowo_kluczowe: owoce; kategoria Owoce,
Morela,Owoce,48,1.4,0.4,11.1,2.0,owoce,ŚREDNIA,SŁOWO_KLUCZOWE,na_zimno,,,DYSKRETNY,słowo_kluczowe: owoce; kategoria Owoce,
Agrest,Owoce,44,0.9,0.6,10.2,4.3,owoce_jagodowe,ŚREDNIA,SŁOWO_KLUCZOWE,na_zimno,,,TŁUMIONY,słowo_kluczowe: owoce_jagodowe; kategoria Owoce,
Porzeczka czarna,Owoce,63,1.4,0.4,15.4,4.8,owoce_jagodowe,ŚREDNIA,SŁOWO_KLUCZOWE,na_zimno,,,TŁUMIONY,słowo_kluczowe: owoce_jagodowe; kategoria Owoce,
Porzeczka czerwona,Owoce,56,1.4,0.2,13.8,4.3,owoce_jagodowe,ŚREDNIA,SŁOWO_KLUCZOWE,na_zimno,,,TŁUMIONY,słowo_kluczowe: owoce_jagodowe; kategoria Owoce,
Aronia,Owoce,47,1.4,0.5,9.6,5.6,owoce,NISKA,KATEGORIA,na_zimno,,,DYSKRETNY,kategoria: owoce,
Jagody leśne (borówka czarna),Owoce,57,0.7,0.3,14.5,2.4,owoce_jagodowe,ŚREDNIA,SŁOWO_KLUCZOWE,na_zimno,,,TŁUMIONY,słowo_kluczowe: owoce_jagodowe; kategoria Owoce,
Jeżyny,Owoce,43,1.4,0.5,9.6,5.3,owoce_jagodowe,ŚREDNIA,SŁOWO_KLUCZOWE,na_zimno,,,TŁUMIONY,słowo_kluczowe: owoce_jagodowe; kategoria Owoce,
Żurawina świeża,Owoce,46,0.4,0.1,12.2,4.6,owoce_jagodowe,ŚREDNIA,SŁOWO_KLUCZOWE,na_zimno,,,TŁUMIONY,słowo_kluczowe: owoce_jagodowe; kategoria Owoce,
Winogrona jasne,Owoce,69,0.7,0.2,18.1,0.9,owoce,WYSOKA,SŁOWO_KLUCZOWE,na_zimno,,,DYSKRETNY,słowo_kluczowe: owoce; kategoria Owoce,
Winogrona ciemne,Owoce,67,0.6,0.4,17.2,0.9,owoce,WYSOKA,SŁOWO_KLUCZOWE,na_zimno,,,DYSKRETNY,słowo_kluczowe: owoce; kategoria Owoce,
Melon kantalupa,Owoce,34,0.8,0.2,8.2,0.9,owoce,ŚREDNIA,SŁOWO_KLUCZOWE,na_zimno,,,DYSKRETNY,słowo_kluczowe: owoce; kategoria Owoce,
Melon miodowy,Owoce,36,0.5,0.1,9.1,0.8,słodzik,ŚREDNIA,SŁOWO_KLUCZOWE,na_zimno,,,TŁUMIONY,słowo_kluczowe: słodzik; kategoria Owoce,
Pomelo,Owoce,38,0.8,0.0,9.6,1.0,owoce,NISKA,KATEGORIA,na_zimno,,,DYSKRETNY,kategoria: owoce,
Limonka,Owoce,30,0.7,0.2,10.5,2.8,owoce,ŚREDNIA,SŁOWO_KLUCZOWE,na_zimno,,,DYSKRETNY,słowo_kluczowe: owoce; kategoria Owoce,
"Granat, nasiona",Owoce,83,1.7,1.2,18.7,4.0,nasiona,ŚREDNIA,SŁOWO_KLUCZOWE,na_zimno,,,LINIOWY,słowo_kluczowe: nasiona; kategoria Owoce,
Kaki (persymona),Owoce,70,0.6,0.2,18.6,3.6,owoce,NISKA,KATEGORIA,na_zimno,,,DYSKRETNY,kategoria: owoce,
Liczi,Owoce,66,0.8,0.4,16.5,1.3,owoce,NISKA,KATEGORIA,na_zimno,,,DYSKRETNY,kategoria: owoce,
Marakuja,Owoce,97,2.2,0.7,23.4,10.4,owoce,NISKA,KATEGORIA,na_zimno,,,DYSKRETNY,kategoria: owoce,
Figa świeża,Owoce,74,0.8,0.3,19.2,2.9,owoce,NISKA,KATEGORIA,na_zimno,,,DYSKRETNY,kategoria: owoce,
Śliwki suszone bez pestek,Owoce,240,2.2,0.4,63.9,7.1,słodzik,ŚREDNIA,SŁOWO_KLUCZOWE,na_zimno,,,TŁUMIONY,słowo_kluczowe: słodzik; kategoria Owoce,
Żurawina suszona słodzona,Owoce,308,0.2,1.1,82.0,5.3,owoce_jagodowe,ŚREDNIA,SŁOWO_KLUCZOWE,na_zimno,,,TŁUMIONY,słowo_kluczowe: owoce_jagodowe; kategoria Owoce,
Figi suszone,Owoce,249,3.3,0.9,63.9,9.8,słodzik,ŚREDNIA,SŁOWO_KLUCZOWE,na_zimno,,,TŁUMIONY,słowo_kluczowe: słodzik; kategoria Owoce,
Chipsy jabłkowe suszone,Owoce,350,1.5,1.0,84.0,8.5,słodzik,ŚREDNIA,SŁOWO_KLUCZOWE,na_zimno,,,TŁUMIONY,słowo_kluczowe: słodzik; kategoria Owoce,
Truskawki mrożone,Owoce,32,0.7,0.3,7.0,2.0,owoce_jagodowe,WYSOKA,SŁOWO_KLUCZOWE,na_zimno,,,TŁUMIONY,słowo_kluczowe: owoce_jagodowe; kategoria Owoce,
Maliny mrożone,Owoce,50,1.2,0.6,11.5,6.5,owoce_jagodowe,WYSOKA,SŁOWO_KLUCZOWE,na_zimno,,,TŁUMIONY,słowo_kluczowe: owoce_jagodowe; kategoria Owoce,
"Mieszanka owoców leśnych, mrożona",Owoce,45,1.0,0.4,10.0,4.0,owoce,NISKA,KATEGORIA,na_zimno,,,DYSKRETNY,kategoria: owoce,
"Banan, mały",Owoce,89,1.1,0.3,22.8,2.6,owoce,WYSOKA,SŁOWO_KLUCZOWE,na_zimno,,,DYSKRETNY,słowo_kluczowe: owoce; kategoria Owoce,
"Rabarbar, surowy",Owoce,21,0.9,0.2,4.5,1.8,owoce,NISKA,KATEGORIA,na_zimno,,,DYSKRETNY,kategoria: owoce,
"Kokos, miąższ świeży",Owoce,354,3.3,33.5,15.2,9.0,owoce,NISKA,KATEGORIA,na_zimno,,,DYSKRETNY,kategoria: owoce,
Oliwki zielone bez pestek,Owoce,145,1.0,15.0,3.8,3.3,tłuszcz,ŚREDNIA,SŁOWO_KLUCZOWE,"smażenie,pieczenie",,,LINIOWY,słowo_kluczowe: tłuszcz; kategoria Owoce,
"Soczewica zielona, sucha",Rośliny strączkowe,353,24.6,1.1,63.4,10.7,strączki,NISKA,SŁOWO_KLUCZOWE,gotowanie,,,LINIOWY,słowo_kluczowe: strączki; kategoria Rośliny strączkowe,
"Soczewica beluga, sucha",Rośliny strączkowe,350,26.0,1.5,60.0,11.0,strączki,NISKA,SŁOWO_KLUCZOWE,gotowanie,,,LINIOWY,słowo_kluczowe: strączki; kategoria Rośliny strączkowe,
Fasola czerwona kidney z puszki (odsączona),Rośliny strączkowe,121,8.0,0.5,20.0,6.5,strączki,NISKA,SŁOWO_KLUCZOWE,gotowanie,,,LINIOWY,słowo_kluczowe: strączki; kategoria Rośliny strączkowe,
"Fasola czarna, sucha",Rośliny strączkowe,341,21.6,1.4,62.4,15.5,strączki,NISKA,SŁOWO_KLUCZOWE,gotowanie,,,LINIOWY,słowo_kluczowe: strączki; kategoria Rośliny strączkowe,
"Fasola pinto, ugotowana",Rośliny strączkowe,143,9.0,0.7,26.2,9.0,strączki,NISKA,SŁOWO_KLUCZOWE,gotowanie,,,LINIOWY,słowo_kluczowe: strączki; kategoria Rośliny strączkowe; wartości po obróbce termicznej (katalog diet liczy na surowo),
"Fasola mung, sucha",Rośliny strączkowe,347,23.9,1.2,62.6,16.3,strączki,NISKA,SŁOWO_KLUCZOWE,gotowanie,,,LINIOWY,słowo_kluczowe: strączki; kategoria Rośliny strączkowe,
"Fasola adzuki, ugotowana",Rośliny strączkowe,128,7.5,0.1,24.8,7.3,strączki,NISKA,SŁOWO_KLUCZOWE,gotowanie,,,LINIOWY,słowo_kluczowe: strączki; kategoria Rośliny strączkowe; wartości po obróbce termicznej (katalog diet liczy na surowo),
"Groch łuskany, suchy",Rośliny strączkowe,341,24.6,1.2,60.4,22.2,strączki,NISKA,SŁOWO_KLUCZOWE,gotowanie,,,LINIOWY,słowo_kluczowe: strączki; kategoria Rośliny strączkowe,
"Soja, ziarno suche",Rośliny strączkowe,446,36.5,19.9,30.2,9.3,strączki,NISKA,KATEGORIA,gotowanie,soja,,LINIOWY,kategoria: strączki,
Hummus klasyczny,Rośliny strączkowe,237,7.4,17.1,14.9,6.0,pasta_smarowanie,NISKA,SŁOWO_KLUCZOWE,na_zimno,,,LINIOWY,słowo_kluczowe: pasta_smarowanie; kategoria Rośliny strączkowe,
"Falafel, smażony",Rośliny strączkowe,333,13.3,17.8,31.8,4.9,strączki,NISKA,KATEGORIA,gotowanie,,,LINIOWY,kategoria: strączki; wartości po obróbce termicznej (katalog diet liczy na surowo),
Pasta z fasoli (fasolowe smarowidło),Rośliny strączkowe,150,7.0,6.0,16.5,5.5,strączki,NISKA,SŁOWO_KLUCZOWE,gotowanie,,,LINIOWY,słowo_kluczowe: strączki; kategoria Rośliny strączkowe,
Groszek łuskany mrożony,Rośliny strączkowe,77,5.2,0.4,13.5,5.0,warzywa_gotowane,NISKA,SŁOWO_KLUCZOWE,"gotowanie,pieczenie",,,TŁUMIONY,słowo_kluczowe: warzywa_gotowane; kategoria Rośliny strączkowe,
"Białko sojowe teksturowane (kostka), suche",Rośliny strączkowe,336,51.5,1.2,30.0,17.5,strączki,NISKA,KATEGORIA,gotowanie,soja,,LINIOWY,kategoria: strączki,
Migdały prażone,Orzechy i nasiona,607,21.0,55.0,17.5,11.0,orzechy,WYSOKA,SŁOWO_KLUCZOWE,na_zimno,orzechy,,LINIOWY,słowo_kluczowe: orzechy; kategoria Orzechy i nasiona,
Migdały blanszowane,Orzechy i nasiona,590,21.5,51.5,18.5,9.9,orzechy,WYSOKA,SŁOWO_KLUCZOWE,na_zimno,orzechy,,LINIOWY,słowo_kluczowe: orzechy; kategoria Orzechy i nasiona,
Płatki migdałowe,Orzechy i nasiona,589,21.2,50.6,19.0,10.5,płatki,WYSOKA,SŁOWO_KLUCZOWE,"gotowanie,na_zimno",orzechy,,LINIOWY,słowo_kluczowe: płatki; kategoria Orzechy i nasiona,
"Orzechy nerkowca, prażone",Orzechy i nasiona,574,15.3,46.4,32.7,3.0,orzechy,WYSOKA,SŁOWO_KLUCZOWE,na_zimno,orzechy,,LINIOWY,słowo_kluczowe: orzechy; kategoria Orzechy i nasiona,
"Orzechy laskowe, prażone",Orzechy i nasiona,646,15.0,62.4,17.6,9.4,orzechy,WYSOKA,SŁOWO_KLUCZOWE,na_zimno,orzechy,,LINIOWY,słowo_kluczowe: orzechy; kategoria Orzechy i nasiona,
Orzechy pekan,Orzechy i nasiona,691,9.2,72.0,13.9,9.6,orzechy,WYSOKA,SŁOWO_KLUCZOWE,na_zimno,orzechy,,LINIOWY,słowo_kluczowe: orzechy; kategoria Orzechy i nasiona,
"Orzechy pistacjowe, łuskane",Orzechy i nasiona,560,20.2,45.3,27.2,10.6,orzechy,WYSOKA,SŁOWO_KLUCZOWE,na_zimno,orzechy,,LINIOWY,słowo_kluczowe: orzechy; kategoria Orzechy i nasiona,
"Orzeszki ziemne, prażone solone",Orzechy i nasiona,585,26.0,49.7,21.5,8.0,orzechy,NISKA,KATEGORIA,na_zimno,orzechy,,LINIOWY,kategoria: orzechy,
Orzeszki ziemne w skorupkach,Orzechy i nasiona,567,25.8,49.2,16.1,8.5,orzechy,NISKA,KATEGORIA,na_zimno,orzechy,,LINIOWY,kategoria: orzechy,
Masło orzechowe z kawałkami orzechów,Orzechy i nasiona,589,24.0,50.0,22.0,8.0,orzechy_pasty,WYSOKA,SŁOWO_KLUCZOWE,na_zimno,"orzechy,orzechy_ziemne",,LINIOWY,słowo_kluczowe: orzechy_pasty; kategoria Orzechy i nasiona,
Masło migdałowe,Orzechy i nasiona,614,21.0,55.5,18.8,10.3,tłuszcz,WYSOKA,SŁOWO_KLUCZOWE,"smażenie,pieczenie",orzechy,,LINIOWY,słowo_kluczowe: tłuszcz; kategoria Orzechy i nasiona,
Masło z nerkowców,Orzechy i nasiona,580,17.5,46.0,30.0,3.0,tłuszcz,WYSOKA,SŁOWO_KLUCZOWE,"smażenie,pieczenie","orzechy,mleko","dairy,lactose",LINIOWY,słowo_kluczowe: tłuszcz; kategoria Orzechy i nasiona,
Krem orzechowo-czekoladowy,Orzechy i nasiona,541,6.0,31.0,57.0,3.5,orzechy,ŚREDNIA,SŁOWO_KLUCZOWE,na_zimno,orzechy,,LINIOWY,słowo_kluczowe: orzechy; kategoria Orzechy i nasiona,
"Sezam, nasiona",Orzechy i nasiona,573,17.7,49.7,23.4,11.8,nasiona,ŚREDNIA,SŁOWO_KLUCZOWE,na_zimno,"orzechy,sezam",,LINIOWY,słowo_kluczowe: nasiona; kategoria Orzechy i nasiona,
Siemię lniane złociste,Orzechy i nasiona,534,18.3,42.2,28.9,27.3,nasiona,WYSOKA,SŁOWO_KLUCZOWE,na_zimno,orzechy,,LINIOWY,słowo_kluczowe: nasiona; kategoria Orzechy i nasiona,
"Pestki dyni, łuskane",Orzechy i nasiona,559,30.2,49.1,10.7,6.0,nasiona,WYSOKA,SŁOWO_KLUCZOWE,na_zimno,orzechy,,LINIOWY,słowo_kluczowe: nasiona; kategoria Orzechy i nasiona,
"Pestki słonecznika, łuskane",Orzechy i nasiona,584,20.8,51.5,20.0,8.6,nasiona,WYSOKA,SŁOWO_KLUCZOWE,na_zimno,orzechy,,LINIOWY,słowo_kluczowe: nasiona; kategoria Orzechy i nasiona,
"Pestki słonecznika, prażone",Orzechy i nasiona,592,21.0,52.5,19.5,9.0,nasiona,WYSOKA,SŁOWO_KLUCZOWE,na_zimno,orzechy,,LINIOWY,słowo_kluczowe: nasiona; kategoria Orzechy i nasiona,
"Nasiona konopi, łuskane",Orzechy i nasiona,553,31.6,48.8,8.7,4.0,nasiona,WYSOKA,SŁOWO_KLUCZOWE,na_zimno,orzechy,,LINIOWY,słowo_kluczowe: nasiona; kategoria Orzechy i nasiona,
"Orzechy włoskie, karmelizowane",Orzechy i nasiona,605,10.5,51.0,30.0,5.0,orzechy,WYSOKA,SŁOWO_KLUCZOWE,na_zimno,orzechy,,LINIOWY,słowo_kluczowe: orzechy; kategoria Orzechy i nasiona,
Mieszanka studencka (orzechy i rodzynki),Orzechy i nasiona,494,14.0,34.5,34.0,6.5,orzechy,NISKA,KATEGORIA,na_zimno,orzechy,,LINIOWY,kategoria: orzechy,
"Kokos, wiórki",Orzechy i nasiona,660,6.9,64.5,23.7,16.3,orzechy,NISKA,KATEGORIA,na_zimno,orzechy,,LINIOWY,kategoria: orzechy,
Mączka z siemienia lnianego,Orzechy i nasiona,400,26.0,15.0,34.0,36.0,nasiona,ŚREDNIA,SŁOWO_KLUCZOWE,na_zimno,orzechy,,LINIOWY,słowo_kluczowe: nasiona; kategoria Orzechy i nasiona,
Olej sezamowy,Tłuszcze i oleje,884,0.0,100.0,0.0,0.0,nasiona,ŚREDNIA,SŁOWO_KLUCZOWE,na_zimno,sezam,,LINIOWY,słowo_kluczowe: nasiona; kategoria Tłuszcze i oleje,
Olej z awokado,Tłuszcze i oleje,884,0.0,100.0,0.0,0.0,tłuszcz_roślinny,ŚREDNIA,SŁOWO_KLUCZOWE,na_zimno,,,LINIOWY,słowo_kluczowe: tłuszcz_roślinny; kategoria Tłuszcze i oleje,
Olej z orzechów włoskich,Tłuszcze i oleje,884,0.0,100.0,0.0,0.0,tłuszcz,WYSOKA,SŁOWO_KLUCZOWE,"smażenie,pieczenie",orzechy,,LINIOWY,słowo_kluczowe: tłuszcz; kategoria Tłuszcze i oleje,
Oliwa z oliwek extra virgin,Tłuszcze i oleje,884,0.0,100.0,0.0,0.0,tłuszcz,WYSOKA,SŁOWO_KLUCZOWE,"smażenie,pieczenie",,,LINIOWY,słowo_kluczowe: tłuszcz; kategoria Tłuszcze i oleje,
Masło extra 82%,Tłuszcze i oleje,735,0.7,82.0,0.7,0.0,tłuszcz,WYSOKA,SŁOWO_KLUCZOWE,"smażenie,pieczenie",mleko,"dairy,lactose",LINIOWY,słowo_kluczowe: tłuszcz; kategoria Tłuszcze i oleje,
Masło klarowane (ghee),Tłuszcze i oleje,876,0.3,99.0,0.0,0.0,tłuszcz,WYSOKA,SŁOWO_KLUCZOWE,"smażenie,pieczenie",,,LINIOWY,słowo_kluczowe: tłuszcz; kategoria Tłuszcze i oleje,
Masło osełkowe,Tłuszcze i oleje,746,0.6,83.0,0.6,0.0,tłuszcz,WYSOKA,SŁOWO_KLUCZOWE,"smażenie,pieczenie",mleko,"dairy,lactose",LINIOWY,słowo_kluczowe: tłuszcz; kategoria Tłuszcze i oleje,
Margaryna miękka 60%,Tłuszcze i oleje,540,0.2,60.0,0.5,0.0,tłuszcz,NISKA,KATEGORIA,"smażenie,pieczenie",,,LINIOWY,kategoria: tłuszcz,
Margaryna do pieczenia 80%,Tłuszcze i oleje,717,0.2,80.0,0.4,0.0,tłuszcz,NISKA,KATEGORIA,"smażenie,pieczenie",,,LINIOWY,kategoria: tłuszcz,
Miks tłuszczowy masło-rzepak,Tłuszcze i oleje,662,0.4,73.0,0.7,0.0,tłuszcz,ŚREDNIA,SŁOWO_KLUCZOWE,"smażenie,pieczenie",mleko,"dairy,lactose",LINIOWY,słowo_kluczowe: tłuszcz; kategoria Tłuszcze i oleje,
Smalec wieprzowy,Tłuszcze i oleje,900,0.0,100.0,0.0,0.0,tłuszcz,ŚREDNIA,SŁOWO_KLUCZOWE,"smażenie,pieczenie",,,LINIOWY,słowo_kluczowe: tłuszcz; kategoria Tłuszcze i oleje,
Łój wołowy,Tłuszcze i oleje,902,0.0,100.0,0.0,0.0,tłuszcz,NISKA,KATEGORIA,"smażenie,pieczenie",,,LINIOWY,kategoria: tłuszcz,
Olej lniany tłoczony na zimno,Tłuszcze i oleje,884,0.0,99.9,0.0,0.0,tłuszcz,WYSOKA,SŁOWO_KLUCZOWE,"smażenie,pieczenie",,,LINIOWY,słowo_kluczowe: tłuszcz; kategoria Tłuszcze i oleje,
Olej MCT,Tłuszcze i oleje,855,0.0,95.0,0.0,0.0,tłuszcz,WYSOKA,SŁOWO_KLUCZOWE,"smażenie,pieczenie",,,LINIOWY,słowo_kluczowe: tłuszcz; kategoria Tłuszcze i oleje,
Pasta z awokado (guacamole),Tłuszcze i oleje,155,2.0,14.0,8.0,6.0,tłuszcz_roślinny,ŚREDNIA,SŁOWO_KLUCZOWE,na_zimno,,,LINIOWY,słowo_kluczowe: tłuszcz_roślinny; kategoria Tłuszcze i oleje,
Czekolada gorzka 85%,Przekąski i słodycze,592,9.0,46.0,24.0,12.0,słodycze,ŚREDNIA,SŁOWO_KLUCZOWE,na_zimno,,,DYSKRETNY,słowo_kluczowe: słodycze; kategoria Przekąski i słodycze; kategoria z góry na NIE,NIE
Baton proteinowy (średnio),Przekąski i słodycze,380,30.0,13.0,35.0,5.0,białko_proszek,ŚREDNIA,SŁOWO_KLUCZOWE,na_zimno,,,LINIOWY,słowo_kluczowe: białko_proszek; kategoria Przekąski i słodycze; kategoria z góry na NIE,NIE
Baton musli owocowy,Przekąski i słodycze,395,6.5,12.0,65.0,5.0,płatki,ŚREDNIA,SŁOWO_KLUCZOWE,"gotowanie,na_zimno",gluten,gluten,LINIOWY,słowo_kluczowe: płatki; kategoria Przekąski i słodycze; kategoria z góry na NIE,NIE
Baton czekoladowy z karmelem,Przekąski i słodycze,449,4.0,17.0,69.0,1.5,słodycze,ŚREDNIA,SŁOWO_KLUCZOWE,na_zimno,,,DYSKRETNY,słowo_kluczowe: słodycze; kategoria Przekąski i słodycze; kategoria z góry na NIE,NIE
Wafelek w czekoladzie,Przekąski i słodycze,520,6.0,28.0,60.0,2.0,słodycze,ŚREDNIA,SŁOWO_KLUCZOWE,na_zimno,,,DYSKRETNY,słowo_kluczowe: słodycze; kategoria Przekąski i słodycze; kategoria z góry na NIE,NIE
Herbatniki maślane,Przekąski i słodycze,465,6.0,16.5,72.5,2.0,,NISKA,KATEGORIA,,,,,kategoria: —; kategoria z góry na NIE,NIE
Ciastka zbożowe śniadaniowe,Przekąski i słodycze,435,8.0,14.0,68.0,6.5,,NISKA,KATEGORIA,,,,,kategoria: —; kategoria z góry na NIE,NIE
Pierniki w czekoladzie,Przekąski i słodycze,400,4.5,10.5,72.0,3.0,słodycze,ŚREDNIA,SŁOWO_KLUCZOWE,na_zimno,,,DYSKRETNY,słowo_kluczowe: słodycze; kategoria Przekąski i słodycze; kategoria z góry na NIE,NIE
Sezamki,Przekąski i słodycze,530,12.0,32.0,47.0,6.5,nasiona,ŚREDNIA,SŁOWO_KLUCZOWE,na_zimno,sezam,,LINIOWY,słowo_kluczowe: nasiona; kategoria Przekąski i słodycze; kategoria z góry na NIE,NIE
Lizak,Przekąski i słodycze,391,0.0,0.2,97.5,0.0,,NISKA,KATEGORIA,,,,,kategoria: —; kategoria z góry na NIE,NIE
Landrynki,Przekąski i słodycze,394,0.0,0.2,98.0,0.0,,NISKA,KATEGORIA,,,,,kategoria: —; kategoria z góry na NIE,NIE
Krówki,Przekąski i słodycze,420,2.5,8.5,83.0,0.0,,NISKA,KATEGORIA,,,,,kategoria: —; kategoria z góry na NIE,NIE
Ptasie mleczko,Przekąski i słodycze,430,2.5,17.0,66.0,0.8,,NISKA,KATEGORIA,,,,,kategoria: —; kategoria z góry na NIE,NIE
Chipsy ziemniaczane solone,Przekąski i słodycze,536,6.5,34.0,50.0,4.0,,NISKA,KATEGORIA,,,,,kategoria: —; kategoria z góry na NIE,NIE
Chipsy paprykowe,Przekąski i słodycze,530,6.0,32.0,52.0,4.2,warzywa_surowe,ŚREDNIA,SŁOWO_KLUCZOWE,na_zimno,,,TŁUMIONY,słowo_kluczowe: warzywa_surowe; kategoria Przekąski i słodycze; kategoria z góry na NIE,NIE
Chipsy z pieca (mniej tłuszczu),Przekąski i słodycze,445,6.0,17.0,66.0,5.0,,NISKA,KATEGORIA,,,,,kategoria: —; kategoria z góry na NIE,NIE
Nachosy kukurydziane,Przekąski i słodycze,497,7.0,25.0,60.0,5.0,warzywa_gotowane,ŚREDNIA,SŁOWO_KLUCZOWE,"gotowanie,pieczenie",,,TŁUMIONY,słowo_kluczowe: warzywa_gotowane; kategoria Przekąski i słodycze; kategoria z góry na NIE,NIE
Popcorn solony (przygotowany),Przekąski i słodycze,500,9.0,28.0,51.0,10.0,,NISKA,KATEGORIA,,,,,kategoria: —; kategoria z góry na NIE,NIE
Popcorn bez tłuszczu (z gorącego powietrza),Przekąski i słodycze,387,12.9,4.5,77.9,14.5,,NISKA,KATEGORIA,,,,,kategoria: —; kategoria z góry na NIE,NIE
Precelki solone,Przekąski i słodycze,380,10.0,3.0,78.0,3.0,,NISKA,KATEGORIA,,,,,kategoria: —; kategoria z góry na NIE,NIE
Lody waniliowe,Przekąski i słodycze,207,3.5,11.0,23.6,0.7,,NISKA,KATEGORIA,,,,,kategoria: —; kategoria z góry na NIE,NIE
Lody czekoladowe,Przekąski i słodycze,216,3.8,11.0,25.5,1.2,słodycze,ŚREDNIA,SŁOWO_KLUCZOWE,na_zimno,,,DYSKRETNY,słowo_kluczowe: słodycze; kategoria Przekąski i słodycze; kategoria z góry na NIE,NIE
Lody proteinowe,Przekąski i słodycze,105,10.0,3.0,10.5,3.0,białko_proszek,ŚREDNIA,SŁOWO_KLUCZOWE,na_zimno,,,LINIOWY,słowo_kluczowe: białko_proszek; kategoria Przekąski i słodycze; kategoria z góry na NIE,NIE
Pączek z lukrem,Przekąski i słodycze,414,5.5,21.0,50.5,1.5,,NISKA,KATEGORIA,,,,,kategoria: —; kategoria z góry na NIE,NIE
Sernik na zimno,Przekąski i słodycze,285,6.5,17.0,26.5,0.5,,NISKA,KATEGORIA,,,,,kategoria: —; kategoria z góry na NIE,NIE
Brownie czekoladowe,Przekąski i słodycze,466,6.0,27.0,50.0,3.0,słodycze,ŚREDNIA,SŁOWO_KLUCZOWE,na_zimno,,,DYSKRETNY,słowo_kluczowe: słodycze; kategoria Przekąski i słodycze; kategoria z góry na NIE,NIE
Muffin czekoladowy,Przekąski i słodycze,425,5.5,22.5,51.0,2.5,słodycze,ŚREDNIA,SŁOWO_KLUCZOWE,na_zimno,,,DYSKRETNY,słowo_kluczowe: słodycze; kategoria Przekąski i słodycze; kategoria z góry na NIE,NIE
Galaretka owocowa (gotowa),Przekąski i słodycze,62,1.2,0.0,14.2,0.0,,NISKA,KATEGORIA,,,,,kategoria: —; kategoria z góry na NIE,NIE
Budyń waniliowy na mleku 2%,Przekąski i słodycze,110,3.3,2.4,19.0,0.1,,NISKA,KATEGORIA,,,,,kategoria: —; kategoria z góry na NIE,NIE
Kisiel owocowy (gotowy),Przekąski i słodycze,77,0.1,0.1,19.0,0.2,,NISKA,KATEGORIA,,,,,kategoria: —; kategoria z góry na NIE,NIE
Napój sojowy naturalny,Napoje,42,3.3,1.9,2.5,0.5,mleko,WYSOKA,SŁOWO_KLUCZOWE,"gotowanie,na_zimno","mleko,soja",dairy,LINIOWY,słowo_kluczowe: mleko; kategoria Napoje,
Napój kokosowy (do picia),Napoje,22,0.2,1.5,1.9,0.2,mleko,WYSOKA,SŁOWO_KLUCZOWE,"gotowanie,na_zimno",mleko,dairy,LINIOWY,słowo_kluczowe: mleko; kategoria Napoje,
Woda kokosowa,Napoje,19,0.7,0.2,3.7,1.1,,NISKA,KATEGORIA,,,,,kategoria: —; kategoria z góry na NIE,NIE
Sok grejpfrutowy 100%,Napoje,39,0.5,0.1,9.2,0.1,owoce,ŚREDNIA,SŁOWO_KLUCZOWE,na_zimno,,,DYSKRETNY,słowo_kluczowe: owoce; kategoria Napoje; kategoria z góry na NIE,NIE
Sok pomidorowy,Napoje,17,0.8,0.1,3.6,0.4,warzywa_surowe,ŚREDNIA,SŁOWO_KLUCZOWE,na_zimno,,,TŁUMIONY,słowo_kluczowe: warzywa_surowe; kategoria Napoje; kategoria z góry na NIE,NIE
Sok marchwiowy,Napoje,40,0.9,0.2,9.3,0.8,,NISKA,KATEGORIA,,,,,kategoria: —; kategoria z góry na NIE,NIE
Sok wielowarzywny,Napoje,21,0.8,0.1,4.2,0.7,,NISKA,KATEGORIA,,,,,kategoria: —; kategoria z góry na NIE,NIE
Smoothie owocowe (gotowe),Napoje,58,0.7,0.3,13.5,1.5,,NISKA,KATEGORIA,,,,,kategoria: —; kategoria z góry na NIE,NIE
Nektar z czarnej porzeczki,Napoje,51,0.2,0.1,12.5,0.3,owoce_jagodowe,ŚREDNIA,SŁOWO_KLUCZOWE,na_zimno,,,TŁUMIONY,słowo_kluczowe: owoce_jagodowe; kategoria Napoje; kategoria z góry na NIE,NIE
Kompot z owoców (średnio),Napoje,45,0.2,0.1,11.0,0.4,,NISKA,KATEGORIA,,,,,kategoria: —; kategoria z góry na NIE,NIE
Cola,Napoje,42,0.0,0.0,10.6,0.0,,NISKA,KATEGORIA,,,,,kategoria: —; kategoria z góry na NIE,NIE
Cola bez cukru,Napoje,0.3,0.0,0.0,0.0,0.0,,NISKA,KATEGORIA,,,,,kategoria: —; kategoria z góry na NIE,NIE
Kawa czarna bez cukru,Napoje,2,0.1,0.0,0.3,0.0,,NISKA,KATEGORIA,,,,,kategoria: —; kategoria z góry na NIE,NIE
Kawa z mlekiem 2% (latte),Napoje,42,2.8,1.6,4.1,0.0,,NISKA,KATEGORIA,,,,,kategoria: —; kategoria z góry na NIE,NIE
Cappuccino,Napoje,35,2.0,1.5,3.5,0.0,,NISKA,KATEGORIA,,,,,kategoria: —; kategoria z góry na NIE,NIE
Espresso,Napoje,2,0.1,0.0,0.3,0.0,,NISKA,KATEGORIA,,,,,kategoria: —; kategoria z góry na NIE,NIE
Herbata czarna bez cukru,Napoje,1,0.0,0.0,0.2,0.0,,NISKA,KATEGORIA,,,,,kategoria: —; kategoria z góry na NIE,NIE
Herbata zielona,Napoje,1,0.0,0.0,0.2,0.0,,NISKA,KATEGORIA,,,,,kategoria: —; kategoria z góry na NIE,NIE
Yerba mate (napar),Napoje,2,0.1,0.0,0.3,0.0,,NISKA,KATEGORIA,,,,,kategoria: —; kategoria z góry na NIE,NIE
Kakao na mleku 2%,Napoje,74,3.6,2.6,9.5,0.8,,NISKA,KATEGORIA,,,,,kategoria: —; kategoria z góry na NIE,NIE
Piwo jasne pełne,Napoje,49,0.5,0.0,3.8,0.0,,NISKA,KATEGORIA,,,,,kategoria: —; kategoria z góry na NIE,NIE
Piwo bezalkoholowe,Napoje,24,0.3,0.0,5.5,0.0,,NISKA,KATEGORIA,,,,,kategoria: —; kategoria z góry na NIE,NIE
Kombucha,Napoje,13,0.0,0.0,3.0,0.0,,NISKA,KATEGORIA,,,,,kategoria: —; kategoria z góry na NIE,NIE
"Odżywka białkowa WPI (izolat), proszek",Odżywki i suplementy,370,85.0,1.5,4.0,0.0,białko_proszek,WYSOKA,SŁOWO_KLUCZOWE,na_zimno,,,LINIOWY,słowo_kluczowe: białko_proszek; kategoria Odżywki i suplementy,
"Odżywka białkowa kazeinowa, proszek",Odżywki i suplementy,364,78.0,2.0,8.0,0.5,białko_proszek,WYSOKA,SŁOWO_KLUCZOWE,na_zimno,,,LINIOWY,słowo_kluczowe: białko_proszek; kategoria Odżywki i suplementy,
"Białko wołowe hydrolizowane, proszek",Odżywki i suplementy,380,87.0,1.0,3.0,0.0,,NISKA,KATEGORIA,,,,,kategoria: —; kategoria z góry na NIE,NIE
Białko jaja w proszku,Odżywki i suplementy,376,80.0,0.5,7.0,0.0,jajka,WYSOKA,SŁOWO_KLUCZOWE,"smażenie,gotowanie,pieczenie",jaja,egg,DYSKRETNY,słowo_kluczowe: jajka; kategoria Odżywki i suplementy; kategoria z góry na NIE,NIE
"Białko grochu, proszek",Odżywki i suplementy,375,80.0,5.5,2.5,1.5,strączki,ŚREDNIA,SŁOWO_KLUCZOWE,gotowanie,,,LINIOWY,słowo_kluczowe: strączki; kategoria Odżywki i suplementy; kategoria z góry na NIE,NIE
"Białko ryżowe, proszek",Odżywki i suplementy,383,78.0,4.5,6.5,2.0,kasza_ryż,ŚREDNIA,SŁOWO_KLUCZOWE,gotowanie,,,LINIOWY,słowo_kluczowe: kasza_ryż; kategoria Odżywki i suplementy; kategoria z góry na NIE,NIE
"Białko konopne, proszek",Odżywki i suplementy,400,50.0,11.0,20.0,18.0,,NISKA,KATEGORIA,,,,,kategoria: —; kategoria z góry na NIE,NIE
"Gainer węglowodanowo-białkowy, proszek",Odżywki i suplementy,385,20.0,3.5,68.0,1.5,,NISKA,KATEGORIA,,,,,kategoria: —; kategoria z góry na NIE,NIE
"Carbo (węglowodany), proszek",Odżywki i suplementy,380,0.0,0.0,95.0,0.0,,NISKA,KATEGORIA,,,,,kategoria: —; kategoria z góry na NIE,NIE
"Kreatyna monohydrat, proszek",Odżywki i suplementy,0,0.0,0.0,0.0,0.0,,NISKA,KATEGORIA,,,,,kategoria: —; kategoria z góry na NIE,NIE
Baton białkowy niskocukrowy,Odżywki i suplementy,350,33.0,14.0,24.0,8.0,,NISKA,KATEGORIA,,,,,kategoria: —; kategoria z góry na NIE,NIE
Shake białkowy gotowy do picia,Odżywki i suplementy,65,8.0,1.5,4.5,0.5,,NISKA,KATEGORIA,,,,,kategoria: —; kategoria z góry na NIE,NIE
Puddingi proteinowe (gotowe),Odżywki i suplementy,80,10.0,1.8,5.5,0.3,białko_proszek,ŚREDNIA,SŁOWO_KLUCZOWE,na_zimno,,,LINIOWY,słowo_kluczowe: białko_proszek; kategoria Odżywki i suplementy,
"Kolagen, proszek",Odżywki i suplementy,375,92.0,0.0,0.0,0.0,,NISKA,KATEGORIA,,,,,kategoria: —; kategoria z góry na NIE,NIE
"Drożdże nieaktywne (płatki), b12",Odżywki i suplementy,340,45.0,5.0,25.0,20.0,,NISKA,KATEGORIA,,,,,kategoria: —; kategoria z góry na NIE,NIE
Masło klarowane proteinowe (smarowidło),Odżywki i suplementy,450,25.0,35.0,8.0,1.0,białko_proszek,ŚREDNIA,SŁOWO_KLUCZOWE,na_zimno,,,LINIOWY,słowo_kluczowe: białko_proszek; kategoria Odżywki i suplementy,
Izotonik w proszku (porcja),Odżywki i suplementy,370,0.0,0.0,92.0,0.0,,NISKA,KATEGORIA,,,,,kategoria: —; kategoria z góry na NIE,NIE
Żel energetyczny,Odżywki i suplementy,260,0.0,0.0,65.0,0.0,,NISKA,KATEGORIA,,,,,kategoria: —; kategoria z góry na NIE,NIE
"Pierogi z kapustą i grzybami, gotowane",Dania gotowe i fast food,212,5.5,5.5,35.5,3.0,warzywa_gotowane,ŚREDNIA,SŁOWO_KLUCZOWE,"gotowanie,pieczenie",gluten,gluten,TŁUMIONY,słowo_kluczowe: warzywa_gotowane; kategoria Dania gotowe i fast food; kategoria z góry na NIE,NIE
"Placki ziemniaczane, smażone",Dania gotowe i fast food,212,4.0,11.5,23.5,2.0,,NISKA,KATEGORIA,,,,,kategoria: —; wartości po obróbce termicznej (katalog diet liczy na surowo); kategoria z góry na NIE,NIE
Gołąbki w sosie pomidorowym,Dania gotowe i fast food,125,6.5,5.5,12.5,1.5,warzywa_surowe,ŚREDNIA,SŁOWO_KLUCZOWE,na_zimno,,,TŁUMIONY,słowo_kluczowe: warzywa_surowe; kategoria Dania gotowe i fast food; kategoria z góry na NIE,NIE
Leczo warzywne z kiełbasą,Dania gotowe i fast food,95,4.5,6.0,6.0,1.8,wędlina,ŚREDNIA,SŁOWO_KLUCZOWE,na_zimno,,,TŁUMIONY,słowo_kluczowe: wędlina; kategoria Dania gotowe i fast food; kategoria z góry na NIE,NIE
Fasolka po bretońsku,Dania gotowe i fast food,115,7.0,4.5,12.0,4.5,strączki,ŚREDNIA,SŁOWO_KLUCZOWE,gotowanie,,,LINIOWY,słowo_kluczowe: strączki; kategoria Dania gotowe i fast food; kategoria z góry na NIE,NIE
Żurek z jajkiem i kiełbasą,Dania gotowe i fast food,95,4.5,6.0,5.5,0.8,wędlina,ŚREDNIA,SŁOWO_KLUCZOWE,na_zimno,jaja,egg,TŁUMIONY,słowo_kluczowe: wędlina; kategoria Dania gotowe i fast food; kategoria z góry na NIE,NIE
Krupnik,Dania gotowe i fast food,62,2.8,2.0,8.5,1.3,,NISKA,KATEGORIA,,,,,kategoria: —; kategoria z góry na NIE,NIE
Zupa ogórkowa,Dania gotowe i fast food,55,1.8,3.0,5.5,0.8,,NISKA,KATEGORIA,,,,,kategoria: —; kategoria z góry na NIE,NIE
Barszcz czerwony czysty,Dania gotowe i fast food,30,0.9,0.8,5.0,0.9,,NISKA,KATEGORIA,,,,,kategoria: —; kategoria z góry na NIE,NIE
Zupa krem z dyni,Dania gotowe i fast food,60,1.5,3.0,7.0,1.4,nasiona,ŚREDNIA,SŁOWO_KLUCZOWE,na_zimno,,,LINIOWY,słowo_kluczowe: nasiona; kategoria Dania gotowe i fast food; kategoria z góry na NIE,NIE
Zupa krem z brokułów,Dania gotowe i fast food,65,2.5,3.5,6.0,1.8,warzywa_gotowane,ŚREDNIA,SŁOWO_KLUCZOWE,"gotowanie,pieczenie",,,TŁUMIONY,słowo_kluczowe: warzywa_gotowane; kategoria Dania gotowe i fast food; kategoria z góry na NIE,NIE
Chłodnik litewski,Dania gotowe i fast food,55,2.8,2.2,6.0,1.0,,NISKA,KATEGORIA,,,,,kategoria: —; kategoria z góry na NIE,NIE
Lasagne mięsna,Dania gotowe i fast food,155,8.5,7.5,13.5,1.3,makaron,ŚREDNIA,SŁOWO_KLUCZOWE,gotowanie,,,LINIOWY,słowo_kluczowe: makaron; kategoria Dania gotowe i fast food; kategoria z góry na NIE,NIE
Risotto z kurczakiem,Dania gotowe i fast food,142,7.5,4.5,18.0,0.8,,NISKA,KATEGORIA,,,,,kategoria: —; kategoria z góry na NIE,NIE
Kurczak słodko-kwaśny z ryżem,Dania gotowe i fast food,138,7.0,3.5,20.0,0.9,kasza_ryż,ŚREDNIA,SŁOWO_KLUCZOWE,gotowanie,,,LINIOWY,słowo_kluczowe: kasza_ryż; kategoria Dania gotowe i fast food; kategoria z góry na NIE,NIE
Pad thai z krewetkami,Dania gotowe i fast food,168,8.0,6.5,19.5,1.3,białko_chude,ŚREDNIA,SŁOWO_KLUCZOWE,"smażenie,pieczenie",,,LINIOWY,słowo_kluczowe: białko_chude; kategoria Dania gotowe i fast food; kategoria z góry na NIE,NIE
Burrito z wołowiną,Dania gotowe i fast food,195,9.5,8.0,21.5,2.5,,NISKA,KATEGORIA,,,,,kategoria: —; kategoria z góry na NIE,NIE
Pizza pepperoni,Dania gotowe i fast food,290,12.0,13.0,31.0,2.0,,NISKA,KATEGORIA,,,,,kategoria: —; kategoria z góry na NIE,NIE
Kebab w picie z sosem,Dania gotowe i fast food,215,11.5,9.5,21.0,1.7,,NISKA,KATEGORIA,,,,,kategoria: —; kategoria z góry na NIE,NIE
Burger wołowy z bułką,Dania gotowe i fast food,265,13.0,13.0,24.0,1.5,pieczywo,ŚREDNIA,SŁOWO_KLUCZOWE,na_zimno,gluten,gluten,DYSKRETNY,słowo_kluczowe: pieczywo; kategoria Dania gotowe i fast food; kategoria z góry na NIE,NIE
"Nuggetsy z kurczaka, pieczone",Dania gotowe i fast food,259,15.5,13.5,18.5,1.0,,NISKA,KATEGORIA,,,,,kategoria: —; wartości po obróbce termicznej (katalog diet liczy na surowo); kategoria z góry na NIE,NIE
Frytki z gastronomii,Dania gotowe i fast food,312,3.5,15.0,40.5,3.5,,NISKA,KATEGORIA,,,,,kategoria: —; wartości po obróbce termicznej (katalog diet liczy na surowo); kategoria z góry na NIE,NIE
Sushi maki z łososiem,Dania gotowe i fast food,145,5.5,2.5,25.5,0.8,ryba_tłusta,ŚREDNIA,SŁOWO_KLUCZOWE,na_zimno,ryby,fish,LINIOWY,słowo_kluczowe: ryba_tłusta; kategoria Dania gotowe i fast food; kategoria z góry na NIE,NIE
Sałatka cezar z kurczakiem,Dania gotowe i fast food,158,11.0,10.0,5.5,1.2,warzywa_liściaste,ŚREDNIA,SŁOWO_KLUCZOWE,na_zimno,,,TŁUMIONY,słowo_kluczowe: warzywa_liściaste; kategoria Dania gotowe i fast food; kategoria z góry na NIE,NIE
Tortilla z kurczakiem (wrap gotowy),Dania gotowe i fast food,205,11.0,7.5,23.5,1.8,pieczywo,WYSOKA,SŁOWO_KLUCZOWE,na_zimno,gluten,gluten,DYSKRETNY,słowo_kluczowe: pieczywo; kategoria Dania gotowe i fast food; kategoria z góry na NIE,NIE
"Kotlet sojowy panierowany, smażony",Dania gotowe i fast food,285,16.0,15.0,21.0,4.5,,NISKA,KATEGORIA,,soja,,,kategoria: —; wartości po obróbce termicznej (katalog diet liczy na surowo); kategoria z góry na NIE,NIE
Curry warzywne z mleczkiem kokosowym,Dania gotowe i fast food,105,2.5,6.5,9.0,2.4,przyprawa,WYSOKA,SŁOWO_KLUCZOWE,*,,,STAŁY,słowo_kluczowe: przyprawa; kategoria Dania gotowe i fast food; kategoria z góry na NIE,NIE
Owsianka na mleku z owocami (gotowa),Dania gotowe i fast food,115,4.0,3.0,18.0,2.0,płatki,ŚREDNIA,SŁOWO_KLUCZOWE,"gotowanie,na_zimno",gluten,gluten,LINIOWY,słowo_kluczowe: płatki; kategoria Dania gotowe i fast food; kategoria z góry na NIE,NIE
Musztarda sarepska,Przyprawy i dodatki,155,6.5,9.5,9.0,3.5,sos,WYSOKA,SŁOWO_KLUCZOWE,na_zimno,gorczyca,,STAŁY,słowo_kluczowe: sos; kategoria Przyprawy i dodatki,
Musztarda miodowa,Przyprawy i dodatki,190,5.0,8.0,24.0,2.5,słodzik,ŚREDNIA,SŁOWO_KLUCZOWE,na_zimno,gorczyca,,TŁUMIONY,słowo_kluczowe: słodzik; kategoria Przyprawy i dodatki,
Keczup,Przyprawy i dodatki,105,1.5,0.2,24.0,1.0,przyprawa,NISKA,KATEGORIA,*,,,STAŁY,kategoria: przyprawa,
Keczup bez dodatku cukru,Przyprawy i dodatki,55,1.5,0.2,11.0,1.2,przyprawa,NISKA,KATEGORIA,*,,,STAŁY,kategoria: przyprawa,
Majonez light,Przyprawy i dodatki,320,0.8,30.0,9.0,0.2,sos,ŚREDNIA,SŁOWO_KLUCZOWE,na_zimno,jaja,egg,STAŁY,słowo_kluczowe: sos; kategoria Przyprawy i dodatki,
Sos czosnkowy,Przyprawy i dodatki,340,1.5,34.0,7.0,0.3,sos,WYSOKA,SŁOWO_KLUCZOWE,na_zimno,,,STAŁY,słowo_kluczowe: sos; kategoria Przyprawy i dodatki,
Sos barbecue,Przyprawy i dodatki,165,1.0,0.5,39.0,0.8,sos,WYSOKA,SŁOWO_KLUCZOWE,na_zimno,,,STAŁY,słowo_kluczowe: sos; kategoria Przyprawy i dodatki,
Sos sojowy jasny,Przyprawy i dodatki,60,6.0,0.1,8.5,0.2,sos,WYSOKA,SŁOWO_KLUCZOWE,na_zimno,soja,,STAŁY,słowo_kluczowe: sos; kategoria Przyprawy i dodatki,
Sos teriyaki,Przyprawy i dodatki,130,4.5,0.1,27.5,0.2,sos,WYSOKA,SŁOWO_KLUCZOWE,na_zimno,,,STAŁY,słowo_kluczowe: sos; kategoria Przyprawy i dodatki,
Sos ostry chili (sriracha),Przyprawy i dodatki,95,1.9,0.9,19.0,2.2,sos,WYSOKA,SŁOWO_KLUCZOWE,na_zimno,,,STAŁY,słowo_kluczowe: sos; kategoria Przyprawy i dodatki,
Pesto bazyliowe,Przyprawy i dodatki,460,5.0,46.0,6.0,1.5,przyprawa,ŚREDNIA,SŁOWO_KLUCZOWE,*,,,STAŁY,słowo_kluczowe: przyprawa; kategoria Przyprawy i dodatki,
Miód pszczeli wielokwiatowy,Przyprawy i dodatki,324,0.3,0.0,80.5,0.0,słodzik,WYSOKA,SŁOWO_KLUCZOWE,na_zimno,,,TŁUMIONY,słowo_kluczowe: słodzik; kategoria Przyprawy i dodatki,
Syrop z agawy,Przyprawy i dodatki,310,0.0,0.0,76.0,0.2,słodzik,WYSOKA,SŁOWO_KLUCZOWE,na_zimno,,,TŁUMIONY,słowo_kluczowe: słodzik; kategoria Przyprawy i dodatki,
Cukier biały,Przyprawy i dodatki,400,0.0,0.0,100.0,0.0,przyprawa,NISKA,KATEGORIA,*,,,STAŁY,kategoria: przyprawa,
Cukier trzcinowy,Przyprawy i dodatki,390,0.0,0.0,97.5,0.0,przyprawa,NISKA,KATEGORIA,*,,,STAŁY,kategoria: przyprawa,
Dżem truskawkowy niskosłodzony,Przyprawy i dodatki,130,0.4,0.1,32.0,1.0,owoce_jagodowe,ŚREDNIA,SŁOWO_KLUCZOWE,na_zimno,,,TŁUMIONY,słowo_kluczowe: owoce_jagodowe; kategoria Przyprawy i dodatki,
Powidła śliwkowe,Przyprawy i dodatki,210,0.7,0.2,52.0,2.5,słodzik,ŚREDNIA,SŁOWO_KLUCZOWE,na_zimno,,,TŁUMIONY,słowo_kluczowe: słodzik; kategoria Przyprawy i dodatki,
Bulion warzywny w płynie (przygotowany),Przyprawy i dodatki,5,0.2,0.2,0.5,0.0,płyn,WYSOKA,SŁOWO_KLUCZOWE,gotowanie,,,STAŁY,słowo_kluczowe: płyn; kategoria Przyprawy i dodatki,
Drożdże piekarskie świeże,Przyprawy i dodatki,105,8.5,0.5,18.0,7.0,przyprawa,NISKA,KATEGORIA,*,,,STAŁY,kategoria: przyprawa,
Proszek do pieczenia,Przyprawy i dodatki,53,0.0,0.0,28.0,0.2,przyprawa,NISKA,KATEGORIA,*,,,STAŁY,kategoria: przyprawa,
"Kakao naturalne, proszek",Przyprawy i dodatki,228,19.6,13.7,13.5,37.0,przyprawa,NISKA,KATEGORIA,*,,,STAŁY,kategoria: przyprawa,
"Karob, proszek",Przyprawy i dodatki,222,4.6,0.7,49.0,39.8,przyprawa,NISKA,KATEGORIA,*,,,STAŁY,kategoria: przyprawa,
"Wanilia, ekstrakt",Przyprawy i dodatki,288,0.1,0.1,12.7,0.0,przyprawa,NISKA,KATEGORIA,*,,,STAŁY,kategoria: przyprawa,
"Imbir świeży, tarty",Przyprawy i dodatki,80,1.8,0.8,15.8,2.0,przyprawa,WYSOKA,SŁOWO_KLUCZOWE,*,,,STAŁY,słowo_kluczowe: przyprawa; kategoria Przyprawy i dodatki,
Sól morska,Przyprawy i dodatki,0,0.0,0.0,0.0,0.0,przyprawa,WYSOKA,SŁOWO_KLUCZOWE,*,,,STAŁY,słowo_kluczowe: przyprawa; kategoria Przyprawy i dodatki,
Zioła prowansalskie,Przyprawy i dodatki,259,7.5,6.5,26.0,37.5,przyprawa,ŚREDNIA,SŁOWO_KLUCZOWE,*,,,STAŁY,słowo_kluczowe: przyprawa; kategoria Przyprawy i dodatki,
Bazylii liście suszone,Przyprawy i dodatki,233,23.0,4.1,19.0,37.7,słodzik,ŚREDNIA,SŁOWO_KLUCZOWE,na_zimno,,,TŁUMIONY,słowo_kluczowe: słodzik; kategoria Przyprawy i dodatki,
"Ziemniaki młode, gotowane",Warzywa,70,1.8,0.1,15.5,1.6,skrobiowe,WYSOKA,SŁOWO_KLUCZOWE,"gotowanie,pieczenie",,,LINIOWY,słowo_kluczowe: skrobiowe; kategoria Warzywa,
Pomidor malinowy,Warzywa,19,0.9,0.2,3.5,1.1,warzywa_surowe,WYSOKA,SŁOWO_KLUCZOWE,na_zimno,,,TŁUMIONY,słowo_kluczowe: warzywa_surowe; kategoria Warzywa,
Ogórek gruntowy,Warzywa,14,0.7,0.1,2.9,0.5,warzywa_surowe,WYSOKA,SŁOWO_KLUCZOWE,na_zimno,,,TŁUMIONY,słowo_kluczowe: warzywa_surowe; kategoria Warzywa,
Ogórek małosolny,Warzywa,12,0.7,0.1,1.8,0.7,warzywa_surowe,WYSOKA,SŁOWO_KLUCZOWE,na_zimno,,,TŁUMIONY,słowo_kluczowe: warzywa_surowe; kategoria Warzywa,
Papryka konserwowa (odsączona),Warzywa,30,0.9,0.2,6.5,1.3,warzywa_surowe,WYSOKA,SŁOWO_KLUCZOWE,na_zimno,,,TŁUMIONY,słowo_kluczowe: warzywa_surowe; kategoria Warzywa,
Buraczki zasmażane,Warzywa,62,1.5,2.0,10.0,2.2,warzywa_gotowane,ŚREDNIA,SŁOWO_KLUCZOWE,"gotowanie,pieczenie",,,TŁUMIONY,słowo_kluczowe: warzywa_gotowane; kategoria Warzywa,
Surówka z marchwi i jabłka,Warzywa,55,0.8,1.5,10.0,2.2,owoce,ŚREDNIA,SŁOWO_KLUCZOWE,na_zimno,,,DYSKRETNY,słowo_kluczowe: owoce; kategoria Warzywa,
Surówka colesław,Warzywa,95,1.0,6.5,8.0,1.8,warzywa_gotowane,NISKA,KATEGORIA,"gotowanie,pieczenie",,,TŁUMIONY,kategoria: warzywa_gotowane,
Mizeria ze śmietaną,Warzywa,35,1.2,2.0,3.0,0.5,dodatek_tłuszczowy,ŚREDNIA,SŁOWO_KLUCZOWE,"gotowanie,na_zimno",mleko,"dairy,lactose",TŁUMIONY,słowo_kluczowe: dodatek_tłuszczowy; kategoria Warzywa,
"Grzyby mun, suszone",Warzywa,284,9.3,0.7,73.0,70.1,słodzik,ŚREDNIA,SŁOWO_KLUCZOWE,na_zimno,,,TŁUMIONY,słowo_kluczowe: słodzik; kategoria Warzywa,
Podgrzybki marynowane (odsączone),Warzywa,35,2.5,0.5,5.5,2.5,warzywa_gotowane,ŚREDNIA,SŁOWO_KLUCZOWE,"gotowanie,pieczenie",,,TŁUMIONY,słowo_kluczowe: warzywa_gotowane; kategoria Warzywa,
Szczaw,Warzywa,22,2.0,0.7,3.2,2.9,warzywa_gotowane,NISKA,KATEGORIA,"gotowanie,pieczenie",,,TŁUMIONY,kategoria: warzywa_gotowane,
Bazylia świeża,Warzywa,23,3.2,0.6,2.7,1.6,przyprawa,ŚREDNIA,SŁOWO_KLUCZOWE,*,,,STAŁY,słowo_kluczowe: przyprawa; kategoria Warzywa,
Kolendra świeża,Warzywa,23,2.1,0.5,3.7,2.8,warzywa_gotowane,NISKA,KATEGORIA,"gotowanie,pieczenie",,,TŁUMIONY,kategoria: warzywa_gotowane,
Mięta świeża,Warzywa,44,3.3,0.7,8.4,6.8,warzywa_gotowane,NISKA,KATEGORIA,"gotowanie,pieczenie",,,TŁUMIONY,kategoria: warzywa_gotowane,
Pomidory pelati (całe z puszki),Warzywa,26,1.2,0.2,4.5,1.1,warzywa_surowe,ŚREDNIA,SŁOWO_KLUCZOWE,na_zimno,,,TŁUMIONY,słowo_kluczowe: warzywa_surowe; kategoria Warzywa,
Ajvar (pasta paprykowa),Warzywa,90,1.5,4.5,11.0,2.5,warzywa_gotowane,NISKA,KATEGORIA,"gotowanie,pieczenie",,,TŁUMIONY,kategoria: warzywa_gotowane,
Leczo w słoiku (przetwór),Warzywa,55,1.5,2.5,6.5,1.5,warzywa_gotowane,NISKA,KATEGORIA,"gotowanie,pieczenie",,,TŁUMIONY,kategoria: warzywa_gotowane,
"Szparagi białe, gotowane",Warzywa,18,1.9,0.1,3.3,1.5,warzywa_gotowane,ŚREDNIA,SŁOWO_KLUCZOWE,"gotowanie,pieczenie",,,TŁUMIONY,słowo_kluczowe: warzywa_gotowane; kategoria Warzywa,
Pak choi,Warzywa,13,1.5,0.2,2.2,1.0,warzywa_gotowane,NISKA,KATEGORIA,"gotowanie,pieczenie",,,TŁUMIONY,kategoria: warzywa_gotowane,
Okra,Warzywa,33,1.9,0.2,7.5,3.2,warzywa_gotowane,NISKA,KATEGORIA,"gotowanie,pieczenie",,,TŁUMIONY,kategoria: warzywa_gotowane,
Karob strąki (świeże warzywo klimatyczne),Warzywa,222,4.6,0.7,49.0,40.0,warzywa_gotowane,NISKA,KATEGORIA,"gotowanie,pieczenie",,,TŁUMIONY,kategoria: warzywa_gotowane,
Ćwikła z chrzanem,Warzywa,65,1.4,0.3,14.5,2.4,warzywa_gotowane,NISKA,KATEGORIA,"gotowanie,pieczenie",,,TŁUMIONY,kategoria: warzywa_gotowane,
Pasta warzywna do smarowania (paprykowa),Warzywa,145,2.5,11.0,9.0,2.5,warzywa_gotowane,NISKA,KATEGORIA,"gotowanie,pieczenie",,,TŁUMIONY,kategoria: warzywa_gotowane,
Jabłko pieczone,Owoce,65,0.3,0.2,17.0,2.5,owoce,NISKA,SŁOWO_KLUCZOWE,na_zimno,,,DYSKRETNY,słowo_kluczowe: owoce; kategoria Owoce; wartości po obróbce termicznej (katalog diet liczy na surowo),
Banan suszony (chipsy bananowe),Owoce,519,2.3,33.6,58.4,7.7,słodzik,ŚREDNIA,SŁOWO_KLUCZOWE,na_zimno,,,TŁUMIONY,słowo_kluczowe: słodzik; kategoria Owoce,
Mango suszone,Owoce,319,2.5,1.2,78.6,2.4,słodzik,ŚREDNIA,SŁOWO_KLUCZOWE,na_zimno,,,TŁUMIONY,słowo_kluczowe: słodzik; kategoria Owoce,
Ananas suszony,Owoce,340,1.5,0.6,82.0,5.5,słodzik,ŚREDNIA,SŁOWO_KLUCZOWE,na_zimno,,,TŁUMIONY,słowo_kluczowe: słodzik; kategoria Owoce,
"Jagody goji, suszone",Owoce,349,14.3,0.4,77.1,13.0,owoce_jagodowe,ŚREDNIA,SŁOWO_KLUCZOWE,na_zimno,,,TŁUMIONY,słowo_kluczowe: owoce_jagodowe; kategoria Owoce,
"Morwa biała, suszona",Owoce,320,10.0,2.5,69.5,8.5,słodzik,ŚREDNIA,SŁOWO_KLUCZOWE,na_zimno,,,TŁUMIONY,słowo_kluczowe: słodzik; kategoria Owoce,
Wiśnie mrożone,Owoce,46,0.9,0.3,11.0,1.5,owoce,NISKA,KATEGORIA,na_zimno,,,DYSKRETNY,kategoria: owoce,
Śliwki mrożone,Owoce,45,0.7,0.2,11.0,1.4,owoce,ŚREDNIA,SŁOWO_KLUCZOWE,na_zimno,,,DYSKRETNY,słowo_kluczowe: owoce; kategoria Owoce,
Borówka amerykańska,Owoce,57,0.7,0.3,14.5,2.4,owoce_jagodowe,ŚREDNIA,SŁOWO_KLUCZOWE,na_zimno,,,TŁUMIONY,słowo_kluczowe: owoce_jagodowe; kategoria Owoce,
Owoc smoczy (pitaja),Owoce,60,1.2,0.4,13.0,3.0,owoce,NISKA,KATEGORIA,na_zimno,,,DYSKRETNY,kategoria: owoce,
Karambola,Owoce,31,1.0,0.3,6.7,2.8,owoce,NISKA,KATEGORIA,na_zimno,,,DYSKRETNY,kategoria: owoce,
Gujawa,Owoce,68,2.6,1.0,14.3,5.4,owoce,NISKA,KATEGORIA,na_zimno,,,DYSKRETNY,kategoria: owoce,
Nesplik (miszpelnik),Owoce,47,0.4,0.2,12.1,1.7,owoce,NISKA,KATEGORIA,na_zimno,,,DYSKRETNY,kategoria: owoce,
Pigwa,Owoce,57,0.4,0.1,15.3,1.9,owoce,NISKA,KATEGORIA,na_zimno,,,DYSKRETNY,kategoria: owoce,
Żurawina mrożona,Owoce,46,0.4,0.1,12.0,4.6,owoce_jagodowe,ŚREDNIA,SŁOWO_KLUCZOWE,na_zimno,,,TŁUMIONY,słowo_kluczowe: owoce_jagodowe; kategoria Owoce,
Koktajl bananowo-truskawkowy (na mleku 2%),Owoce,72,2.5,1.4,12.5,0.9,owoce_jagodowe,ŚREDNIA,SŁOWO_KLUCZOWE,na_zimno,,,TŁUMIONY,słowo_kluczowe: owoce_jagodowe; kategoria Owoce,
Przecier owocowy dla aktywnych (saszetka),Owoce,65,0.5,0.2,15.0,1.5,owoce,NISKA,KATEGORIA,na_zimno,,,DYSKRETNY,kategoria: owoce,
Ser gouda light,Nabiał,270,31.0,16.0,1.0,0.0,ser,WYSOKA,SŁOWO_KLUCZOWE,"pieczenie,na_zimno",mleko,"dairy,lactose",LINIOWY,słowo_kluczowe: ser; kategoria Nabiał,
Ser havarti,Nabiał,371,24.0,30.0,1.0,0.0,nabiał_tłusty,NISKA,KATEGORIA,na_zimno,mleko,"dairy,lactose",LINIOWY,kategoria: nabiał_tłusty,
Ser provolone,Nabiał,351,25.6,26.6,2.1,0.0,nabiał_tłusty,NISKA,KATEGORIA,na_zimno,mleko,"dairy,lactose",LINIOWY,kategoria: nabiał_tłusty,
Ser pecorino,Nabiał,387,28.5,30.0,0.2,0.0,nabiał_tłusty,NISKA,KATEGORIA,na_zimno,mleko,"dairy,lactose",LINIOWY,kategoria: nabiał_tłusty,
Ser halloumi light,Nabiał,255,24.0,17.0,2.5,0.0,ser,WYSOKA,SŁOWO_KLUCZOWE,"pieczenie,na_zimno",mleko,"dairy,lactose",LINIOWY,słowo_kluczowe: ser; kategoria Nabiał,
Ser paneer,Nabiał,296,18.9,23.4,3.6,0.0,nabiał_tłusty,NISKA,KATEGORIA,na_zimno,mleko,"dairy,lactose",LINIOWY,kategoria: nabiał_tłusty,
Labneh (jogurt odsączany),Nabiał,174,6.5,15.0,4.0,0.0,nabiał_tłusty,NISKA,KATEGORIA,na_zimno,mleko,"dairy,lactose",LINIOWY,kategoria: nabiał_tłusty,
Ayran,Nabiał,38,1.9,1.8,3.4,0.0,nabiał_chudy,NISKA,KATEGORIA,na_zimno,mleko,"dairy,lactose",LINIOWY,kategoria: nabiał_chudy,
Kwark (twaróg niemiecki),Nabiał,68,12.0,0.3,4.0,0.0,nabiał_chudy,NISKA,KATEGORIA,na_zimno,mleko,"dairy,lactose",LINIOWY,kategoria: nabiał_chudy,
Jogurt kokosowy naturalny (roślinny),Nabiał,155,1.5,14.5,5.0,1.0,nabiał_chudy,WYSOKA,SŁOWO_KLUCZOWE,na_zimno,mleko,"dairy,lactose",LINIOWY,słowo_kluczowe: nabiał_chudy; kategoria Nabiał,
Skyr waniliowy,Nabiał,75,10.0,0.2,8.0,0.0,nabiał_chudy,WYSOKA,SŁOWO_KLUCZOWE,na_zimno,mleko,"dairy,lactose",LINIOWY,słowo_kluczowe: nabiał_chudy; kategoria Nabiał,
Serek grani (do dzieci) waniliowy,Nabiał,122,7.5,3.5,15.0,0.0,nabiał_chudy,NISKA,KATEGORIA,na_zimno,mleko,"dairy,lactose",LINIOWY,kategoria: nabiał_chudy,
Śmietanka do kawy 10% (porcja),Nabiał,118,3.0,10.0,4.2,0.0,dodatek_tłuszczowy,WYSOKA,SŁOWO_KLUCZOWE,"gotowanie,na_zimno",mleko,"dairy,lactose",TŁUMIONY,słowo_kluczowe: dodatek_tłuszczowy; kategoria Nabiał,
Mleko skondensowane słodzone,Nabiał,320,7.5,8.5,54.5,0.0,mleko,WYSOKA,SŁOWO_KLUCZOWE,"gotowanie,na_zimno",mleko,"dairy,lactose",LINIOWY,słowo_kluczowe: mleko; kategoria Nabiał,
Kajmak (masa krówkowa),Nabiał,315,6.5,7.5,56.0,0.0,nabiał_tłusty,NISKA,KATEGORIA,na_zimno,mleko,"dairy,lactose",LINIOWY,kategoria: nabiał_tłusty,
Twaróg sernikowy (wiaderko),Nabiał,150,14.0,8.0,4.5,0.0,ser,ŚREDNIA,SŁOWO_KLUCZOWE,"pieczenie,na_zimno",mleko,"dairy,lactose",LINIOWY,słowo_kluczowe: ser; kategoria Nabiał,
Ser mozzarella tarta,Nabiał,302,22.5,22.5,2.5,0.0,ser,WYSOKA,SŁOWO_KLUCZOWE,"pieczenie,na_zimno",mleko,"dairy,lactose",LINIOWY,słowo_kluczowe: ser; kategoria Nabiał,
Ser do zapiekania (mix tarty),Nabiał,350,24.0,27.0,2.5,0.0,nabiał_tłusty,NISKA,KATEGORIA,na_zimno,mleko,"dairy,lactose",LINIOWY,kategoria: nabiał_tłusty,
Ser cottage z ananasem,Nabiał,105,9.5,3.5,8.5,0.3,owoce,ŚREDNIA,SŁOWO_KLUCZOWE,na_zimno,mleko,"dairy,lactose",DYSKRETNY,słowo_kluczowe: owoce; kategoria Nabiał,
"Stek z polędwicy wołowej, grillowany",Mięso i drób,179,26.0,8.5,0.0,0.0,białko_chude,NISKA,SŁOWO_KLUCZOWE,"smażenie,pieczenie",,meat,LINIOWY,słowo_kluczowe: białko_chude; kategoria Mięso i drób; wartości po obróbce termicznej (katalog diet liczy na surowo),
"Rostbef pieczony, plastry",Mięso i drób,168,26.5,6.5,0.5,0.0,białko_chude,NISKA,KATEGORIA,"smażenie,pieczenie",,meat,LINIOWY,kategoria: białko_chude; wartości po obróbce termicznej (katalog diet liczy na surowo),
Pieczeń wieprzowa,Mięso i drób,205,24.0,12.0,0.5,0.0,białko_chude,NISKA,KATEGORIA,"smażenie,pieczenie",,meat,LINIOWY,kategoria: białko_chude,
Pulled pork (szarpana wieprzowina),Mięso i drób,215,22.0,13.5,1.5,0.0,białko_chude,NISKA,KATEGORIA,"smażenie,pieczenie",,meat,LINIOWY,kategoria: białko_chude,
Kurczak tikka (kawałki pieczone),Mięso i drób,172,23.5,8.0,2.5,0.3,białko_chude,NISKA,KATEGORIA,"smażenie,pieczenie",,meat,LINIOWY,kategoria: białko_chude,
Wołowina po burgundzku (duszona),Mięso i drób,165,19.5,8.5,3.0,0.5,białko_chude,NISKA,KATEGORIA,"smażenie,pieczenie",,meat,LINIOWY,kategoria: białko_chude,
Zrazy wołowe zawijane,Mięso i drób,178,18.5,10.0,4.0,0.7,białko_chude,NISKA,KATEGORIA,"smażenie,pieczenie",,meat,LINIOWY,kategoria: białko_chude,
Kotlet de volaille,Mięso i drób,296,18.0,19.5,12.5,0.6,białko_chude,NISKA,KATEGORIA,"smażenie,pieczenie",,meat,LINIOWY,kategoria: białko_chude,
"Kurczak w sezamie, pieczony",Mięso i drób,218,22.5,11.0,8.0,1.0,nasiona,NISKA,SŁOWO_KLUCZOWE,na_zimno,sezam,meat,LINIOWY,słowo_kluczowe: nasiona; kategoria Mięso i drób; wartości po obróbce termicznej (katalog diet liczy na surowo),
Wątróbka drobiowa smażona z cebulą,Mięso i drób,172,18.5,9.0,4.5,0.5,warzywa_aromat,NISKA,SŁOWO_KLUCZOWE,"smażenie,gotowanie",,meat,TŁUMIONY,słowo_kluczowe: warzywa_aromat; kategoria Mięso i drób; wartości po obróbce termicznej (katalog diet liczy na surowo),
Szynka parmeńska,Mięso i drób,267,25.5,18.0,0.3,0.0,wędlina,WYSOKA,SŁOWO_KLUCZOWE,na_zimno,,meat,TŁUMIONY,słowo_kluczowe: wędlina; kategoria Mięso i drób,
Bresaola (suszona wołowina),Mięso i drób,151,32.0,2.6,0.4,0.0,białko_chude,NISKA,KATEGORIA,"smażenie,pieczenie",,meat,LINIOWY,kategoria: białko_chude,
Jerky wołowe (suszone paski),Mięso i drób,410,33.2,25.6,11.0,0.0,białko_chude,NISKA,KATEGORIA,"smażenie,pieczenie",,meat,LINIOWY,kategoria: białko_chude,
Pastrami wołowe,Mięso i drób,147,21.5,6.0,1.5,0.0,białko_chude,NISKA,KATEGORIA,"smażenie,pieczenie",,meat,LINIOWY,kategoria: białko_chude,
Kiełbasa żywiecka,Mięso i drób,326,17.5,28.0,1.0,0.0,wędlina,ŚREDNIA,SŁOWO_KLUCZOWE,na_zimno,,meat,TŁUMIONY,słowo_kluczowe: wędlina; kategoria Mięso i drób,
Kiełbasa jałowcowa,Mięso i drób,341,19.0,29.0,1.0,0.0,wędlina,ŚREDNIA,SŁOWO_KLUCZOWE,na_zimno,,meat,TŁUMIONY,słowo_kluczowe: wędlina; kategoria Mięso i drób,
Kindziuk / kumpiak,Mięso i drób,380,26.0,30.0,0.5,0.0,białko_chude,NISKA,KATEGORIA,"smażenie,pieczenie",,meat,LINIOWY,kategoria: białko_chude,
Baleron gotowany,Mięso i drób,213,16.5,16.0,0.5,0.0,białko_chude,NISKA,KATEGORIA,"smażenie,pieczenie",,meat,LINIOWY,kategoria: białko_chude,
Ogonówka wędzona,Mięso i drób,289,15.5,25.0,0.5,0.0,białko_chude,NISKA,KATEGORIA,"smażenie,pieczenie",,meat,LINIOWY,kategoria: białko_chude; wartości po obróbce termicznej (katalog diet liczy na surowo),
"Pstrąg łososiowy, surowy",Ryby i owoce morza,140,19.9,6.6,0.0,0.0,ryba_tłusta,ŚREDNIA,SŁOWO_KLUCZOWE,na_zimno,ryby,fish,LINIOWY,słowo_kluczowe: ryba_tłusta; kategoria Ryby i owoce morza,
"Sieja, surowa",Ryby i owoce morza,134,19.1,6.2,0.0,0.0,ryba_chuda,NISKA,KATEGORIA,"pieczenie,smażenie",ryby,fish,LINIOWY,kategoria: ryba_chuda,
"Sielawa, surowa",Ryby i owoce morza,98,18.5,2.5,0.0,0.0,ryba_chuda,NISKA,KATEGORIA,"pieczenie,smażenie",ryby,fish,LINIOWY,kategoria: ryba_chuda,
"Leszcz, surowy",Ryby i owoce morza,105,17.0,4.0,0.0,0.0,ryba_chuda,NISKA,KATEGORIA,"pieczenie,smażenie",ryby,fish,LINIOWY,kategoria: ryba_chuda,
"Lin, surowy",Ryby i owoce morza,77,17.2,0.7,0.0,0.0,ryba_chuda,NISKA,KATEGORIA,"pieczenie,smażenie",ryby,fish,LINIOWY,kategoria: ryba_chuda,
"Turbot, surowy",Ryby i owoce morza,95,16.0,3.0,0.0,0.0,ryba_chuda,NISKA,KATEGORIA,"pieczenie,smażenie",ryby,fish,LINIOWY,kategoria: ryba_chuda,
Zander filet mrożony,Ryby i owoce morza,84,19.0,0.8,0.0,0.0,ryba_chuda,NISKA,KATEGORIA,"pieczenie,smażenie",ryby,fish,LINIOWY,kategoria: ryba_chuda,
Mintaj filet mrożony,Ryby i owoce morza,72,16.5,0.6,0.0,0.0,białko_chude,ŚREDNIA,SŁOWO_KLUCZOWE,"smażenie,pieczenie",ryby,fish,LINIOWY,słowo_kluczowe: białko_chude; kategoria Ryby i owoce morza,
Miruna filet mrożony,Ryby i owoce morza,84,18.5,1.2,0.0,0.0,ryba_chuda,NISKA,KATEGORIA,"pieczenie,smażenie",ryby,fish,LINIOWY,kategoria: ryba_chuda,
"Ryba maślana, surowa",Ryby i owoce morza,195,16.0,14.5,0.0,0.0,ryba_chuda,NISKA,KATEGORIA,"pieczenie,smażenie",ryby,fish,LINIOWY,kategoria: ryba_chuda,
Śledź matjas (odsączony),Ryby i owoce morza,220,14.5,18.0,0.5,0.0,ryba_tłusta,WYSOKA,SŁOWO_KLUCZOWE,na_zimno,ryby,fish,LINIOWY,słowo_kluczowe: ryba_tłusta; kategoria Ryby i owoce morza,
Rolmops (śledź marynowany zwijany),Ryby i owoce morza,152,13.5,10.0,2.5,0.2,ryba_chuda,NISKA,KATEGORIA,"pieczenie,smażenie",ryby,fish,LINIOWY,kategoria: ryba_chuda,
Pasta rybna z makreli wędzonej,Ryby i owoce morza,245,14.0,20.0,2.5,0.3,ryba_tłusta,NISKA,SŁOWO_KLUCZOWE,na_zimno,ryby,fish,LINIOWY,słowo_kluczowe: ryba_tłusta; kategoria Ryby i owoce morza; wartości po obróbce termicznej (katalog diet liczy na surowo),
Sałatka śledziowa w śmietanie,Ryby i owoce morza,185,8.5,14.5,6.0,0.8,ryba_tłusta,ŚREDNIA,SŁOWO_KLUCZOWE,na_zimno,ryby,fish,LINIOWY,słowo_kluczowe: ryba_tłusta; kategoria Ryby i owoce morza,
Tuńczyk stek mrożony,Ryby i owoce morza,108,24.0,0.6,0.0,0.0,białko_chude,ŚREDNIA,SŁOWO_KLUCZOWE,"smażenie,pieczenie",ryby,fish,LINIOWY,słowo_kluczowe: białko_chude; kategoria Ryby i owoce morza,
Krewetki koktajlowe w zalewie (odsączone),Ryby i owoce morza,90,18.5,1.2,1.0,0.0,białko_chude,WYSOKA,SŁOWO_KLUCZOWE,"smażenie,pieczenie","ryby,skorupiaki",fish,LINIOWY,słowo_kluczowe: białko_chude; kategoria Ryby i owoce morza,
Ryba po grecku (z warzywami),Ryby i owoce morza,128,9.5,7.0,7.0,1.5,ryba_chuda,NISKA,KATEGORIA,"pieczenie,smażenie",ryby,fish,LINIOWY,kategoria: ryba_chuda,
"Pierogi leniwe, gotowane",Dania gotowe i fast food,205,9.0,4.5,32.5,1.0,,NISKA,KATEGORIA,,gluten,gluten,,kategoria: —; kategoria z góry na NIE,NIE
Knedle ze śliwkami,Dania gotowe i fast food,185,4.0,2.5,37.0,1.8,owoce,ŚREDNIA,SŁOWO_KLUCZOWE,na_zimno,,,DYSKRETNY,słowo_kluczowe: owoce; kategoria Dania gotowe i fast food; kategoria z góry na NIE,NIE
Racuchy z jabłkami,Dania gotowe i fast food,265,6.0,9.5,39.5,1.8,owoce,ŚREDNIA,SŁOWO_KLUCZOWE,na_zimno,,,DYSKRETNY,słowo_kluczowe: owoce; kategoria Dania gotowe i fast food; kategoria z góry na NIE,NIE
Omlet biszkoptowy z owocami,Dania gotowe i fast food,155,8.5,5.5,18.5,1.2,,NISKA,KATEGORIA,,,,,kategoria: —; kategoria z góry na NIE,NIE
Szakszuka (jaja w pomidorach),Dania gotowe i fast food,105,6.5,6.5,5.5,1.5,,NISKA,KATEGORIA,,,,,kategoria: —; kategoria z góry na NIE,NIE
Tosty francuskie,Dania gotowe i fast food,245,9.0,11.0,27.5,1.2,,NISKA,KATEGORIA,,,,,kategoria: —; kategoria z góry na NIE,NIE
Kanapka z szynką i serem,Dania gotowe i fast food,255,12.5,10.0,28.5,2.2,wędlina,ŚREDNIA,SŁOWO_KLUCZOWE,na_zimno,,,TŁUMIONY,słowo_kluczowe: wędlina; kategoria Dania gotowe i fast food; kategoria z góry na NIE,NIE
Zapiekanka z pieczarkami i serem,Dania gotowe i fast food,230,8.5,8.0,31.5,2.0,warzywa_gotowane,ŚREDNIA,SŁOWO_KLUCZOWE,"gotowanie,pieczenie",,,TŁUMIONY,słowo_kluczowe: warzywa_gotowane; kategoria Dania gotowe i fast food; kategoria z góry na NIE,NIE
Krokiet z mięsem,Dania gotowe i fast food,235,9.0,10.5,26.0,1.4,,NISKA,KATEGORIA,,,,,kategoria: —; kategoria z góry na NIE,NIE
Kaszotto z warzywami,Dania gotowe i fast food,128,4.5,4.0,19.0,3.2,kasza_ryż,ŚREDNIA,SŁOWO_KLUCZOWE,gotowanie,,,LINIOWY,słowo_kluczowe: kasza_ryż; kategoria Dania gotowe i fast food; kategoria z góry na NIE,NIE
Ryż smażony z jajkiem i warzywami,Dania gotowe i fast food,152,5.0,5.0,22.0,1.3,jajka,NISKA,SŁOWO_KLUCZOWE,"smażenie,gotowanie,pieczenie",jaja,egg,DYSKRETNY,słowo_kluczowe: jajka; kategoria Dania gotowe i fast food; wartości po obróbce termicznej (katalog diet liczy na surowo); kategoria z góry na NIE,NIE
Chili con carne,Dania gotowe i fast food,128,9.0,5.5,10.5,3.4,,NISKA,KATEGORIA,,,,,kategoria: —; kategoria z góry na NIE,NIE
Gulasz wołowy,Dania gotowe i fast food,132,13.5,6.5,4.5,0.9,,NISKA,KATEGORIA,,,,,kategoria: —; kategoria z góry na NIE,NIE
Strogonow wołowy,Dania gotowe i fast food,118,11.0,6.5,4.0,0.7,,NISKA,KATEGORIA,,,,,kategoria: —; kategoria z góry na NIE,NIE
Potrawka drobiowa w sosie,Dania gotowe i fast food,112,12.0,5.0,4.5,0.6,,NISKA,KATEGORIA,,,,,kategoria: —; kategoria z góry na NIE,NIE
Klopsy rybne w sosie koperkowym,Dania gotowe i fast food,126,11.5,6.0,6.0,0.5,,NISKA,KATEGORIA,,ryby,fish,,kategoria: —; kategoria z góry na NIE,NIE
Zupa gulaszowa,Dania gotowe i fast food,78,5.5,3.5,6.0,1.0,,NISKA,KATEGORIA,,,,,kategoria: —; kategoria z góry na NIE,NIE
Zupa jarzynowa,Dania gotowe i fast food,42,1.5,1.5,5.8,1.5,,NISKA,KATEGORIA,,,,,kategoria: —; kategoria z góry na NIE,NIE
Zupa grochowa,Dania gotowe i fast food,85,4.5,3.0,10.0,3.0,strączki,ŚREDNIA,SŁOWO_KLUCZOWE,gotowanie,,,LINIOWY,słowo_kluczowe: strączki; kategoria Dania gotowe i fast food; kategoria z góry na NIE,NIE
Kapuśniak,Dania gotowe i fast food,48,1.8,2.5,4.8,1.5,,NISKA,KATEGORIA,,,,,kategoria: —; kategoria z góry na NIE,NIE
Zupa szczawiowa z jajkiem,Dania gotowe i fast food,65,2.5,4.0,4.5,0.8,jajka,ŚREDNIA,SŁOWO_KLUCZOWE,"smażenie,gotowanie,pieczenie",jaja,egg,DYSKRETNY,słowo_kluczowe: jajka; kategoria Dania gotowe i fast food; kategoria z góry na NIE,NIE
Flaki wołowe,Dania gotowe i fast food,85,8.5,4.5,2.5,0.5,,NISKA,KATEGORIA,,,,,kategoria: —; kategoria z góry na NIE,NIE
Zupa meksykańska,Dania gotowe i fast food,92,5.5,3.5,9.5,2.5,,NISKA,KATEGORIA,,,,,kategoria: —; kategoria z góry na NIE,NIE
Zupa tajska z mleczkiem kokosowym,Dania gotowe i fast food,88,3.5,6.0,5.0,1.0,,NISKA,KATEGORIA,,,,,kategoria: —; kategoria z góry na NIE,NIE
Zupa miso,Dania gotowe i fast food,35,2.5,1.2,3.5,0.8,,NISKA,KATEGORIA,,,,,kategoria: —; kategoria z góry na NIE,NIE
Ramen z kurczakiem,Dania gotowe i fast food,118,6.5,3.5,15.0,1.0,,NISKA,KATEGORIA,,,,,kategoria: —; kategoria z góry na NIE,NIE
Pho wołowe,Dania gotowe i fast food,85,6.0,1.5,11.5,0.6,,NISKA,KATEGORIA,,,,,kategoria: —; kategoria z góry na NIE,NIE
Kotlety z kalafiora,Dania gotowe i fast food,165,5.5,8.5,16.5,3.0,warzywa_gotowane,ŚREDNIA,SŁOWO_KLUCZOWE,"gotowanie,pieczenie",,,TŁUMIONY,słowo_kluczowe: warzywa_gotowane; kategoria Dania gotowe i fast food; kategoria z góry na NIE,NIE
Placuszki z cukinii,Dania gotowe i fast food,148,5.0,7.5,14.5,1.6,warzywa_gotowane,ŚREDNIA,SŁOWO_KLUCZOWE,"gotowanie,pieczenie",,,TŁUMIONY,słowo_kluczowe: warzywa_gotowane; kategoria Dania gotowe i fast food; kategoria z góry na NIE,NIE
Kotlety jaglane,Dania gotowe i fast food,178,5.5,6.0,25.5,2.6,,NISKA,KATEGORIA,,,,,kategoria: —; kategoria z góry na NIE,NIE
Pasta z makreli,Dania gotowe i fast food,230,13.5,18.5,2.0,0.3,ryba_tłusta,ŚREDNIA,SŁOWO_KLUCZOWE,na_zimno,ryby,fish,LINIOWY,słowo_kluczowe: ryba_tłusta; kategoria Dania gotowe i fast food; kategoria z góry na NIE,NIE
Pasta z tuńczyka z jajkiem,Dania gotowe i fast food,195,15.0,13.5,2.5,0.2,jajka,ŚREDNIA,SŁOWO_KLUCZOWE,"smażenie,gotowanie,pieczenie","jaja,ryby","egg,fish",DYSKRETNY,słowo_kluczowe: jajka; kategoria Dania gotowe i fast food; kategoria z góry na NIE,NIE
Pasta z awokado i jajka,Dania gotowe i fast food,175,6.5,15.0,4.0,3.5,tłuszcz_roślinny,ŚREDNIA,SŁOWO_KLUCZOWE,na_zimno,jaja,egg,LINIOWY,słowo_kluczowe: tłuszcz_roślinny; kategoria Dania gotowe i fast food; kategoria z góry na NIE,NIE
Pasta twarogowa ze szczypiorkiem,Dania gotowe i fast food,125,12.0,7.0,3.0,0.2,ser,ŚREDNIA,SŁOWO_KLUCZOWE,"pieczenie,na_zimno",mleko,"dairy,lactose",LINIOWY,słowo_kluczowe: ser; kategoria Dania gotowe i fast food; kategoria z góry na NIE,NIE
Smalczyk domowy ze skwarkami i jabłkiem,Dania gotowe i fast food,655,4.0,68.0,5.5,0.5,owoce,ŚREDNIA,SŁOWO_KLUCZOWE,na_zimno,,,DYSKRETNY,słowo_kluczowe: owoce; kategoria Dania gotowe i fast food; kategoria z góry na NIE,NIE
Sałatka jarzynowa z majonezem,Dania gotowe i fast food,155,2.5,11.5,10.0,2.0,warzywa_liściaste,ŚREDNIA,SŁOWO_KLUCZOWE,na_zimno,jaja,egg,TŁUMIONY,słowo_kluczowe: warzywa_liściaste; kategoria Dania gotowe i fast food; kategoria z góry na NIE,NIE
Sałatka z tuńczykiem i fasolą,Dania gotowe i fast food,125,9.5,6.0,7.5,2.5,warzywa_liściaste,ŚREDNIA,SŁOWO_KLUCZOWE,na_zimno,ryby,fish,TŁUMIONY,słowo_kluczowe: warzywa_liściaste; kategoria Dania gotowe i fast food; kategoria z góry na NIE,NIE
Sałatka z kurczakiem i awokado,Dania gotowe i fast food,145,11.0,9.0,4.0,2.0,warzywa_liściaste,ŚREDNIA,SŁOWO_KLUCZOWE,na_zimno,,,TŁUMIONY,słowo_kluczowe: warzywa_liściaste; kategoria Dania gotowe i fast food; kategoria z góry na NIE,NIE
Sałatka caprese,Dania gotowe i fast food,165,8.0,13.0,3.5,1.0,warzywa_liściaste,ŚREDNIA,SŁOWO_KLUCZOWE,na_zimno,,,TŁUMIONY,słowo_kluczowe: warzywa_liściaste; kategoria Dania gotowe i fast food; kategoria z góry na NIE,NIE
Tabbouleh,Dania gotowe i fast food,125,3.0,5.5,16.0,3.0,,NISKA,KATEGORIA,,,,,kategoria: —; kategoria z góry na NIE,NIE
Poke bowl z łososiem,Dania gotowe i fast food,145,8.5,5.0,16.5,1.8,ryba_tłusta,ŚREDNIA,SŁOWO_KLUCZOWE,na_zimno,ryby,fish,LINIOWY,słowo_kluczowe: ryba_tłusta; kategoria Dania gotowe i fast food; kategoria z góry na NIE,NIE
Buddha bowl z ciecierzycą,Dania gotowe i fast food,135,5.5,5.5,16.0,4.0,strączki,ŚREDNIA,SŁOWO_KLUCZOWE,gotowanie,,,LINIOWY,słowo_kluczowe: strączki; kategoria Dania gotowe i fast food; kategoria z góry na NIE,NIE
Kurczak po chińsku z warzywami,Dania gotowe i fast food,118,10.5,4.5,8.5,1.3,,NISKA,KATEGORIA,,,,,kategoria: —; kategoria z góry na NIE,NIE
Wołowina teriyaki z ryżem,Dania gotowe i fast food,152,9.0,4.0,19.5,0.8,kasza_ryż,ŚREDNIA,SŁOWO_KLUCZOWE,gotowanie,,,LINIOWY,słowo_kluczowe: kasza_ryż; kategoria Dania gotowe i fast food; kategoria z góry na NIE,NIE
Enchilada z kurczakiem,Dania gotowe i fast food,178,10.0,8.0,16.5,1.8,,NISKA,KATEGORIA,,,,,kategoria: —; kategoria z góry na NIE,NIE
Quesadilla serowa,Dania gotowe i fast food,290,12.0,15.5,26.0,1.6,,NISKA,KATEGORIA,,,,,kategoria: —; kategoria z góry na NIE,NIE
Hot dog z bułką,Dania gotowe i fast food,270,9.5,15.0,24.5,1.2,pieczywo,ŚREDNIA,SŁOWO_KLUCZOWE,na_zimno,gluten,gluten,DYSKRETNY,słowo_kluczowe: pieczywo; kategoria Dania gotowe i fast food; kategoria z góry na NIE,NIE
Zapiekanka bagietka z pieczarkami,Dania gotowe i fast food,245,8.0,9.5,31.5,1.8,pieczywo,ŚREDNIA,SŁOWO_KLUCZOWE,na_zimno,gluten,gluten,DYSKRETNY,słowo_kluczowe: pieczywo; kategoria Dania gotowe i fast food; kategoria z góry na NIE,NIE
Naleśniki ze szpinakiem i fetą,Dania gotowe i fast food,175,7.5,8.0,18.5,1.4,ser,ŚREDNIA,SŁOWO_KLUCZOWE,"pieczenie,na_zimno","mleko,gluten","dairy,lactose,gluten",LINIOWY,słowo_kluczowe: ser; kategoria Dania gotowe i fast food; kategoria z góry na NIE,NIE
Kluski leniwe z bułką tartą i masłem,Dania gotowe i fast food,245,8.5,8.5,34.5,1.1,pieczywo,ŚREDNIA,SŁOWO_KLUCZOWE,na_zimno,gluten,gluten,DYSKRETNY,słowo_kluczowe: pieczywo; kategoria Dania gotowe i fast food; kategoria z góry na NIE,NIE
"Owsianka górska (płatki górskie), suche",Zboża i pieczywo,372,12.5,7.5,61.5,10.5,płatki,ŚREDNIA,SŁOWO_KLUCZOWE,"gotowanie,na_zimno",gluten,gluten,LINIOWY,słowo_kluczowe: płatki; kategoria Zboża i pieczywo,
Owsianka proteinowa (mieszanka sucha),Zboża i pieczywo,380,25.0,7.5,48.0,8.5,białko_proszek,ŚREDNIA,SŁOWO_KLUCZOWE,na_zimno,gluten,gluten,LINIOWY,słowo_kluczowe: białko_proszek; kategoria Zboża i pieczywo,
Kasza manna błyskawiczna na mleku (gotowa),Zboża i pieczywo,105,3.5,2.4,17.5,0.5,kasza_ryż,WYSOKA,SŁOWO_KLUCZOWE,gotowanie,gluten,gluten,LINIOWY,słowo_kluczowe: kasza_ryż; kategoria Zboża i pieczywo,
Kleik ryżowy,Zboża i pieczywo,55,1.0,0.1,12.5,0.2,kasza_ryż,NISKA,SŁOWO_KLUCZOWE,gotowanie,,,LINIOWY,słowo_kluczowe: kasza_ryż; kategoria Zboża i pieczywo,
Chleb żytni razowy na miodzie,Zboża i pieczywo,235,5.5,1.6,47.0,6.0,słodzik,ŚREDNIA,SŁOWO_KLUCZOWE,na_zimno,gluten,gluten,TŁUMIONY,słowo_kluczowe: słodzik; kategoria Zboża i pieczywo,
Chleb słonecznikowy,Zboża i pieczywo,265,8.5,6.5,42.0,6.5,nasiona,ŚREDNIA,SŁOWO_KLUCZOWE,na_zimno,gluten,gluten,LINIOWY,słowo_kluczowe: nasiona; kategoria Zboża i pieczywo,
Chleb z ziarnami dyni,Zboża i pieczywo,270,9.5,7.0,41.0,6.0,nasiona,ŚREDNIA,SŁOWO_KLUCZOWE,na_zimno,gluten,gluten,LINIOWY,słowo_kluczowe: nasiona; kategoria Zboża i pieczywo,
Chleb kukurydziany,Zboża i pieczywo,265,6.0,4.5,49.5,3.0,pieczywo,NISKA,SŁOWO_KLUCZOWE,na_zimno,,,DYSKRETNY,słowo_kluczowe: pieczywo; kategoria Zboża i pieczywo,
Bułka do burgera pszenna,Zboża i pieczywo,295,8.5,4.5,53.0,2.5,pieczywo,ŚREDNIA,SŁOWO_KLUCZOWE,na_zimno,gluten,gluten,DYSKRETNY,słowo_kluczowe: pieczywo; kategoria Zboża i pieczywo,
Bułka do hot doga,Zboża i pieczywo,300,8.0,5.0,54.0,2.2,pieczywo,ŚREDNIA,SŁOWO_KLUCZOWE,na_zimno,gluten,gluten,DYSKRETNY,słowo_kluczowe: pieczywo; kategoria Zboża i pieczywo,
Muffin angielski (bułka śniadaniowa),Zboża i pieczywo,235,9.0,1.8,45.0,2.7,pieczywo,NISKA,KATEGORIA,na_zimno,,,DYSKRETNY,kategoria: pieczywo,
Pieczywo ryżowe cienkie,Zboża i pieczywo,392,8.0,3.0,81.0,3.5,kasza_ryż,NISKA,SŁOWO_KLUCZOWE,gotowanie,,,LINIOWY,słowo_kluczowe: kasza_ryż; kategoria Zboża i pieczywo,
Grissini (paluchy chlebowe),Zboża i pieczywo,412,12.0,9.5,68.5,3.5,pieczywo,NISKA,KATEGORIA,na_zimno,,,DYSKRETNY,kategoria: pieczywo,
Maca,Zboża i pieczywo,395,10.5,1.4,83.5,3.0,pieczywo,NISKA,KATEGORIA,na_zimno,,,DYSKRETNY,kategoria: pieczywo,
Ryż preparowany dmuchany,Zboża i pieczywo,388,6.5,1.0,87.0,1.5,kasza_ryż,NISKA,SŁOWO_KLUCZOWE,gotowanie,,,LINIOWY,słowo_kluczowe: kasza_ryż; kategoria Zboża i pieczywo,
"Kasza kukurydziana (polenta), sucha","Kasze, ryż i makarony",362,8.0,2.5,76.5,4.5,kasza_ryż,NISKA,SŁOWO_KLUCZOWE,gotowanie,,,LINIOWY,"słowo_kluczowe: kasza_ryż; kategoria Kasze, ryż i makarony",
"Polenta, ugotowana","Kasze, ryż i makarony",85,1.9,0.6,18.0,1.0,kasza_ryż,NISKA,KATEGORIA,gotowanie,,,LINIOWY,kategoria: kasza_ryż; wartości po obróbce termicznej (katalog diet liczy na surowo),
"Kasza orkiszowa, sucha","Kasze, ryż i makarony",338,13.0,2.2,65.0,8.8,kasza_ryż,WYSOKA,SŁOWO_KLUCZOWE,gotowanie,gluten,gluten,LINIOWY,"słowo_kluczowe: kasza_ryż; kategoria Kasze, ryż i makarony",
"Ryż arborio (do risotto), suchy","Kasze, ryż i makarony",349,6.5,0.9,78.0,1.4,kasza_ryż,NISKA,SŁOWO_KLUCZOWE,gotowanie,,,LINIOWY,"słowo_kluczowe: kasza_ryż; kategoria Kasze, ryż i makarony",
"Wermiszel (makaron nitki), suchy","Kasze, ryż i makarony",360,12.0,1.8,72.0,2.7,kasza_ryż,NISKA,KATEGORIA,gotowanie,,,LINIOWY,kategoria: kasza_ryż,
"Makaron świderki trójkolorowy, suchy","Kasze, ryż i makarony",355,12.0,1.8,71.0,3.5,makaron,WYSOKA,SŁOWO_KLUCZOWE,gotowanie,gluten,gluten,LINIOWY,"słowo_kluczowe: makaron; kategoria Kasze, ryż i makarony",
"Makaron łazanki, suchy","Kasze, ryż i makarony",362,11.5,2.0,72.5,3.0,makaron,WYSOKA,SŁOWO_KLUCZOWE,gotowanie,gluten,gluten,LINIOWY,"słowo_kluczowe: makaron; kategoria Kasze, ryż i makarony",
"Makaron konjac (shirataki), odsączony","Kasze, ryż i makarony",9,0.1,0.1,3.0,2.7,makaron,WYSOKA,SŁOWO_KLUCZOWE,gotowanie,gluten,gluten,LINIOWY,"słowo_kluczowe: makaron; kategoria Kasze, ryż i makarony",
"Kasza jęczmienna wiejska, sucha","Kasze, ryż i makarony",330,8.4,2.2,69.4,6.2,kasza_ryż,WYSOKA,SŁOWO_KLUCZOWE,gotowanie,gluten,gluten,LINIOWY,"słowo_kluczowe: kasza_ryż; kategoria Kasze, ryż i makarony",
"Kasza gryczana prażona w torebkach, ugotowana","Kasze, ryż i makarony",115,3.8,0.9,24.0,2.0,kasza_ryż,NISKA,SŁOWO_KLUCZOWE,gotowanie,,,LINIOWY,"słowo_kluczowe: kasza_ryż; kategoria Kasze, ryż i makarony; wartości po obróbce termicznej (katalog diet liczy na surowo)",
"Fasola Jaś, sucha",Rośliny strączkowe,286,20.5,1.5,47.0,15.5,strączki,NISKA,SŁOWO_KLUCZOWE,gotowanie,,,LINIOWY,słowo_kluczowe: strączki; kategoria Rośliny strączkowe,
"Fasolka szparagowa żółta, gotowana",Rośliny strączkowe,33,1.8,0.3,7.5,3.0,strączki,NISKA,SŁOWO_KLUCZOWE,gotowanie,,,LINIOWY,słowo_kluczowe: strączki; kategoria Rośliny strączkowe,
"Soczewica żółta, sucha",Rośliny strączkowe,347,24.0,1.5,60.0,10.5,strączki,NISKA,SŁOWO_KLUCZOWE,gotowanie,,,LINIOWY,słowo_kluczowe: strączki; kategoria Rośliny strączkowe,
Ciecierzyca pieczona chrupiąca (przekąska),Rośliny strączkowe,415,19.0,12.5,55.0,12.0,strączki,NISKA,SŁOWO_KLUCZOWE,gotowanie,,,LINIOWY,słowo_kluczowe: strączki; kategoria Rośliny strączkowe; wartości po obróbce termicznej (katalog diet liczy na surowo),
Tofu jedwabiste,Rośliny strączkowe,55,5.0,2.7,2.0,0.2,białko_roślinne,WYSOKA,SŁOWO_KLUCZOWE,"smażenie,pieczenie",soja,,LINIOWY,słowo_kluczowe: białko_roślinne; kategoria Rośliny strączkowe,
Tofu marynowane w ziołach,Rośliny strączkowe,125,13.0,7.0,2.5,0.6,białko_roślinne,WYSOKA,SŁOWO_KLUCZOWE,"smażenie,pieczenie",soja,,LINIOWY,słowo_kluczowe: białko_roślinne; kategoria Rośliny strączkowe,
Kotlet z tofu panierowany,Rośliny strączkowe,245,13.5,14.0,16.0,1.5,białko_roślinne,NISKA,SŁOWO_KLUCZOWE,"smażenie,pieczenie",soja,,LINIOWY,słowo_kluczowe: białko_roślinne; kategoria Rośliny strączkowe; wartości po obróbce termicznej (katalog diet liczy na surowo),
Napój sojowy wysokobiałkowy,Rośliny strączkowe,55,5.5,2.2,2.8,0.6,mleko,WYSOKA,SŁOWO_KLUCZOWE,"gotowanie,na_zimno","mleko,soja",dairy,LINIOWY,słowo_kluczowe: mleko; kategoria Rośliny strączkowe,
Pasta z soczewicy (wegańska),Rośliny strączkowe,165,8.0,8.5,14.0,5.0,strączki,NISKA,SŁOWO_KLUCZOWE,gotowanie,,,LINIOWY,słowo_kluczowe: strączki; kategoria Rośliny strączkowe,
Burger roślinny (kotlet),Rośliny strączkowe,220,15.5,13.0,9.0,4.5,strączki,NISKA,KATEGORIA,gotowanie,,,LINIOWY,kategoria: strączki,
Parówki sojowe,Rośliny strączkowe,196,15.0,13.5,3.5,2.0,wędlina,ŚREDNIA,SŁOWO_KLUCZOWE,na_zimno,soja,,TŁUMIONY,słowo_kluczowe: wędlina; kategoria Rośliny strączkowe,
Shake czekoladowy (fast food),Napoje,119,3.2,3.0,19.5,0.5,słodycze,ŚREDNIA,SŁOWO_KLUCZOWE,na_zimno,,,DYSKRETNY,słowo_kluczowe: słodycze; kategoria Napoje; kategoria z góry na NIE,NIE
Herbata owocowa (napar),Napoje,2,0.0,0.0,0.4,0.0,,NISKA,KATEGORIA,,,,,kategoria: —; kategoria z góry na NIE,NIE
Napar z pokrzywy,Napoje,1,0.1,0.0,0.2,0.0,,NISKA,KATEGORIA,,,,,kategoria: —; kategoria z góry na NIE,NIE
Kwas chlebowy,Napoje,30,0.2,0.0,7.0,0.0,pieczywo,ŚREDNIA,SŁOWO_KLUCZOWE,na_zimno,gluten,gluten,DYSKRETNY,słowo_kluczowe: pieczywo; kategoria Napoje; kategoria z góry na NIE,NIE
Oranżada,Napoje,44,0.0,0.0,11.0,0.0,,NISKA,KATEGORIA,,,,,kategoria: —; kategoria z góry na NIE,NIE
Napój imbirowo-cytrynowy,Napoje,28,0.1,0.0,7.0,0.1,owoce,ŚREDNIA,SŁOWO_KLUCZOWE,na_zimno,,,DYSKRETNY,słowo_kluczowe: owoce; kategoria Napoje; kategoria z góry na NIE,NIE
Mleczko kokosowe 17% (do gotowania),Napoje,168,1.5,17.0,2.5,0.5,,NISKA,KATEGORIA,,,,,kategoria: —; kategoria z góry na NIE,NIE
Mleczko kokosowe light 9%,Napoje,93,0.9,9.0,2.0,0.3,,NISKA,KATEGORIA,,,,,kategoria: —; kategoria z góry na NIE,NIE
Batony zbożowe z czekoladą,Przekąski i słodycze,425,6.5,15.0,66.0,4.5,słodycze,ŚREDNIA,SŁOWO_KLUCZOWE,na_zimno,,,DYSKRETNY,słowo_kluczowe: słodycze; kategoria Przekąski i słodycze; kategoria z góry na NIE,NIE
Ciastka ryżowe w czekoladzie,Przekąski i słodycze,465,5.5,20.5,65.0,2.5,kasza_ryż,ŚREDNIA,SŁOWO_KLUCZOWE,gotowanie,,,LINIOWY,słowo_kluczowe: kasza_ryż; kategoria Przekąski i słodycze; kategoria z góry na NIE,NIE
Rurki waflowe z kremem,Przekąski i słodycze,520,5.0,27.0,64.0,1.5,,NISKA,KATEGORIA,,,,,kategoria: —; kategoria z góry na NIE,NIE
Delicje szampańskie,Przekąski i słodycze,385,4.5,12.5,65.0,2.0,,NISKA,KATEGORIA,,,,,kategoria: —; kategoria z góry na NIE,NIE
Biszkopty,Przekąski i słodycze,390,9.0,4.5,77.0,1.5,,NISKA,KATEGORIA,,,,,kategoria: —; kategoria z góry na NIE,NIE
Wafle tortowe suche,Przekąski i słodycze,375,10.5,2.0,78.0,1.5,pieczywo,WYSOKA,SŁOWO_KLUCZOWE,na_zimno,,,DYSKRETNY,słowo_kluczowe: pieczywo; kategoria Przekąski i słodycze; kategoria z góry na NIE,NIE
Chrupki kukurydziane,Przekąski i słodycze,425,9.0,8.0,76.5,2.5,pieczywo,ŚREDNIA,SŁOWO_KLUCZOWE,na_zimno,,,DYSKRETNY,słowo_kluczowe: pieczywo; kategoria Przekąski i słodycze; kategoria z góry na NIE,NIE
Prażynki ziemniaczane,Przekąski i słodycze,505,4.0,26.0,62.5,2.5,,NISKA,KATEGORIA,,,,,kategoria: —; kategoria z góry na NIE,NIE
Mochi (deser ryżowy),Przekąski i słodycze,225,4.0,3.5,45.0,1.5,,NISKA,KATEGORIA,,,,,kategoria: —; kategoria z góry na NIE,NIE
Baklava,Przekąski i słodycze,428,6.5,24.0,48.0,2.5,,NISKA,KATEGORIA,,,,,kategoria: —; kategoria z góry na NIE,NIE
Beza,Przekąski i słodycze,380,5.0,0.0,90.0,0.0,,NISKA,KATEGORIA,,,,,kategoria: —; kategoria z góry na NIE,NIE
Makaroniki migdałowe,Przekąski i słodycze,445,8.0,20.0,58.5,3.0,makaron,ŚREDNIA,SŁOWO_KLUCZOWE,gotowanie,"gluten,orzechy",gluten,LINIOWY,słowo_kluczowe: makaron; kategoria Przekąski i słodycze; kategoria z góry na NIE,NIE
"Comber jagnięcy, pieczony",Mięso i drób,258,25.0,17.5,0.0,0.0,białko_chude,NISKA,KATEGORIA,"smażenie,pieczenie",,meat,LINIOWY,kategoria: białko_chude; wartości po obróbce termicznej (katalog diet liczy na surowo),
"Gicz jagnięca, duszona",Mięso i drób,218,27.0,12.0,0.5,0.0,białko_chude,NISKA,KATEGORIA,"smażenie,pieczenie",,meat,LINIOWY,kategoria: białko_chude; wartości po obróbce termicznej (katalog diet liczy na surowo),
Kotlet barani mielony,Mięso i drób,282,16.5,23.5,1.0,0.0,białko_mielone,ŚREDNIA,SŁOWO_KLUCZOWE,"smażenie,pieczenie",,meat,LINIOWY,słowo_kluczowe: białko_mielone; kategoria Mięso i drób,
"Strusie mięso, surowe",Mięso i drób,116,21.9,2.9,0.0,0.0,białko_chude,NISKA,KATEGORIA,"smażenie,pieczenie",,meat,LINIOWY,kategoria: białko_chude,
"Pierś z bażanta, surowa",Mięso i drób,133,24.4,3.6,0.0,0.0,białko_chude,WYSOKA,SŁOWO_KLUCZOWE,"smażenie,pieczenie",,meat,LINIOWY,słowo_kluczowe: białko_chude; kategoria Mięso i drób,
"Chuck roast wołowy (do pulled beef), surowy",Mięso i drób,190,19.5,12.5,0.0,0.0,białko_chude,NISKA,KATEGORIA,"smażenie,pieczenie",,meat,LINIOWY,kategoria: białko_chude,
"Flank steak, surowy",Mięso i drób,141,21.2,6.3,0.0,0.0,białko_chude,NISKA,KATEGORIA,"smażenie,pieczenie",,meat,LINIOWY,kategoria: białko_chude,
"Mostek wołowy (brisket), surowy",Mięso i drób,216,17.5,16.0,0.0,0.0,białko_chude,ŚREDNIA,SŁOWO_KLUCZOWE,"smażenie,pieczenie",,meat,LINIOWY,słowo_kluczowe: białko_chude; kategoria Mięso i drób,
"Cielęcina sznycel, smażony",Mięso i drób,245,22.0,13.0,9.5,0.5,białko_chude,NISKA,KATEGORIA,"smażenie,pieczenie",,meat,LINIOWY,kategoria: białko_chude; wartości po obróbce termicznej (katalog diet liczy na surowo),
"Kiełbaski śniadaniowe wieprzowe, smażone",Mięso i drób,320,13.5,28.5,2.5,0.3,wędlina,NISKA,SŁOWO_KLUCZOWE,na_zimno,,meat,TŁUMIONY,słowo_kluczowe: wędlina; kategoria Mięso i drób; wartości po obróbce termicznej (katalog diet liczy na surowo),
Kiełbasa podwawelska,Mięso i drób,285,14.5,25.0,1.5,0.0,wędlina,ŚREDNIA,SŁOWO_KLUCZOWE,na_zimno,,meat,TŁUMIONY,słowo_kluczowe: wędlina; kategoria Mięso i drób,
Kiełbasa toruńska,Mięso i drób,310,16.0,27.0,1.0,0.0,wędlina,ŚREDNIA,SŁOWO_KLUCZOWE,na_zimno,,meat,TŁUMIONY,słowo_kluczowe: wędlina; kategoria Mięso i drób,
"Polędwica z majerankiem, wędlina",Mięso i drób,108,19.0,3.0,1.0,0.0,wędlina,ŚREDNIA,SŁOWO_KLUCZOWE,na_zimno,,meat,TŁUMIONY,słowo_kluczowe: wędlina; kategoria Mięso i drób,
Szynka konserwowa,Mięso i drób,132,16.0,7.0,1.5,0.0,wędlina,WYSOKA,SŁOWO_KLUCZOWE,na_zimno,,meat,TŁUMIONY,słowo_kluczowe: wędlina; kategoria Mięso i drób,
"Filet z indyka wędzony, wędlina",Mięso i drób,104,19.5,2.0,1.5,0.0,wędlina,NISKA,SŁOWO_KLUCZOWE,na_zimno,,meat,TŁUMIONY,słowo_kluczowe: wędlina; kategoria Mięso i drób; wartości po obróbce termicznej (katalog diet liczy na surowo),
Boczek gotowany rolowany,Mięso i drób,335,13.0,31.0,0.5,0.0,białko_tłuste,ŚREDNIA,SŁOWO_KLUCZOWE,"pieczenie,duszenie",,meat,LINIOWY,słowo_kluczowe: białko_tłuste; kategoria Mięso i drób,
"Pieczeń rzymska (klops), pieczona",Mięso i drób,225,15.5,15.5,5.5,0.5,białko_chude,NISKA,KATEGORIA,"smażenie,pieczenie",,meat,LINIOWY,kategoria: białko_chude; wartości po obróbce termicznej (katalog diet liczy na surowo),
Konserwa turystyczna wieprzowa,Mięso i drób,268,13.0,23.5,1.0,0.0,białko_chude,NISKA,KATEGORIA,"smażenie,pieczenie",,meat,LINIOWY,kategoria: białko_chude,
Szynka mielona konserwowa,Mięso i drób,235,12.5,20.0,1.5,0.0,białko_mielone,ŚREDNIA,SŁOWO_KLUCZOWE,"smażenie,pieczenie",,meat,LINIOWY,słowo_kluczowe: białko_mielone; kategoria Mięso i drób,
Wędzonka krotoszyńska,Mięso i drób,154,20.5,8.0,0.5,0.0,białko_chude,NISKA,KATEGORIA,"smażenie,pieczenie",,meat,LINIOWY,kategoria: białko_chude; wartości po obróbce termicznej (katalog diet liczy na surowo),
Halibut wędzony,Ryby i owoce morza,148,22.5,6.5,0.0,0.0,ryba_tłusta,NISKA,SŁOWO_KLUCZOWE,na_zimno,ryby,fish,LINIOWY,słowo_kluczowe: ryba_tłusta; kategoria Ryby i owoce morza; wartości po obróbce termicznej (katalog diet liczy na surowo),
"Szprotki świeże, smażone",Ryby i owoce morza,258,22.0,18.5,1.5,0.1,ryba_chuda,NISKA,KATEGORIA,"pieczenie,smażenie","ryby,skorupiaki",fish,LINIOWY,kategoria: ryba_chuda; wartości po obróbce termicznej (katalog diet liczy na surowo),
"Sardela europejska, surowa",Ryby i owoce morza,131,20.4,4.8,0.0,0.0,ryba_chuda,NISKA,KATEGORIA,"pieczenie,smażenie",ryby,fish,LINIOWY,kategoria: ryba_chuda,
"Dorsz czarny (sablefish), surowy",Ryby i owoce morza,195,13.4,15.3,0.0,0.0,białko_chude,ŚREDNIA,SŁOWO_KLUCZOWE,"smażenie,pieczenie",ryby,fish,LINIOWY,słowo_kluczowe: białko_chude; kategoria Ryby i owoce morza,
"Karmazyn, surowy",Ryby i owoce morza,94,18.6,1.6,0.0,0.0,ryba_chuda,NISKA,KATEGORIA,"pieczenie,smażenie",ryby,fish,LINIOWY,kategoria: ryba_chuda,
"Sola limanda, filet mrożony",Ryby i owoce morza,83,16.5,1.5,0.0,0.0,białko_chude,ŚREDNIA,SŁOWO_KLUCZOWE,"smażenie,pieczenie",ryby,fish,LINIOWY,słowo_kluczowe: białko_chude; kategoria Ryby i owoce morza,
"Tuńczyk bonito, surowy",Ryby i owoce morza,130,25.0,2.5,0.0,0.0,ryba_chuda,NISKA,KATEGORIA,"pieczenie,smażenie",ryby,fish,LINIOWY,kategoria: ryba_chuda,
"Łosoś dziki pacyficzny, surowy",Ryby i owoce morza,142,20.5,6.3,0.0,0.0,ryba_tłusta,WYSOKA,SŁOWO_KLUCZOWE,na_zimno,ryby,fish,LINIOWY,słowo_kluczowe: ryba_tłusta; kategoria Ryby i owoce morza,
Ryba z grilla (dorada cała),Ryby i owoce morza,135,20.5,5.5,0.0,0.0,ryba_chuda,NISKA,KATEGORIA,"pieczenie,smażenie",ryby,fish,LINIOWY,kategoria: ryba_chuda,
"Kotlety rybne mielone, smażone",Ryby i owoce morza,225,13.5,13.0,13.0,0.8,białko_mielone,NISKA,SŁOWO_KLUCZOWE,"smażenie,pieczenie","ryby,skorupiaki",fish,LINIOWY,słowo_kluczowe: białko_mielone; kategoria Ryby i owoce morza; wartości po obróbce termicznej (katalog diet liczy na surowo),
Krewetki w tempurze,Ryby i owoce morza,285,11.5,15.5,25.0,1.0,białko_chude,WYSOKA,SŁOWO_KLUCZOWE,"smażenie,pieczenie","ryby,skorupiaki",fish,LINIOWY,słowo_kluczowe: białko_chude; kategoria Ryby i owoce morza,
Ikra dorsza wędzona (pasta),Ryby i owoce morza,285,12.0,24.5,4.5,0.2,białko_chude,NISKA,SŁOWO_KLUCZOWE,"smażenie,pieczenie",ryby,fish,LINIOWY,słowo_kluczowe: białko_chude; kategoria Ryby i owoce morza; wartości po obróbce termicznej (katalog diet liczy na surowo),
Kawior z glonów (wegański),Ryby i owoce morza,45,0.5,1.5,7.0,1.5,ryba_chuda,NISKA,KATEGORIA,"pieczenie,smażenie",ryby,fish,LINIOWY,kategoria: ryba_chuda,
Mleko owcze,Nabiał,108,5.4,7.0,5.4,0.0,mleko,WYSOKA,SŁOWO_KLUCZOWE,"gotowanie,na_zimno",mleko,"dairy,lactose",LINIOWY,słowo_kluczowe: mleko; kategoria Nabiał,
Ser owczy dojrzewający,Nabiał,374,25.5,30.0,1.0,0.0,nabiał_tłusty,NISKA,KATEGORIA,na_zimno,mleko,"dairy,lactose",LINIOWY,kategoria: nabiał_tłusty,
Ser korycinski swojski,Nabiał,325,23.5,25.0,2.0,0.0,nabiał_tłusty,NISKA,KATEGORIA,na_zimno,mleko,"dairy,lactose",LINIOWY,kategoria: nabiał_tłusty,
Twaróg kozi,Nabiał,145,16.0,8.0,2.5,0.0,ser,ŚREDNIA,SŁOWO_KLUCZOWE,"pieczenie,na_zimno",mleko,"dairy,lactose",LINIOWY,słowo_kluczowe: ser; kategoria Nabiał,
Jogurt kozi naturalny,Nabiał,72,3.8,4.5,4.4,0.0,nabiał_chudy,WYSOKA,SŁOWO_KLUCZOWE,na_zimno,mleko,"dairy,lactose",LINIOWY,słowo_kluczowe: nabiał_chudy; kategoria Nabiał,
Ser typu bałkańskiego,Nabiał,235,12.5,19.5,2.0,0.0,nabiał_tłusty,NISKA,KATEGORIA,na_zimno,mleko,"dairy,lactose",LINIOWY,kategoria: nabiał_tłusty,
"Ser smażony (fried cheese, panierowany)",Nabiał,330,15.0,24.0,13.0,0.6,nabiał_tłusty,NISKA,KATEGORIA,na_zimno,mleko,"dairy,lactose",LINIOWY,kategoria: nabiał_tłusty; wartości po obróbce termicznej (katalog diet liczy na surowo),
Ser w zalewie ziołowej (kostki),Nabiał,290,16.0,24.5,1.5,0.2,przyprawa,ŚREDNIA,SŁOWO_KLUCZOWE,*,mleko,"dairy,lactose",STAŁY,słowo_kluczowe: przyprawa; kategoria Nabiał,
Serek do smarowania z ziołami,Nabiał,240,6.0,22.5,3.5,0.3,przyprawa,ŚREDNIA,SŁOWO_KLUCZOWE,*,mleko,"dairy,lactose",STAŁY,słowo_kluczowe: przyprawa; kategoria Nabiał,
Twarożek kanapkowy naturalny puszysty,Nabiał,165,9.0,13.0,3.5,0.0,nabiał_tłusty,NISKA,KATEGORIA,na_zimno,mleko,"dairy,lactose",LINIOWY,kategoria: nabiał_tłusty,
Deser mleczny czekoladowy (kubek),Nabiał,135,3.5,4.0,21.5,0.8,słodycze,ŚREDNIA,SŁOWO_KLUCZOWE,na_zimno,mleko,"dairy,lactose",DYSKRETNY,słowo_kluczowe: słodycze; kategoria Nabiał,
Jogurt typu bałtyckiego wysokobiałkowy pitny,Nabiał,62,9.0,0.5,5.5,0.0,nabiał_chudy,WYSOKA,SŁOWO_KLUCZOWE,na_zimno,mleko,"dairy,lactose",LINIOWY,słowo_kluczowe: nabiał_chudy; kategoria Nabiał,
Mleko A2 pełne,Nabiał,62,3.2,3.4,4.8,0.0,mleko,WYSOKA,SŁOWO_KLUCZOWE,"gotowanie,na_zimno",mleko,"dairy,lactose",LINIOWY,słowo_kluczowe: mleko; kategoria Nabiał,
Kefir wodny (napój fermentowany),Nabiał,20,0.1,0.0,4.8,0.0,nabiał_chudy,WYSOKA,SŁOWO_KLUCZOWE,na_zimno,mleko,"dairy,lactose",LINIOWY,słowo_kluczowe: nabiał_chudy; kategoria Nabiał,
Cebula smażona (chrupiąca),Warzywa,540,6.5,38.0,42.0,5.5,warzywa_aromat,NISKA,SŁOWO_KLUCZOWE,"smażenie,gotowanie",,,TŁUMIONY,słowo_kluczowe: warzywa_aromat; kategoria Warzywa; wartości po obróbce termicznej (katalog diet liczy na surowo),
Czosnek niedźwiedzi,Warzywa,55,3.5,0.5,9.0,2.5,warzywa_aromat,ŚREDNIA,SŁOWO_KLUCZOWE,"smażenie,gotowanie",,,TŁUMIONY,słowo_kluczowe: warzywa_aromat; kategoria Warzywa,
Topinambur,Warzywa,73,2.0,0.0,17.4,1.6,warzywa_gotowane,NISKA,KATEGORIA,"gotowanie,pieczenie",,,TŁUMIONY,kategoria: warzywa_gotowane,
Pasternak,Warzywa,75,1.2,0.3,18.0,4.9,warzywa_gotowane,NISKA,KATEGORIA,"gotowanie,pieczenie",,,TŁUMIONY,kategoria: warzywa_gotowane,
Brukiew,Warzywa,37,1.1,0.2,8.6,2.3,warzywa_gotowane,NISKA,KATEGORIA,"gotowanie,pieczenie",,,TŁUMIONY,kategoria: warzywa_gotowane,
Rzepa biała,Warzywa,28,0.9,0.1,6.4,1.8,warzywa_gotowane,NISKA,KATEGORIA,"gotowanie,pieczenie",,,TŁUMIONY,kategoria: warzywa_gotowane,
Skorzonera,Warzywa,82,3.3,0.2,18.3,3.3,warzywa_gotowane,NISKA,KATEGORIA,"gotowanie,pieczenie",,,TŁUMIONY,kategoria: warzywa_gotowane,
Kabaczek,Warzywa,19,0.6,0.2,4.4,1.1,warzywa_gotowane,NISKA,KATEGORIA,"gotowanie,pieczenie",,,TŁUMIONY,kategoria: warzywa_gotowane,
Patison,Warzywa,18,1.2,0.2,3.8,1.2,warzywa_gotowane,NISKA,KATEGORIA,"gotowanie,pieczenie",,,TŁUMIONY,kategoria: warzywa_gotowane,
Pomidor żółty,Warzywa,15,1.0,0.2,3.0,0.7,warzywa_surowe,WYSOKA,SŁOWO_KLUCZOWE,na_zimno,,,TŁUMIONY,słowo_kluczowe: warzywa_surowe; kategoria Warzywa,
"Pomidory w zalewie (słoik, odsączone)",Warzywa,22,1.1,0.1,3.8,1.0,warzywa_surowe,ŚREDNIA,SŁOWO_KLUCZOWE,na_zimno,,,TŁUMIONY,słowo_kluczowe: warzywa_surowe; kategoria Warzywa,
Sok z kiszonych ogórków,Warzywa,11,0.5,0.1,1.9,0.2,kiszonki,ŚREDNIA,SŁOWO_KLUCZOWE,na_zimno,,,TŁUMIONY,słowo_kluczowe: kiszonki; kategoria Warzywa,
Sok z kiszonej kapusty,Warzywa,15,0.8,0.1,2.5,0.5,kiszonki,ŚREDNIA,SŁOWO_KLUCZOWE,na_zimno,,,TŁUMIONY,słowo_kluczowe: kiszonki; kategoria Warzywa,
Buraki marynowane (odsączone),Warzywa,65,0.9,0.1,15.5,2.0,warzywa_gotowane,NISKA,KATEGORIA,"gotowanie,pieczenie",,,TŁUMIONY,kategoria: warzywa_gotowane,
Grzyby leśne mrożone,Warzywa,30,2.8,0.5,4.5,2.3,warzywa_gotowane,ŚREDNIA,SŁOWO_KLUCZOWE,"gotowanie,pieczenie",,,TŁUMIONY,słowo_kluczowe: warzywa_gotowane; kategoria Warzywa,
"Kurki, świeże",Warzywa,32,1.5,0.5,6.9,3.8,warzywa_gotowane,NISKA,KATEGORIA,"gotowanie,pieczenie",,,TŁUMIONY,kategoria: warzywa_gotowane,
Maślaki marynowane (odsączone),Warzywa,32,1.8,0.4,5.5,2.2,warzywa_gotowane,NISKA,KATEGORIA,"gotowanie,pieczenie",,,TŁUMIONY,kategoria: warzywa_gotowane,
Trufle czarne,Warzywa,92,6.0,0.5,16.0,8.0,warzywa_gotowane,NISKA,KATEGORIA,"gotowanie,pieczenie",,,TŁUMIONY,kategoria: warzywa_gotowane,
Wodorosty nori (arkusze),Warzywa,188,30.0,1.5,22.0,21.0,warzywa_gotowane,NISKA,KATEGORIA,"gotowanie,pieczenie",,,TŁUMIONY,kategoria: warzywa_gotowane,
"Wakame, suszone",Warzywa,201,15.0,3.0,30.0,32.0,słodzik,ŚREDNIA,SŁOWO_KLUCZOWE,na_zimno,,,TŁUMIONY,słowo_kluczowe: słodzik; kategoria Warzywa,
"Spirulina, proszek",Warzywa,290,57.5,7.7,23.9,3.6,warzywa_gotowane,NISKA,KATEGORIA,"gotowanie,pieczenie",,,TŁUMIONY,kategoria: warzywa_gotowane,
"Chlorella, proszek",Warzywa,336,58.0,9.0,23.0,12.0,warzywa_gotowane,NISKA,KATEGORIA,"gotowanie,pieczenie",,,TŁUMIONY,kategoria: warzywa_gotowane,
Nashi (gruszka azjatycka),Owoce,42,0.5,0.2,10.7,3.6,owoce,NISKA,KATEGORIA,na_zimno,,,DYSKRETNY,kategoria: owoce,
Kumkwat,Owoce,71,1.9,0.9,15.9,6.5,owoce,NISKA,KATEGORIA,na_zimno,,,DYSKRETNY,kategoria: owoce,
Physalis (miechunka),Owoce,53,1.9,0.7,11.2,2.7,owoce,NISKA,KATEGORIA,na_zimno,,,DYSKRETNY,kategoria: owoce,
Owoc męczennicy (grenadilla),Owoce,97,2.2,0.7,23.4,10.4,owoce,NISKA,KATEGORIA,na_zimno,,,DYSKRETNY,kategoria: owoce,
"Czarny bez, owoce",Owoce,73,0.7,0.5,18.4,7.0,owoce,NISKA,KATEGORIA,na_zimno,,,DYSKRETNY,kategoria: owoce,
"Dzika róża, owoce świeże",Owoce,162,1.6,0.3,38.2,24.1,owoce,NISKA,KATEGORIA,na_zimno,,,DYSKRETNY,kategoria: owoce,
Mirabelki,Owoce,49,0.7,0.2,12.0,1.6,owoce,NISKA,KATEGORIA,na_zimno,,,DYSKRETNY,kategoria: owoce,
Renklody,Owoce,47,0.8,0.3,11.5,1.5,owoce,NISKA,KATEGORIA,na_zimno,,,DYSKRETNY,kategoria: owoce,
Poziomki,Owoce,33,0.8,0.4,7.7,3.0,owoce,NISKA,KATEGORIA,na_zimno,,,DYSKRETNY,kategoria: owoce,
Owoce kandyzowane mieszane,Owoce,322,0.4,0.2,80.0,2.0,owoce,NISKA,KATEGORIA,na_zimno,,,DYSKRETNY,kategoria: owoce,
Skórka pomarańczowa kandyzowana,Owoce,316,0.4,0.3,78.5,4.5,owoce,ŚREDNIA,SŁOWO_KLUCZOWE,na_zimno,,,DYSKRETNY,słowo_kluczowe: owoce; kategoria Owoce,
Wiśnie koktajlowe w syropie (odsączone),Owoce,165,0.5,0.2,40.0,1.0,słodzik,ŚREDNIA,SŁOWO_KLUCZOWE,na_zimno,,,TŁUMIONY,słowo_kluczowe: słodzik; kategoria Owoce,
Brzoskwinie w syropie (odsączone),Owoce,74,0.5,0.1,18.0,1.0,słodzik,ŚREDNIA,SŁOWO_KLUCZOWE,na_zimno,,,TŁUMIONY,słowo_kluczowe: słodzik; kategoria Owoce,
Ananas w syropie (odsączony),Owoce,82,0.4,0.1,20.5,0.8,słodzik,ŚREDNIA,SŁOWO_KLUCZOWE,na_zimno,,,TŁUMIONY,słowo_kluczowe: słodzik; kategoria Owoce,
Orzechy tygrysie (cibora jadalna),Orzechy i nasiona,496,6.2,24.5,63.0,33.0,orzechy,WYSOKA,SŁOWO_KLUCZOWE,na_zimno,orzechy,,LINIOWY,słowo_kluczowe: orzechy; kategoria Orzechy i nasiona,
"Kasztany jadalne, pieczone",Orzechy i nasiona,245,3.2,2.2,53.0,5.1,kasza_ryż,NISKA,SŁOWO_KLUCZOWE,gotowanie,orzechy,,LINIOWY,słowo_kluczowe: kasza_ryż; kategoria Orzechy i nasiona; wartości po obróbce termicznej (katalog diet liczy na surowo),
Nasiona czarnuszki,Orzechy i nasiona,545,20.8,41.6,30.0,10.5,nasiona,WYSOKA,SŁOWO_KLUCZOWE,na_zimno,orzechy,,LINIOWY,słowo_kluczowe: nasiona; kategoria Orzechy i nasiona,
"Nasiona ostropestu, mielone",Orzechy i nasiona,460,22.0,30.0,30.0,26.0,białko_mielone,ŚREDNIA,SŁOWO_KLUCZOWE,"smażenie,pieczenie",orzechy,,LINIOWY,słowo_kluczowe: białko_mielone; kategoria Orzechy i nasiona,
Błonnik witalny (babka jajowata + płesznik),Orzechy i nasiona,195,2.5,6.5,78.0,68.0,orzechy,NISKA,KATEGORIA,na_zimno,orzechy,,LINIOWY,kategoria: orzechy,
Masło słonecznikowe,Orzechy i nasiona,617,20.0,55.0,17.5,6.5,nasiona,ŚREDNIA,SŁOWO_KLUCZOWE,na_zimno,"orzechy,mleko","dairy,lactose",LINIOWY,słowo_kluczowe: nasiona; kategoria Orzechy i nasiona,
Masło sezamowe czarne,Orzechy i nasiona,590,17.5,53.0,21.0,9.5,nasiona,ŚREDNIA,SŁOWO_KLUCZOWE,na_zimno,"orzechy,mleko,sezam","dairy,lactose",LINIOWY,słowo_kluczowe: nasiona; kategoria Orzechy i nasiona,
Pasta pistacjowa,Orzechy i nasiona,585,20.0,47.0,25.0,9.5,orzechy,ŚREDNIA,SŁOWO_KLUCZOWE,na_zimno,orzechy,,LINIOWY,słowo_kluczowe: orzechy; kategoria Orzechy i nasiona,
Orzechy w karmelu (mieszanka deserowa),Orzechy i nasiona,520,12.0,32.0,46.0,5.0,orzechy,WYSOKA,SŁOWO_KLUCZOWE,na_zimno,orzechy,,LINIOWY,słowo_kluczowe: orzechy; kategoria Orzechy i nasiona,
Gyros talerz z frytkami i surówką,Dania gotowe i fast food,185,10.0,9.5,15.5,1.8,,NISKA,KATEGORIA,,,,,kategoria: —; wartości po obróbce termicznej (katalog diet liczy na surowo); kategoria z góry na NIE,NIE
Souvlaki z kurczaka (szaszłyk),Dania gotowe i fast food,175,24.0,8.0,2.5,0.4,,NISKA,KATEGORIA,,,,,kategoria: —; kategoria z góry na NIE,NIE
Moussaka,Dania gotowe i fast food,158,8.0,10.0,8.5,1.6,,NISKA,KATEGORIA,,,,,kategoria: —; kategoria z góry na NIE,NIE
Paella z owocami morza,Dania gotowe i fast food,148,8.5,4.5,18.5,1.0,,NISKA,KATEGORIA,,,,,kategoria: —; kategoria z góry na NIE,NIE
Tortilla hiszpańska (z ziemniakami),Dania gotowe i fast food,190,6.5,12.5,13.0,1.2,pieczywo,WYSOKA,SŁOWO_KLUCZOWE,na_zimno,gluten,gluten,DYSKRETNY,słowo_kluczowe: pieczywo; kategoria Dania gotowe i fast food; kategoria z góry na NIE,NIE
Ratatouille,Dania gotowe i fast food,65,1.5,4.0,6.0,2.2,,NISKA,KATEGORIA,,,,,kategoria: —; kategoria z góry na NIE,NIE
Zapiekanka pasterska (shepherd's pie),Dania gotowe i fast food,135,8.0,6.0,12.0,1.6,,NISKA,KATEGORIA,,,,,kategoria: —; kategoria z góry na NIE,NIE
Kurczak korma,Dania gotowe i fast food,165,12.5,10.0,6.0,1.0,,NISKA,KATEGORIA,,,,,kategoria: —; kategoria z góry na NIE,NIE
Dhal z soczewicy,Dania gotowe i fast food,118,6.5,3.5,15.5,4.5,strączki,ŚREDNIA,SŁOWO_KLUCZOWE,gotowanie,,,LINIOWY,słowo_kluczowe: strączki; kategoria Dania gotowe i fast food; kategoria z góry na NIE,NIE
"Sajgonki warzywne, smażone",Dania gotowe i fast food,235,5.5,12.0,26.5,2.2,,NISKA,KATEGORIA,,,,,kategoria: —; wartości po obróbce termicznej (katalog diet liczy na surowo); kategoria z góry na NIE,NIE
Spring rollsy świeże (nie smażone),Dania gotowe i fast food,95,4.5,1.5,16.5,1.5,,NISKA,KATEGORIA,,,,,kategoria: —; kategoria z góry na NIE,NIE
"Gyoza (pierożki japońskie), gotowane na parze",Dania gotowe i fast food,175,8.0,5.5,24.0,1.3,,NISKA,KATEGORIA,,,,,kategoria: —; kategoria z góry na NIE,NIE
Bibimbap,Dania gotowe i fast food,128,6.0,4.5,16.5,1.8,,NISKA,KATEGORIA,,,,,kategoria: —; kategoria z góry na NIE,NIE
Falafel bowl z hummusem,Dania gotowe i fast food,175,7.0,9.5,16.0,4.5,pasta_smarowanie,ŚREDNIA,SŁOWO_KLUCZOWE,na_zimno,,,LINIOWY,słowo_kluczowe: pasta_smarowanie; kategoria Dania gotowe i fast food; kategoria z góry na NIE,NIE
Kofta jagnięca w sosie pomidorowym,Dania gotowe i fast food,172,12.5,11.5,5.0,1.0,warzywa_surowe,ŚREDNIA,SŁOWO_KLUCZOWE,na_zimno,,,TŁUMIONY,słowo_kluczowe: warzywa_surowe; kategoria Dania gotowe i fast food; kategoria z góry na NIE,NIE
Kurczak gong bao,Dania gotowe i fast food,158,13.5,8.0,8.5,1.3,,NISKA,KATEGORIA,,,,,kategoria: —; kategoria z góry na NIE,NIE
Tofu stir-fry z warzywami,Dania gotowe i fast food,98,6.5,5.5,6.5,2.0,białko_roślinne,WYSOKA,SŁOWO_KLUCZOWE,"smażenie,pieczenie",soja,,LINIOWY,słowo_kluczowe: białko_roślinne; kategoria Dania gotowe i fast food; kategoria z góry na NIE,NIE
Makaron z pesto i kurczakiem,Dania gotowe i fast food,195,11.0,8.5,19.0,1.4,makaron,WYSOKA,SŁOWO_KLUCZOWE,gotowanie,gluten,gluten,LINIOWY,słowo_kluczowe: makaron; kategoria Dania gotowe i fast food; kategoria z góry na NIE,NIE
Penne arrabiata,Dania gotowe i fast food,138,4.5,3.5,22.5,1.8,makaron,ŚREDNIA,SŁOWO_KLUCZOWE,gotowanie,gluten,gluten,LINIOWY,słowo_kluczowe: makaron; kategoria Dania gotowe i fast food; kategoria z góry na NIE,NIE
Carbonara,Dania gotowe i fast food,215,9.5,11.0,20.0,1.0,,NISKA,KATEGORIA,,,,,kategoria: —; kategoria z góry na NIE,NIE
Gnocchi w sosie serowym,Dania gotowe i fast food,185,6.0,8.0,22.5,1.3,,NISKA,KATEGORIA,,,,,kategoria: —; kategoria z góry na NIE,NIE
Pizza wegetariańska,Dania gotowe i fast food,235,9.0,8.0,32.0,2.5,,NISKA,KATEGORIA,,,,,kategoria: —; kategoria z góry na NIE,NIE
Pizza hawajska,Dania gotowe i fast food,255,10.5,8.5,34.5,1.8,,NISKA,KATEGORIA,,,,,kategoria: —; kategoria z góry na NIE,NIE
Calzone z szynką i serem,Dania gotowe i fast food,275,11.5,10.5,34.0,1.9,wędlina,ŚREDNIA,SŁOWO_KLUCZOWE,na_zimno,,,TŁUMIONY,słowo_kluczowe: wędlina; kategoria Dania gotowe i fast food; kategoria z góry na NIE,NIE
Focaccia z rozmarynem,Dania gotowe i fast food,285,7.0,9.5,43.0,2.2,,NISKA,KATEGORIA,,,,,kategoria: —; kategoria z góry na NIE,NIE
Panini z mozzarellą i pomidorem,Dania gotowe i fast food,265,11.0,10.5,31.0,2.0,ser,ŚREDNIA,SŁOWO_KLUCZOWE,"pieczenie,na_zimno",mleko,"dairy,lactose",LINIOWY,słowo_kluczowe: ser; kategoria Dania gotowe i fast food; kategoria z góry na NIE,NIE
Club sandwich z kurczakiem,Dania gotowe i fast food,245,13.0,11.0,23.0,1.8,,NISKA,KATEGORIA,,,,,kategoria: —; kategoria z góry na NIE,NIE
Bajgiel z łososiem i serkiem,Dania gotowe i fast food,255,12.5,9.0,30.5,1.8,ryba_tłusta,ŚREDNIA,SŁOWO_KLUCZOWE,na_zimno,ryby,fish,LINIOWY,słowo_kluczowe: ryba_tłusta; kategoria Dania gotowe i fast food; kategoria z góry na NIE,NIE
Owsianka nocna (overnight oats) z owocami,Dania gotowe i fast food,125,4.5,3.5,18.5,2.6,płatki,ŚREDNIA,SŁOWO_KLUCZOWE,"gotowanie,na_zimno",gluten,gluten,LINIOWY,słowo_kluczowe: płatki; kategoria Dania gotowe i fast food; kategoria z góry na NIE,NIE
Pudding chia na napoju roślinnym,Dania gotowe i fast food,115,3.5,6.0,11.0,6.0,nasiona,ŚREDNIA,SŁOWO_KLUCZOWE,na_zimno,,,LINIOWY,słowo_kluczowe: nasiona; kategoria Dania gotowe i fast food; kategoria z góry na NIE,NIE
Placuszki bananowe (fit),Dania gotowe i fast food,185,7.5,5.5,26.5,2.2,owoce,ŚREDNIA,SŁOWO_KLUCZOWE,na_zimno,,,DYSKRETNY,słowo_kluczowe: owoce; kategoria Dania gotowe i fast food; kategoria z góry na NIE,NIE
Omlet proteinowy z odżywką,Dania gotowe i fast food,168,17.5,5.5,12.0,1.5,białko_proszek,ŚREDNIA,SŁOWO_KLUCZOWE,na_zimno,,,LINIOWY,słowo_kluczowe: białko_proszek; kategoria Dania gotowe i fast food; kategoria z góry na NIE,NIE
Wrap śniadaniowy z jajkiem,Dania gotowe i fast food,215,11.0,9.5,21.0,1.6,jajka,ŚREDNIA,SŁOWO_KLUCZOWE,"smażenie,gotowanie,pieczenie",jaja,egg,DYSKRETNY,słowo_kluczowe: jajka; kategoria Dania gotowe i fast food; kategoria z góry na NIE,NIE
Bowl jogurtowy z granolą i owocami,Dania gotowe i fast food,145,5.5,4.5,20.5,2.0,płatki,ŚREDNIA,SŁOWO_KLUCZOWE,"gotowanie,na_zimno",gluten,gluten,LINIOWY,słowo_kluczowe: płatki; kategoria Dania gotowe i fast food; kategoria z góry na NIE,NIE
Kaszka manna z malinami (fit deser),Dania gotowe i fast food,95,3.5,1.8,16.0,1.2,owoce_jagodowe,ŚREDNIA,SŁOWO_KLUCZOWE,na_zimno,gluten,gluten,TŁUMIONY,słowo_kluczowe: owoce_jagodowe; kategoria Dania gotowe i fast food; kategoria z góry na NIE,NIE
Ryż zapiekany z jabłkami,Dania gotowe i fast food,158,3.5,3.0,28.5,1.3,kasza_ryż,WYSOKA,SŁOWO_KLUCZOWE,gotowanie,,,LINIOWY,słowo_kluczowe: kasza_ryż; kategoria Dania gotowe i fast food; kategoria z góry na NIE,NIE
Makaron z twarogiem i truskawkami,Dania gotowe i fast food,172,8.0,3.5,27.0,1.6,ser,ŚREDNIA,SŁOWO_KLUCZOWE,"pieczenie,na_zimno","mleko,gluten","dairy,lactose,gluten",LINIOWY,słowo_kluczowe: ser; kategoria Dania gotowe i fast food; kategoria z góry na NIE,NIE
"Odżywka przedtreningowa, porcja",Odżywki i suplementy,320,2.0,0.5,70.0,1.0,białko_proszek,WYSOKA,SŁOWO_KLUCZOWE,na_zimno,,,LINIOWY,słowo_kluczowe: białko_proszek; kategoria Odżywki i suplementy,
"EAA aminokwasy, proszek",Odżywki i suplementy,340,85.0,0.0,0.5,0.0,,NISKA,KATEGORIA,,,,,kategoria: —; kategoria z góry na NIE,NIE
"BCAA, proszek",Odżywki i suplementy,350,87.5,0.0,0.0,0.0,,NISKA,KATEGORIA,,,,,kategoria: —; kategoria z góry na NIE,NIE
"Beta-alanina, proszek",Odżywki i suplementy,0,0.0,0.0,0.0,0.0,,NISKA,KATEGORIA,,,,,kategoria: —; kategoria z góry na NIE,NIE
"Elektrolity, tabletka rozpuszczalna",Odżywki i suplementy,25,0.0,0.0,6.0,0.0,,NISKA,KATEGORIA,,,,,kategoria: —; kategoria z góry na NIE,NIE
Peptydy kolagenowe z witaminą C,Odżywki i suplementy,370,90.0,0.0,2.0,0.0,,NISKA,KATEGORIA,,,,,kategoria: —; kategoria z góry na NIE,NIE
Shot imbirowy,Odżywki i suplementy,45,0.3,0.1,10.5,0.3,przyprawa,ŚREDNIA,SŁOWO_KLUCZOWE,*,,,STAŁY,słowo_kluczowe: przyprawa; kategoria Odżywki i suplementy; kategoria z góry na NIE,NIE
Baton daktylowo-orzechowy (raw),Odżywki i suplementy,420,8.5,18.0,55.0,7.0,słodzik,ŚREDNIA,SŁOWO_KLUCZOWE,na_zimno,orzechy,,TŁUMIONY,słowo_kluczowe: słodzik; kategoria Odżywki i suplementy; kategoria z góry na NIE,NIE
Krem proteinowy czekoladowy (słoik),Odżywki i suplementy,385,21.5,24.0,22.0,6.5,białko_proszek,ŚREDNIA,SŁOWO_KLUCZOWE,na_zimno,,,LINIOWY,słowo_kluczowe: białko_proszek; kategoria Odżywki i suplementy,
Mus owocowy z białkiem (saszetka),Odżywki i suplementy,88,5.5,0.5,14.5,1.2,,NISKA,KATEGORIA,,,,,kategoria: —; kategoria z góry na NIE,NIE
Napój BCAA gotowy,Odżywki i suplementy,12,2.5,0.0,0.5,0.0,,NISKA,KATEGORIA,,,,,kategoria: —; kategoria z góry na NIE,NIE
"Witamina D3+K2, kapsułka",Odżywki i suplementy,0,0.0,0.0,0.0,0.0,,NISKA,KATEGORIA,,,,,kategoria: —; kategoria z góry na NIE,NIE
"Omega-3, kapsułka",Odżywki i suplementy,900,0.0,100.0,0.0,0.0,,NISKA,KATEGORIA,,,,,kategoria: —; kategoria z góry na NIE,NIE
"Magnez + B6, tabletka",Odżywki i suplementy,0,0.0,0.0,0.0,0.0,,NISKA,KATEGORIA,,,,,kategoria: —; kategoria z góry na NIE,NIE
"Multiwitamina, tabletka",Odżywki i suplementy,0,0.0,0.0,0.0,0.0,,NISKA,KATEGORIA,,,,,kategoria: —; kategoria z góry na NIE,NIE
Sos tzatziki,Przyprawy i dodatki,105,3.5,8.0,4.5,0.4,sos,WYSOKA,SŁOWO_KLUCZOWE,na_zimno,,,STAŁY,słowo_kluczowe: sos; kategoria Przyprawy i dodatki,
Sos holenderski,Przyprawy i dodatki,525,2.5,55.0,3.5,0.1,sos,WYSOKA,SŁOWO_KLUCZOWE,na_zimno,,,STAŁY,słowo_kluczowe: sos; kategoria Przyprawy i dodatki,
Sos tysiąca wysp,Przyprawy i dodatki,385,1.0,36.0,13.5,0.4,sos,WYSOKA,SŁOWO_KLUCZOWE,na_zimno,,,STAŁY,słowo_kluczowe: sos; kategoria Przyprawy i dodatki,
Sos vinaigrette musztardowy,Przyprawy i dodatki,390,1.0,40.0,5.0,0.3,sos,WYSOKA,SŁOWO_KLUCZOWE,na_zimno,gorczyca,,STAŁY,słowo_kluczowe: sos; kategoria Przyprawy i dodatki,
Dressing jogurtowy light,Przyprawy i dodatki,120,2.5,9.0,7.0,0.2,sos,ŚREDNIA,SŁOWO_KLUCZOWE,na_zimno,,,STAŁY,słowo_kluczowe: sos; kategoria Przyprawy i dodatki,
Sos serowy (do nachos),Przyprawy i dodatki,285,6.5,25.0,8.5,0.3,sos,WYSOKA,SŁOWO_KLUCZOWE,na_zimno,,,STAŁY,słowo_kluczowe: sos; kategoria Przyprawy i dodatki,
Salsa pomidorowa,Przyprawy i dodatki,36,1.5,0.2,7.0,1.5,warzywa_surowe,ŚREDNIA,SŁOWO_KLUCZOWE,na_zimno,,,TŁUMIONY,słowo_kluczowe: warzywa_surowe; kategoria Przyprawy i dodatki,
Guacamole (gotowe),Przyprawy i dodatki,150,1.8,13.5,7.5,5.5,przyprawa,NISKA,KATEGORIA,*,,,STAŁY,kategoria: przyprawa,
Harissa (pasta),Przyprawy i dodatki,120,3.0,6.5,12.0,4.5,przyprawa,NISKA,KATEGORIA,*,,,STAŁY,kategoria: przyprawa,
Pasta miso jasna,Przyprawy i dodatki,199,12.0,6.0,25.0,5.4,przyprawa,NISKA,KATEGORIA,*,,,STAŁY,kategoria: przyprawa,
Pasta curry czerwona,Przyprawy i dodatki,120,2.5,6.0,14.0,3.0,przyprawa,ŚREDNIA,SŁOWO_KLUCZOWE,*,,,STAŁY,słowo_kluczowe: przyprawa; kategoria Przyprawy i dodatki,
Sos ostrygowy,Przyprawy i dodatki,105,2.5,0.2,23.0,0.3,sos,WYSOKA,SŁOWO_KLUCZOWE,na_zimno,,,STAŁY,słowo_kluczowe: sos; kategoria Przyprawy i dodatki,
Sos rybny,Przyprawy i dodatki,65,9.0,0.0,6.5,0.0,sos,WYSOKA,SŁOWO_KLUCZOWE,na_zimno,ryby,fish,STAŁY,słowo_kluczowe: sos; kategoria Przyprawy i dodatki,
Sos worcestershire,Przyprawy i dodatki,88,0.0,0.0,22.0,0.0,sos,WYSOKA,SŁOWO_KLUCZOWE,na_zimno,,,STAŁY,słowo_kluczowe: sos; kategoria Przyprawy i dodatki,
Chrzan ze śmietaną,Przyprawy i dodatki,105,2.0,6.5,9.5,2.5,dodatek_tłuszczowy,ŚREDNIA,SŁOWO_KLUCZOWE,"gotowanie,na_zimno",mleko,"dairy,lactose",TŁUMIONY,słowo_kluczowe: dodatek_tłuszczowy; kategoria Przyprawy i dodatki,
Musztarda dijon,Przyprawy i dodatki,150,7.0,10.5,6.0,3.5,sos,WYSOKA,SŁOWO_KLUCZOWE,na_zimno,gorczyca,,STAŁY,słowo_kluczowe: sos; kategoria Przyprawy i dodatki,
Dżem malinowy 100% z owoców,Przyprawy i dodatki,165,0.7,0.3,39.0,3.0,owoce_jagodowe,ŚREDNIA,SŁOWO_KLUCZOWE,na_zimno,,,TŁUMIONY,słowo_kluczowe: owoce_jagodowe; kategoria Przyprawy i dodatki,
Marmolada pomarańczowa,Przyprawy i dodatki,245,0.3,0.1,60.5,0.7,owoce,ŚREDNIA,SŁOWO_KLUCZOWE,na_zimno,,,DYSKRETNY,słowo_kluczowe: owoce; kategoria Przyprawy i dodatki,
Krem kokosowy (do deserów),Przyprawy i dodatki,330,3.3,33.0,6.5,2.5,przyprawa,NISKA,KATEGORIA,*,,,STAŁY,kategoria: przyprawa,
Polewa czekoladowa,Przyprawy i dodatki,395,3.5,16.5,60.0,2.5,słodycze,ŚREDNIA,SŁOWO_KLUCZOWE,na_zimno,,,DYSKRETNY,słowo_kluczowe: słodycze; kategoria Przyprawy i dodatki,
Cukier waniliowy,Przyprawy i dodatki,398,0.0,0.0,99.0,0.0,przyprawa,NISKA,KATEGORIA,*,,,STAŁY,kategoria: przyprawa,
"Żelatyna, proszek",Przyprawy i dodatki,343,85.0,0.1,0.7,0.0,przyprawa,NISKA,KATEGORIA,*,,,STAŁY,kategoria: przyprawa,
"Agar-agar, proszek",Przyprawy i dodatki,306,6.2,0.3,80.0,7.7,przyprawa,NISKA,KATEGORIA,*,,,STAŁY,kategoria: przyprawa,
Siemię lniane mielone (dodatek),Przyprawy i dodatki,512,19.5,40.5,26.5,26.0,białko_mielone,ŚREDNIA,SŁOWO_KLUCZOWE,"smażenie,pieczenie",,,LINIOWY,słowo_kluczowe: białko_mielone; kategoria Przyprawy i dodatki,
Cebula suszona płatki,Przyprawy i dodatki,349,8.9,0.5,83.3,9.2,płatki,ŚREDNIA,SŁOWO_KLUCZOWE,"gotowanie,na_zimno",,,LINIOWY,słowo_kluczowe: płatki; kategoria Przyprawy i dodatki,
Mieszanka przypraw do kurczaka,Przyprawy i dodatki,250,9.0,6.0,38.0,15.0,przyprawa,ŚREDNIA,SŁOWO_KLUCZOWE,*,,,STAŁY,słowo_kluczowe: przyprawa; kategoria Przyprawy i dodatki,
Mieszanka przypraw gyros,Przyprawy i dodatki,255,8.5,6.5,40.0,14.5,przyprawa,ŚREDNIA,SŁOWO_KLUCZOWE,*,,,STAŁY,słowo_kluczowe: przyprawa; kategoria Przyprawy i dodatki,
Garam masala,Przyprawy i dodatki,265,10.0,8.5,38.0,20.0,przyprawa,NISKA,KATEGORIA,*,,,STAŁY,kategoria: przyprawa,
Bułeczki mleczne małe,Zboża i pieczywo,315,8.0,6.0,55.5,2.3,pieczywo,NISKA,KATEGORIA,na_zimno,,,DYSKRETNY,kategoria: pieczywo,
Rogaliki francuskie mini,Zboża i pieczywo,400,7.5,20.0,46.5,2.4,pieczywo,NISKA,KATEGORIA,na_zimno,,,DYSKRETNY,kategoria: pieczywo,
Strucla makowa,Zboża i pieczywo,365,7.5,14.5,51.0,3.5,pieczywo,NISKA,KATEGORIA,na_zimno,,,DYSKRETNY,kategoria: pieczywo,
Chleb bananowy,Zboża i pieczywo,330,5.5,13.5,47.0,2.2,pieczywo,WYSOKA,SŁOWO_KLUCZOWE,na_zimno,gluten,gluten,DYSKRETNY,słowo_kluczowe: pieczywo; kategoria Zboża i pieczywo,
Placki owsiane na patelnię (gotowe),Zboża i pieczywo,215,7.5,7.0,30.5,3.6,pieczywo,NISKA,KATEGORIA,na_zimno,gluten,gluten,DYSKRETNY,kategoria: pieczywo,
Kasza bulgur z warzywami (gotowa mieszanka),"Kasze, ryż i makarony",128,4.0,2.5,22.0,4.0,kasza_ryż,WYSOKA,SŁOWO_KLUCZOWE,gotowanie,gluten,gluten,LINIOWY,"słowo_kluczowe: kasza_ryż; kategoria Kasze, ryż i makarony",
Ryż z warzywami (gotowa mieszanka),"Kasze, ryż i makarony",135,3.5,2.5,24.5,2.0,kasza_ryż,NISKA,SŁOWO_KLUCZOWE,gotowanie,,,LINIOWY,"słowo_kluczowe: kasza_ryż; kategoria Kasze, ryż i makarony",
Kasza jaglana z jabłkiem (deser),"Kasze, ryż i makarony",132,3.0,2.0,25.5,1.5,kasza_ryż,NISKA,SŁOWO_KLUCZOWE,gotowanie,,,LINIOWY,"słowo_kluczowe: kasza_ryż; kategoria Kasze, ryż i makarony",
Napój wiśniowy z soku zagęszczonego,Napoje,48,0.1,0.0,12.0,0.1,,NISKA,KATEGORIA,,,,,kategoria: —; kategoria z góry na NIE,NIE
Sok z granatów 100%,Napoje,54,0.2,0.3,13.0,0.1,owoce,ŚREDNIA,SŁOWO_KLUCZOWE,na_zimno,,,DYSKRETNY,słowo_kluczowe: owoce; kategoria Napoje; kategoria z góry na NIE,NIE
Sok z buraka kiszonego,Napoje,32,1.0,0.1,6.5,0.5,kiszonki,ŚREDNIA,SŁOWO_KLUCZOWE,na_zimno,,,TŁUMIONY,słowo_kluczowe: kiszonki; kategoria Napoje; kategoria z góry na NIE,NIE
Shot z trawy jęczmiennej,Napoje,25,1.5,0.3,3.5,1.0,,NISKA,KATEGORIA,,gluten,gluten,,kategoria: —; kategoria z góry na NIE,NIE
Herbata matcha (przygotowana),Napoje,5,0.5,0.1,0.5,0.2,,NISKA,KATEGORIA,,,,,kategoria: —; kategoria z góry na NIE,NIE
Golden milk (kurkuma latte na napoju owsianym),Napoje,55,1.0,2.0,8.0,0.8,,NISKA,KATEGORIA,,,,,kategoria: —; kategoria z góry na NIE,NIE
Frappe kawowe z mlekiem,Napoje,65,2.0,1.5,11.0,0.0,,NISKA,KATEGORIA,,,,,kategoria: —; kategoria z góry na NIE,NIE
Schabowy z ziemniakami i surówką (talerz),Dania gotowe i fast food,175,10.5,8.5,15.0,1.8,skrobiowe,ŚREDNIA,SŁOWO_KLUCZOWE,"gotowanie,pieczenie",,,LINIOWY,słowo_kluczowe: skrobiowe; kategoria Dania gotowe i fast food; kategoria z góry na NIE,NIE
Kurczak pieczony z ryżem i brokułem (talerz fit),Dania gotowe i fast food,135,12.5,3.5,14.5,1.6,kasza_ryż,NISKA,SŁOWO_KLUCZOWE,gotowanie,,,LINIOWY,słowo_kluczowe: kasza_ryż; kategoria Dania gotowe i fast food; wartości po obróbce termicznej (katalog diet liczy na surowo); kategoria z góry na NIE,NIE
Łosoś z kaszą i szparagami (talerz fit),Dania gotowe i fast food,155,12.0,7.0,11.0,1.8,ryba_tłusta,WYSOKA,SŁOWO_KLUCZOWE,na_zimno,ryby,fish,LINIOWY,słowo_kluczowe: ryba_tłusta; kategoria Dania gotowe i fast food; kategoria z góry na NIE,NIE
Indyk duszony z warzywami (talerz fit),Dania gotowe i fast food,118,13.5,3.5,9.0,2.0,,NISKA,KATEGORIA,,,,,kategoria: —; wartości po obróbce termicznej (katalog diet liczy na surowo); kategoria z góry na NIE,NIE
Dorsz na parze z ziemniakami (talerz),Dania gotowe i fast food,105,11.0,2.0,11.5,1.4,skrobiowe,ŚREDNIA,SŁOWO_KLUCZOWE,"gotowanie,pieczenie",ryby,fish,LINIOWY,słowo_kluczowe: skrobiowe; kategoria Dania gotowe i fast food; kategoria z góry na NIE,NIE
Kotlety mielone z kaszą i buraczkami (talerz),Dania gotowe i fast food,168,9.5,8.5,14.0,2.0,białko_mielone,ŚREDNIA,SŁOWO_KLUCZOWE,"smażenie,pieczenie",,,LINIOWY,słowo_kluczowe: białko_mielone; kategoria Dania gotowe i fast food; kategoria z góry na NIE,NIE
Pulpety w sosie koperkowym z ziemniakami,Dania gotowe i fast food,128,7.5,5.5,12.5,1.2,skrobiowe,ŚREDNIA,SŁOWO_KLUCZOWE,"gotowanie,pieczenie",,,LINIOWY,słowo_kluczowe: skrobiowe; kategoria Dania gotowe i fast food; kategoria z góry na NIE,NIE
Ryba smażona z frytkami (fish and chips),Dania gotowe i fast food,245,10.5,13.5,21.5,1.7,,NISKA,KATEGORIA,,ryby,fish,,kategoria: —; wartości po obróbce termicznej (katalog diet liczy na surowo); kategoria z góry na NIE,NIE
Placek po węgiersku,Dania gotowe i fast food,185,7.5,9.5,18.0,1.8,,NISKA,KATEGORIA,,,,,kategoria: —; kategoria z góry na NIE,NIE
Karkówka z grilla z pieczywem,Dania gotowe i fast food,255,14.0,17.5,10.5,0.8,białko_tłuste,ŚREDNIA,SŁOWO_KLUCZOWE,"pieczenie,duszenie",gluten,gluten,LINIOWY,słowo_kluczowe: białko_tłuste; kategoria Dania gotowe i fast food; kategoria z góry na NIE,NIE
Szaszłyk wieprzowy z warzywami,Dania gotowe i fast food,165,14.5,9.5,5.5,1.2,,NISKA,KATEGORIA,,,,,kategoria: —; kategoria z góry na NIE,NIE
Kaczka pieczona z jabłkami (porcja),Dania gotowe i fast food,265,15.0,20.0,6.5,0.9,białko_tłuste,NISKA,SŁOWO_KLUCZOWE,"pieczenie,duszenie",,,LINIOWY,słowo_kluczowe: białko_tłuste; kategoria Dania gotowe i fast food; wartości po obróbce termicznej (katalog diet liczy na surowo); kategoria z góry na NIE,NIE
Pieczeń rzymska z jajkiem,Dania gotowe i fast food,215,14.5,14.5,6.5,0.6,jajka,ŚREDNIA,SŁOWO_KLUCZOWE,"smażenie,gotowanie,pieczenie",jaja,egg,DYSKRETNY,słowo_kluczowe: jajka; kategoria Dania gotowe i fast food; kategoria z góry na NIE,NIE
"Pierogi z jagodami, gotowane",Dania gotowe i fast food,215,4.5,3.5,41.0,2.2,owoce_jagodowe,ŚREDNIA,SŁOWO_KLUCZOWE,na_zimno,gluten,gluten,TŁUMIONY,słowo_kluczowe: owoce_jagodowe; kategoria Dania gotowe i fast food; kategoria z góry na NIE,NIE
"Pierogi z serem na słodko, gotowane",Dania gotowe i fast food,235,8.0,5.0,39.0,1.4,,NISKA,KATEGORIA,,gluten,gluten,,kategoria: —; kategoria z góry na NIE,NIE
Uszka z grzybami,Dania gotowe i fast food,225,6.5,4.5,39.5,2.2,warzywa_gotowane,ŚREDNIA,SŁOWO_KLUCZOWE,"gotowanie,pieczenie",,,TŁUMIONY,słowo_kluczowe: warzywa_gotowane; kategoria Dania gotowe i fast food; kategoria z góry na NIE,NIE
Kluski na parze z sosem owocowym,Dania gotowe i fast food,205,5.0,2.5,41.0,1.3,,NISKA,KATEGORIA,,gluten,gluten,,kategoria: —; kategoria z góry na NIE,NIE
Kotlet mielony z indyka (fit),Dania gotowe i fast food,165,18.5,8.0,4.5,0.6,białko_mielone,ŚREDNIA,SŁOWO_KLUCZOWE,"smażenie,pieczenie",,,LINIOWY,słowo_kluczowe: białko_mielone; kategoria Dania gotowe i fast food; kategoria z góry na NIE,NIE
Burgery drobiowe (kotlet fit),Dania gotowe i fast food,148,19.5,6.5,3.0,0.4,,NISKA,KATEGORIA,,,,,kategoria: —; kategoria z góry na NIE,NIE
Pieczone pałki kurczaka bbq,Dania gotowe i fast food,215,18.5,13.0,5.0,0.3,,NISKA,KATEGORIA,,,,,kategoria: —; wartości po obróbce termicznej (katalog diet liczy na surowo); kategoria z góry na NIE,NIE
Wątróbka po żydowsku (z cebulą i jajkiem),Dania gotowe i fast food,195,13.5,13.0,6.5,0.8,białko_chude,WYSOKA,SŁOWO_KLUCZOWE,"smażenie,pieczenie",,,LINIOWY,słowo_kluczowe: białko_chude; kategoria Dania gotowe i fast food; kategoria z góry na NIE,NIE
Śledź pod pierzynką (sałatka warstwowa),Dania gotowe i fast food,175,6.5,12.5,9.5,1.2,ryba_tłusta,WYSOKA,SŁOWO_KLUCZOWE,na_zimno,ryby,fish,LINIOWY,słowo_kluczowe: ryba_tłusta; kategoria Dania gotowe i fast food; kategoria z góry na NIE,NIE
Tatar z łososia,Dania gotowe i fast food,165,16.5,10.0,2.0,0.3,ryba_tłusta,ŚREDNIA,SŁOWO_KLUCZOWE,na_zimno,ryby,fish,LINIOWY,słowo_kluczowe: ryba_tłusta; kategoria Dania gotowe i fast food; kategoria z góry na NIE,NIE
Carpaccio wołowe z parmezanem,Dania gotowe i fast food,175,18.0,11.0,1.5,0.3,ser,ŚREDNIA,SŁOWO_KLUCZOWE,"pieczenie,na_zimno",mleko,"dairy,lactose",LINIOWY,słowo_kluczowe: ser; kategoria Dania gotowe i fast food; kategoria z góry na NIE,NIE
Krewetki w maśle czosnkowym,Dania gotowe i fast food,165,17.0,10.5,1.5,0.2,białko_chude,WYSOKA,SŁOWO_KLUCZOWE,"smażenie,pieczenie",,,LINIOWY,słowo_kluczowe: białko_chude; kategoria Dania gotowe i fast food; kategoria z góry na NIE,NIE
Mule w sosie winnym,Dania gotowe i fast food,120,13.5,4.5,6.0,0.3,,NISKA,KATEGORIA,,,,,kategoria: —; kategoria z góry na NIE,NIE
Zupa rybna,Dania gotowe i fast food,68,6.5,2.5,5.0,0.8,,NISKA,KATEGORIA,,ryby,fish,,kategoria: —; kategoria z góry na NIE,NIE
Zupa cebulowa z grzanką,Dania gotowe i fast food,85,3.0,4.0,9.5,1.2,warzywa_aromat,ŚREDNIA,SŁOWO_KLUCZOWE,"smażenie,gotowanie",,,TŁUMIONY,słowo_kluczowe: warzywa_aromat; kategoria Dania gotowe i fast food; kategoria z góry na NIE,NIE
Minestrone,Dania gotowe i fast food,58,2.5,1.8,8.0,2.2,,NISKA,KATEGORIA,,,,,kategoria: —; kategoria z góry na NIE,NIE
Zupa soczewicowa turecka,Dania gotowe i fast food,88,4.5,2.5,12.5,3.2,strączki,ŚREDNIA,SŁOWO_KLUCZOWE,gotowanie,,,LINIOWY,słowo_kluczowe: strączki; kategoria Dania gotowe i fast food; kategoria z góry na NIE,NIE
Gazpacho,Dania gotowe i fast food,45,1.2,2.5,4.8,1.2,,NISKA,KATEGORIA,,,,,kategoria: —; kategoria z góry na NIE,NIE
Zupa borowikowa ze śmietaną,Dania gotowe i fast food,72,2.0,4.5,6.0,1.2,dodatek_tłuszczowy,ŚREDNIA,SŁOWO_KLUCZOWE,"gotowanie,na_zimno",mleko,"dairy,lactose",TŁUMIONY,słowo_kluczowe: dodatek_tłuszczowy; kategoria Dania gotowe i fast food; kategoria z góry na NIE,NIE
Zupa kalafiorowa,Dania gotowe i fast food,48,1.8,2.2,5.5,1.6,warzywa_gotowane,ŚREDNIA,SŁOWO_KLUCZOWE,"gotowanie,pieczenie",,,TŁUMIONY,słowo_kluczowe: warzywa_gotowane; kategoria Dania gotowe i fast food; kategoria z góry na NIE,NIE
Zupa brokułowa z grzankami,Dania gotowe i fast food,62,2.4,2.8,7.0,1.8,warzywa_gotowane,ŚREDNIA,SŁOWO_KLUCZOWE,"gotowanie,pieczenie",,,TŁUMIONY,słowo_kluczowe: warzywa_gotowane; kategoria Dania gotowe i fast food; kategoria z góry na NIE,NIE
Botwinka z jajkiem,Dania gotowe i fast food,58,2.6,2.8,5.5,1.3,warzywa_liściaste,ŚREDNIA,SŁOWO_KLUCZOWE,na_zimno,jaja,egg,TŁUMIONY,słowo_kluczowe: warzywa_liściaste; kategoria Dania gotowe i fast food; kategoria z góry na NIE,NIE
Zupa wielowarzywna krem (fit),Dania gotowe i fast food,52,1.8,2.0,7.0,2.0,,NISKA,KATEGORIA,,,,,kategoria: —; kategoria z góry na NIE,NIE
Brokuł mrożony,Warzywa,28,3.0,0.4,4.0,2.8,warzywa_gotowane,WYSOKA,SŁOWO_KLUCZOWE,"gotowanie,pieczenie",,,TŁUMIONY,słowo_kluczowe: warzywa_gotowane; kategoria Warzywa,
Fasolka szparagowa mrożona,Warzywa,33,1.9,0.2,6.5,3.0,strączki,ŚREDNIA,SŁOWO_KLUCZOWE,gotowanie,,,LINIOWY,słowo_kluczowe: strączki; kategoria Warzywa,
Brukselka mrożona,Warzywa,41,3.5,0.4,6.5,3.8,warzywa_gotowane,NISKA,KATEGORIA,"gotowanie,pieczenie",,,TŁUMIONY,kategoria: warzywa_gotowane,
Marchew mini mrożona,Warzywa,36,0.8,0.2,8.0,2.6,warzywa_gotowane,WYSOKA,SŁOWO_KLUCZOWE,"gotowanie,pieczenie",,,TŁUMIONY,słowo_kluczowe: warzywa_gotowane; kategoria Warzywa,
Mieszanka meksykańska mrożona,Warzywa,68,3.2,0.8,12.0,3.6,warzywa_gotowane,NISKA,KATEGORIA,"gotowanie,pieczenie",,,TŁUMIONY,kategoria: warzywa_gotowane,
Mieszanka chińska mrożona,Warzywa,42,2.2,0.5,7.5,2.5,warzywa_gotowane,NISKA,KATEGORIA,"gotowanie,pieczenie",,,TŁUMIONY,kategoria: warzywa_gotowane,
"Kalafior ryż (rozdrobniony), mrożony",Warzywa,25,2.0,0.3,4.2,2.0,kasza_ryż,ŚREDNIA,SŁOWO_KLUCZOWE,gotowanie,,,LINIOWY,słowo_kluczowe: kasza_ryż; kategoria Warzywa,
Dynia kostka mrożona,Warzywa,28,1.1,0.1,6.0,1.4,nasiona,ŚREDNIA,SŁOWO_KLUCZOWE,na_zimno,,,LINIOWY,słowo_kluczowe: nasiona; kategoria Warzywa,
Szpinak liście mrożone (porcje),Warzywa,24,2.9,0.4,2.4,2.3,warzywa_liściaste,WYSOKA,SŁOWO_KLUCZOWE,na_zimno,,,TŁUMIONY,słowo_kluczowe: warzywa_liściaste; kategoria Warzywa,
Zioła mrożone (koperek),Warzywa,45,3.5,1.0,7.0,2.2,przyprawa,ŚREDNIA,SŁOWO_KLUCZOWE,*,,,STAŁY,słowo_kluczowe: przyprawa; kategoria Warzywa,
Frytki mrożone (do piekarnika),Warzywa,155,2.5,4.0,27.0,2.6,warzywa_gotowane,NISKA,KATEGORIA,"gotowanie,pieczenie",,,TŁUMIONY,kategoria: warzywa_gotowane; wartości po obróbce termicznej (katalog diet liczy na surowo),
Placki ziemniaczane mrożone,Warzywa,190,3.0,9.0,24.5,2.0,warzywa_gotowane,NISKA,KATEGORIA,"gotowanie,pieczenie",,,TŁUMIONY,kategoria: warzywa_gotowane,
Kopytka mrożone,"Kasze, ryż i makarony",165,4.0,0.8,35.5,1.6,kasza_ryż,NISKA,KATEGORIA,gotowanie,,,LINIOWY,kategoria: kasza_ryż,
Pierogi mrożone z mięsem,Dania gotowe i fast food,245,9.5,8.0,34.0,1.8,,NISKA,KATEGORIA,,gluten,gluten,,kategoria: —; kategoria z góry na NIE,NIE
Zupa mrożona krem z pomidorów (porcja),Dania gotowe i fast food,48,1.4,2.0,6.0,1.0,warzywa_surowe,ŚREDNIA,SŁOWO_KLUCZOWE,na_zimno,,,TŁUMIONY,słowo_kluczowe: warzywa_surowe; kategoria Dania gotowe i fast food; kategoria z góry na NIE,NIE
Ryba mrożona w cieście (porcje),Ryby i owoce morza,205,11.5,10.5,16.5,0.8,ryba_chuda,NISKA,KATEGORIA,"pieczenie,smażenie",ryby,fish,LINIOWY,kategoria: ryba_chuda,
Owoce morza mieszanka mrożona,Ryby i owoce morza,82,14.5,1.5,2.5,0.0,ryba_chuda,NISKA,KATEGORIA,"pieczenie,smażenie",ryby,fish,LINIOWY,kategoria: ryba_chuda,
Truskawki liofilizowane,Owoce,355,4.5,1.5,81.0,8.5,owoce_jagodowe,WYSOKA,SŁOWO_KLUCZOWE,na_zimno,,,TŁUMIONY,słowo_kluczowe: owoce_jagodowe; kategoria Owoce,
Maliny liofilizowane,Owoce,345,5.5,3.0,74.0,17.5,owoce_jagodowe,WYSOKA,SŁOWO_KLUCZOWE,na_zimno,,,TŁUMIONY,słowo_kluczowe: owoce_jagodowe; kategoria Owoce,
Banany liofilizowane,Owoce,380,3.5,1.0,88.0,5.5,owoce,ŚREDNIA,SŁOWO_KLUCZOWE,na_zimno,,,DYSKRETNY,słowo_kluczowe: owoce; kategoria Owoce,
Sernik pieczony tradycyjny,Przekąski i słodycze,320,8.5,18.5,30.5,0.6,,NISKA,KATEGORIA,,,,,kategoria: —; wartości po obróbce termicznej (katalog diet liczy na surowo); kategoria z góry na NIE,NIE
Sernik proteinowy (fit),Przekąski i słodycze,165,14.5,6.0,12.5,0.8,białko_proszek,ŚREDNIA,SŁOWO_KLUCZOWE,na_zimno,,,LINIOWY,słowo_kluczowe: białko_proszek; kategoria Przekąski i słodycze; kategoria z góry na NIE,NIE
Ciasto marchewkowe,Przekąski i słodycze,385,4.5,20.5,46.0,1.8,warzywa_gotowane,ŚREDNIA,SŁOWO_KLUCZOWE,"gotowanie,pieczenie",,,TŁUMIONY,słowo_kluczowe: warzywa_gotowane; kategoria Przekąski i słodycze; kategoria z góry na NIE,NIE
Ciasto czekoladowe wegańskie,Przekąski i słodycze,355,5.0,16.5,47.5,3.5,słodycze,ŚREDNIA,SŁOWO_KLUCZOWE,na_zimno,,,DYSKRETNY,słowo_kluczowe: słodycze; kategoria Przekąski i słodycze; kategoria z góry na NIE,NIE
Tarta owocowa,Przekąski i słodycze,265,3.5,12.0,36.0,1.5,,NISKA,KATEGORIA,,,,,kategoria: —; kategoria z góry na NIE,NIE
Rogaliki z marmoladą,Przekąski i słodycze,375,6.0,14.0,56.0,2.0,,NISKA,KATEGORIA,,,,,kategoria: —; kategoria z góry na NIE,NIE
Chałwa słonecznikowa,Przekąski i słodycze,523,11.5,31.0,49.0,4.5,nasiona,ŚREDNIA,SŁOWO_KLUCZOWE,na_zimno,,,LINIOWY,słowo_kluczowe: nasiona; kategoria Przekąski i słodycze; kategoria z góry na NIE,NIE
Baton kokosowy w czekoladzie,Przekąski i słodycze,480,4.0,26.5,57.0,4.5,słodycze,ŚREDNIA,SŁOWO_KLUCZOWE,na_zimno,,,DYSKRETNY,słowo_kluczowe: słodycze; kategoria Przekąski i słodycze; kategoria z góry na NIE,NIE
Praliny czekoladowe,Przekąski i słodycze,545,6.0,33.0,55.0,2.5,słodycze,ŚREDNIA,SŁOWO_KLUCZOWE,na_zimno,,,DYSKRETNY,słowo_kluczowe: słodycze; kategoria Przekąski i słodycze; kategoria z góry na NIE,NIE
Trufle kakaowe raw (daktylowe),Przekąski i słodycze,395,6.0,15.5,58.0,8.5,,NISKA,KATEGORIA,,,,,kategoria: —; kategoria z góry na NIE,NIE
Kulki mocy (energy balls),Przekąski i słodycze,425,9.5,20.0,51.0,7.0,,NISKA,KATEGORIA,,,,,kategoria: —; kategoria z góry na NIE,NIE
Jogurt mrożony (frozen yogurt),Przekąski i słodycze,130,4.0,3.0,21.5,0.3,nabiał_chudy,WYSOKA,SŁOWO_KLUCZOWE,na_zimno,mleko,"dairy,lactose",LINIOWY,słowo_kluczowe: nabiał_chudy; kategoria Przekąski i słodycze; kategoria z góry na NIE,NIE
Lody na patyku owocowe (sorbetowe),Przekąski i słodycze,95,0.3,0.2,23.0,0.5,,NISKA,KATEGORIA,,,,,kategoria: —; kategoria z góry na NIE,NIE
Lody proteinowe na patyku,Przekąski i słodycze,145,9.5,5.0,15.0,1.0,białko_proszek,ŚREDNIA,SŁOWO_KLUCZOWE,na_zimno,,,LINIOWY,słowo_kluczowe: białko_proszek; kategoria Przekąski i słodycze; kategoria z góry na NIE,NIE
Gofry (gotowe),Przekąski i słodycze,315,6.5,13.5,42.5,1.4,,NISKA,KATEGORIA,,,,,kategoria: —; kategoria z góry na NIE,NIE
Naleśniki gotowe (bez nadzienia),Przekąski i słodycze,195,6.0,6.5,28.0,0.9,,NISKA,KATEGORIA,,gluten,gluten,,kategoria: —; kategoria z góry na NIE,NIE
Jogurt brzoskwiniowy kremowy,Nabiał,95,3.0,2.8,14.5,0.2,nabiał_chudy,WYSOKA,SŁOWO_KLUCZOWE,na_zimno,mleko,"dairy,lactose",LINIOWY,słowo_kluczowe: nabiał_chudy; kategoria Nabiał,
Jogurt wiśniowy,Nabiał,92,3.0,2.6,14.0,0.3,nabiał_chudy,WYSOKA,SŁOWO_KLUCZOWE,na_zimno,mleko,"dairy,lactose",LINIOWY,słowo_kluczowe: nabiał_chudy; kategoria Nabiał,
Jogurt z muesli (dwukomorowy),Nabiał,128,4.0,3.8,19.5,0.8,nabiał_chudy,WYSOKA,SŁOWO_KLUCZOWE,na_zimno,mleko,"dairy,lactose",LINIOWY,słowo_kluczowe: nabiał_chudy; kategoria Nabiał,
Kefir truskawkowy,Nabiał,68,2.8,1.8,10.0,0.2,owoce_jagodowe,ŚREDNIA,SŁOWO_KLUCZOWE,na_zimno,mleko,"dairy,lactose",TŁUMIONY,słowo_kluczowe: owoce_jagodowe; kategoria Nabiał,
Maślanka owocowa,Nabiał,58,2.8,0.8,9.8,0.1,nabiał_chudy,ŚREDNIA,SŁOWO_KLUCZOWE,na_zimno,mleko,"dairy,lactose",LINIOWY,słowo_kluczowe: nabiał_chudy; kategoria Nabiał,
Serek homogenizowany truskawkowy,Nabiał,145,7.0,6.5,14.5,0.2,ser,ŚREDNIA,SŁOWO_KLUCZOWE,"pieczenie,na_zimno",mleko,"dairy,lactose",LINIOWY,słowo_kluczowe: ser; kategoria Nabiał,
Skyr malinowy,Nabiał,78,9.5,0.3,9.0,0.4,owoce_jagodowe,ŚREDNIA,SŁOWO_KLUCZOWE,na_zimno,mleko,"dairy,lactose",TŁUMIONY,słowo_kluczowe: owoce_jagodowe; kategoria Nabiał,
Twarożek waniliowy słodzony,Nabiał,135,9.0,5.0,13.0,0.0,nabiał_tłusty,NISKA,KATEGORIA,na_zimno,mleko,"dairy,lactose",LINIOWY,kategoria: nabiał_tłusty,
Mleko smakowe czekoladowe,Nabiał,78,3.2,1.8,12.0,0.5,mleko,WYSOKA,SŁOWO_KLUCZOWE,"gotowanie,na_zimno",mleko,"dairy,lactose",LINIOWY,słowo_kluczowe: mleko; kategoria Nabiał,
Deser ryżowy na mleku (kubek),Nabiał,118,3.2,2.8,20.0,0.2,kasza_ryż,ŚREDNIA,SŁOWO_KLUCZOWE,gotowanie,mleko,"dairy,lactose",LINIOWY,słowo_kluczowe: kasza_ryż; kategoria Nabiał,
"Polędwiczki z kurczaka (stripsy naturalne), surowe",Mięso i drób,112,22.5,2.0,0.5,0.0,białko_chude,ŚREDNIA,SŁOWO_KLUCZOWE,"smażenie,pieczenie",,meat,LINIOWY,słowo_kluczowe: białko_chude; kategoria Mięso i drób,
"Stripsy z kurczaka panierowane, pieczone",Mięso i drób,248,17.0,12.0,17.5,0.9,białko_chude,NISKA,KATEGORIA,"smażenie,pieczenie",,meat,LINIOWY,kategoria: białko_chude; wartości po obróbce termicznej (katalog diet liczy na surowo),
"Kurczak w marynacie miodowo-musztardowej, surowy",Mięso i drób,145,19.5,4.5,6.5,0.3,słodzik,ŚREDNIA,SŁOWO_KLUCZOWE,na_zimno,gorczyca,meat,TŁUMIONY,słowo_kluczowe: słodzik; kategoria Mięso i drób,
"Kurczak cytrynowy, pieczony",Mięso i drób,158,24.0,6.0,2.0,0.2,owoce,NISKA,SŁOWO_KLUCZOWE,na_zimno,,meat,DYSKRETNY,słowo_kluczowe: owoce; kategoria Mięso i drób; wartości po obróbce termicznej (katalog diet liczy na surowo),
"Indyk w ziołach, pieczony w plastrach",Mięso i drób,112,21.0,2.5,1.5,0.2,przyprawa,NISKA,SŁOWO_KLUCZOWE,*,,meat,STAŁY,słowo_kluczowe: przyprawa; kategoria Mięso i drób; wartości po obróbce termicznej (katalog diet liczy na surowo),
Wieprzowina słodko-kwaśna (samo mięso),Mięso i drób,195,15.0,10.5,10.0,0.5,białko_chude,NISKA,KATEGORIA,"smażenie,pieczenie",,meat,LINIOWY,kategoria: białko_chude,
"Żeberka bbq, pieczone",Mięso i drób,315,17.5,25.5,4.0,0.2,białko_tłuste,NISKA,SŁOWO_KLUCZOWE,"pieczenie,duszenie",,meat,LINIOWY,słowo_kluczowe: białko_tłuste; kategoria Mięso i drób; wartości po obróbce termicznej (katalog diet liczy na surowo),
"Kiełbasa chorizo do smażenia, surowa",Mięso i drób,385,15.5,35.0,2.0,0.0,wędlina,ŚREDNIA,SŁOWO_KLUCZOWE,na_zimno,,meat,TŁUMIONY,słowo_kluczowe: wędlina; kategoria Mięso i drób,
"Kiełbaski z indyka, surowe",Mięso i drób,185,16.0,12.5,1.5,0.0,wędlina,ŚREDNIA,SŁOWO_KLUCZOWE,na_zimno,,meat,TŁUMIONY,słowo_kluczowe: wędlina; kategoria Mięso i drób,
Mielone z królika,Mięso i drób,145,20.0,7.0,0.0,0.0,białko_mielone,ŚREDNIA,SŁOWO_KLUCZOWE,"smażenie,pieczenie",,meat,LINIOWY,słowo_kluczowe: białko_mielone; kategoria Mięso i drób,
Poledwica sopocka pieczona w całości,Mięso i drób,118,20.5,3.5,1.0,0.0,białko_chude,NISKA,SŁOWO_KLUCZOWE,"smażenie,pieczenie",,meat,LINIOWY,słowo_kluczowe: białko_chude; kategoria Mięso i drób; wartości po obróbce termicznej (katalog diet liczy na surowo),
Galareta drobiowa (z mięsem),Mięso i drób,88,11.5,4.0,1.5,0.0,białko_chude,NISKA,KATEGORIA,"smażenie,pieczenie",,meat,LINIOWY,kategoria: białko_chude,
Zimne nóżki (galareta wieprzowa),Mięso i drób,125,12.0,8.0,1.0,0.0,białko_chude,NISKA,KATEGORIA,"smażenie,pieczenie",,meat,LINIOWY,kategoria: białko_chude,
Tuszonka wołowa (konserwa),Mięso i drób,235,15.5,19.0,0.5,0.0,białko_chude,NISKA,KATEGORIA,"smażenie,pieczenie",,meat,LINIOWY,kategoria: białko_chude,
"Łosoś teriyaki, pieczony",Ryby i owoce morza,195,21.0,9.5,6.5,0.2,ryba_tłusta,NISKA,SŁOWO_KLUCZOWE,na_zimno,ryby,fish,LINIOWY,słowo_kluczowe: ryba_tłusta; kategoria Ryby i owoce morza; wartości po obróbce termicznej (katalog diet liczy na surowo),
"Dorsz w cieście piwnym, smażony",Ryby i owoce morza,232,12.5,12.5,17.5,0.7,białko_chude,NISKA,SŁOWO_KLUCZOWE,"smażenie,pieczenie","ryby,skorupiaki",fish,LINIOWY,słowo_kluczowe: białko_chude; kategoria Ryby i owoce morza; wartości po obróbce termicznej (katalog diet liczy na surowo),
"Pstrąg z migdałami, pieczony",Ryby i owoce morza,185,21.5,10.5,1.5,0.4,ryba_tłusta,NISKA,SŁOWO_KLUCZOWE,na_zimno,"ryby,orzechy",fish,LINIOWY,słowo_kluczowe: ryba_tłusta; kategoria Ryby i owoce morza; wartości po obróbce termicznej (katalog diet liczy na surowo),
Makrela grillowana,Ryby i owoce morza,238,21.5,17.0,0.0,0.0,ryba_tłusta,NISKA,SŁOWO_KLUCZOWE,na_zimno,ryby,fish,LINIOWY,słowo_kluczowe: ryba_tłusta; kategoria Ryby i owoce morza; wartości po obróbce termicznej (katalog diet liczy na surowo),
Sola w sosie maślano-cytrynowym,Ryby i owoce morza,145,15.5,8.5,2.0,0.1,białko_chude,ŚREDNIA,SŁOWO_KLUCZOWE,"smażenie,pieczenie",ryby,fish,LINIOWY,słowo_kluczowe: białko_chude; kategoria Ryby i owoce morza,
Tuńczyk tatar,Ryby i owoce morza,125,22.0,3.5,1.5,0.2,ryba_chuda,NISKA,KATEGORIA,"pieczenie,smażenie",ryby,fish,LINIOWY,kategoria: ryba_chuda,
Sushi nigiri z łososiem (porcja),Ryby i owoce morza,150,7.5,3.0,23.0,0.4,ryba_tłusta,ŚREDNIA,SŁOWO_KLUCZOWE,na_zimno,ryby,fish,LINIOWY,słowo_kluczowe: ryba_tłusta; kategoria Ryby i owoce morza,
Sashimi z tuńczyka,Ryby i owoce morza,110,24.5,0.6,0.0,0.0,ryba_chuda,NISKA,KATEGORIA,"pieczenie,smażenie",ryby,fish,LINIOWY,kategoria: ryba_chuda,
Konserwa szprot w oleju (odsączona),Ryby i owoce morza,245,19.5,18.5,0.0,0.0,tłuszcz,ŚREDNIA,SŁOWO_KLUCZOWE,"smażenie,pieczenie",ryby,fish,LINIOWY,słowo_kluczowe: tłuszcz; kategoria Ryby i owoce morza,
Filety śledziowe w sosie pomidorowym,Ryby i owoce morza,158,12.5,10.0,4.5,0.3,ryba_tłusta,ŚREDNIA,SŁOWO_KLUCZOWE,na_zimno,ryby,fish,LINIOWY,słowo_kluczowe: ryba_tłusta; kategoria Ryby i owoce morza,
Jajko przepiórcze marynowane,Jaja,165,12.5,11.5,1.8,0.0,jajka,WYSOKA,SŁOWO_KLUCZOWE,"smażenie,gotowanie,pieczenie",jaja,egg,DYSKRETNY,słowo_kluczowe: jajka; kategoria Jaja,
Omlet z warzywami (2 jaja),Jaja,135,9.5,9.0,4.0,1.0,jajka,NISKA,KATEGORIA,"smażenie,gotowanie,pieczenie",jaja,egg,DYSKRETNY,kategoria: jajka,
Jajka faszerowane pieczarkami,Jaja,185,10.5,14.5,3.0,0.4,jajka,ŚREDNIA,SŁOWO_KLUCZOWE,"smażenie,gotowanie,pieczenie",jaja,egg,DYSKRETNY,słowo_kluczowe: jajka; kategoria Jaja,
Kogel-mogel,Jaja,265,8.5,8.0,40.0,0.0,jajka,NISKA,KATEGORIA,"smażenie,gotowanie,pieczenie",jaja,egg,DYSKRETNY,kategoria: jajka,
Ser wędzony parzony (rolada),Nabiał,345,24.5,27.0,1.0,0.0,nabiał_tłusty,NISKA,KATEGORIA,na_zimno,mleko,"dairy,lactose",LINIOWY,kategoria: nabiał_tłusty; wartości po obróbce termicznej (katalog diet liczy na surowo),
Serek wiejski z rzodkiewką,Nabiał,98,10.5,4.5,3.5,0.3,ser,ŚREDNIA,SŁOWO_KLUCZOWE,"pieczenie,na_zimno",mleko,"dairy,lactose",LINIOWY,słowo_kluczowe: ser; kategoria Nabiał,
Jogurt proteinowy czekoladowy,Nabiał,82,10.0,1.5,7.0,0.5,białko_proszek,ŚREDNIA,SŁOWO_KLUCZOWE,na_zimno,mleko,"dairy,lactose",LINIOWY,słowo_kluczowe: białko_proszek; kategoria Nabiał,
Kaszkawał (ser żółty bałkański),Nabiał,350,25.0,27.5,1.0,0.0,kasza_ryż,ŚREDNIA,SŁOWO_KLUCZOWE,gotowanie,mleko,"dairy,lactose",LINIOWY,słowo_kluczowe: kasza_ryż; kategoria Nabiał,
Mozzarella mini kulki,Nabiał,235,17.5,18.0,1.5,0.0,ser,WYSOKA,SŁOWO_KLUCZOWE,"pieczenie,na_zimno",mleko,"dairy,lactose",LINIOWY,słowo_kluczowe: ser; kategoria Nabiał,
Serek mascarpone light,Nabiał,265,5.5,25.5,4.5,0.0,ser,ŚREDNIA,SŁOWO_KLUCZOWE,"pieczenie,na_zimno",mleko,"dairy,lactose",LINIOWY,słowo_kluczowe: ser; kategoria Nabiał,
Cebula biała słodka,Warzywa,38,1.0,0.1,8.8,1.5,warzywa_aromat,WYSOKA,SŁOWO_KLUCZOWE,"smażenie,gotowanie",,,TŁUMIONY,słowo_kluczowe: warzywa_aromat; kategoria Warzywa,
"Czosnek, ząbek",Warzywa,149,6.4,0.5,33.1,2.1,warzywa_aromat,ŚREDNIA,SŁOWO_KLUCZOWE,"smażenie,gotowanie",,,TŁUMIONY,słowo_kluczowe: warzywa_aromat; kategoria Warzywa,
Pomidor gałązka,Warzywa,18,0.9,0.2,3.5,1.1,warzywa_surowe,WYSOKA,SŁOWO_KLUCZOWE,na_zimno,,,TŁUMIONY,słowo_kluczowe: warzywa_surowe; kategoria Warzywa,
Papryka mini słodka,Warzywa,30,1.2,0.3,6.5,1.5,warzywa_surowe,WYSOKA,SŁOWO_KLUCZOWE,na_zimno,,,TŁUMIONY,słowo_kluczowe: warzywa_surowe; kategoria Warzywa,
Sałata dębolistna,Warzywa,15,1.3,0.2,2.6,1.2,warzywa_liściaste,WYSOKA,SŁOWO_KLUCZOWE,na_zimno,,,TŁUMIONY,słowo_kluczowe: warzywa_liściaste; kategoria Warzywa,
Mix sałat (worek),Warzywa,18,1.5,0.3,2.8,1.5,warzywa_liściaste,ŚREDNIA,SŁOWO_KLUCZOWE,na_zimno,,,TŁUMIONY,słowo_kluczowe: warzywa_liściaste; kategoria Warzywa,
Marchewki mini (baby),Warzywa,35,0.6,0.1,8.2,2.9,warzywa_gotowane,ŚREDNIA,SŁOWO_KLUCZOWE,"gotowanie,pieczenie",,,TŁUMIONY,słowo_kluczowe: warzywa_gotowane; kategoria Warzywa,
Ogórki korniszony (odsączone),Warzywa,22,0.6,0.2,4.5,0.9,warzywa_gotowane,NISKA,KATEGORIA,"gotowanie,pieczenie",,,TŁUMIONY,kategoria: warzywa_gotowane,
Pikle mieszane (odsączone),Warzywa,28,0.8,0.2,5.5,1.2,warzywa_gotowane,NISKA,KATEGORIA,"gotowanie,pieczenie",,,TŁUMIONY,kategoria: warzywa_gotowane,
"Ziemniak w mundurku, gotowany",Warzywa,78,2.0,0.1,17.5,1.8,skrobiowe,ŚREDNIA,SŁOWO_KLUCZOWE,"gotowanie,pieczenie",,,LINIOWY,słowo_kluczowe: skrobiowe; kategoria Warzywa,
Puree z batatów,Warzywa,92,1.6,1.5,18.5,2.8,skrobiowe,ŚREDNIA,SŁOWO_KLUCZOWE,"gotowanie,pieczenie",,,LINIOWY,słowo_kluczowe: skrobiowe; kategoria Warzywa,
Warzywa grillowane mix,Warzywa,65,1.8,3.5,7.0,2.4,warzywa_gotowane,NISKA,KATEGORIA,"gotowanie,pieczenie",,,TŁUMIONY,kategoria: warzywa_gotowane; wartości po obróbce termicznej (katalog diet liczy na surowo),
Jabłko zielone kwaśne,Owoce,48,0.3,0.2,12.5,2.6,owoce,WYSOKA,SŁOWO_KLUCZOWE,na_zimno,,,DYSKRETNY,słowo_kluczowe: owoce; kategoria Owoce,
Banan dojrzały duży,Owoce,92,1.1,0.3,23.5,2.4,owoce,WYSOKA,SŁOWO_KLUCZOWE,na_zimno,,,DYSKRETNY,słowo_kluczowe: owoce; kategoria Owoce,
Pomarańcza duża,Owoce,47,0.9,0.1,11.8,2.4,owoce,WYSOKA,SŁOWO_KLUCZOWE,na_zimno,,,DYSKRETNY,słowo_kluczowe: owoce; kategoria Owoce,
Klementynki,Owoce,47,0.9,0.2,12.0,1.7,owoce,NISKA,KATEGORIA,na_zimno,,,DYSKRETNY,kategoria: owoce,
Winogrona bezpestkowe,Owoce,69,0.6,0.2,18.0,0.9,nasiona,ŚREDNIA,SŁOWO_KLUCZOWE,na_zimno,,,LINIOWY,słowo_kluczowe: nasiona; kategoria Owoce,
Owoce do smoothie mix mrożony,Owoce,52,0.9,0.4,11.5,2.8,owoce,NISKA,KATEGORIA,na_zimno,,,DYSKRETNY,kategoria: owoce,
Pulpa mango (bez cukru),Owoce,62,0.4,0.3,15.0,1.0,owoce,ŚREDNIA,SŁOWO_KLUCZOWE,na_zimno,,,DYSKRETNY,słowo_kluczowe: owoce; kategoria Owoce,
Koktajl zielony (szpinak-jabłko-banan),Owoce,48,1.0,0.3,10.5,1.6,owoce,NISKA,KATEGORIA,na_zimno,,,DYSKRETNY,kategoria: owoce,
"Soczewica z warzywami (słoik, gotowa)",Rośliny strączkowe,95,5.5,2.0,13.5,4.0,strączki,NISKA,SŁOWO_KLUCZOWE,gotowanie,,,LINIOWY,słowo_kluczowe: strączki; kategoria Rośliny strączkowe,
Fasolka w sosie pomidorowym (puszka),Rośliny strączkowe,92,4.8,0.5,15.5,4.5,warzywa_surowe,NISKA,SŁOWO_KLUCZOWE,na_zimno,,,TŁUMIONY,słowo_kluczowe: warzywa_surowe; kategoria Rośliny strączkowe,
Hummus paprykowy,Rośliny strączkowe,225,6.5,16.0,15.0,5.5,pasta_smarowanie,NISKA,SŁOWO_KLUCZOWE,na_zimno,,,LINIOWY,słowo_kluczowe: pasta_smarowanie; kategoria Rośliny strączkowe,
Hummus z suszonymi pomidorami,Rośliny strączkowe,230,6.8,16.5,15.0,5.5,pasta_smarowanie,NISKA,SŁOWO_KLUCZOWE,na_zimno,,,LINIOWY,słowo_kluczowe: pasta_smarowanie; kategoria Rośliny strączkowe,
Pasta z bobu,Rośliny strączkowe,135,7.5,5.0,15.5,5.0,strączki,NISKA,KATEGORIA,gotowanie,,,LINIOWY,kategoria: strączki,
Kiełki soczewicy,Rośliny strączkowe,106,9.0,0.6,22.1,3.0,strączki,NISKA,SŁOWO_KLUCZOWE,gotowanie,,,LINIOWY,słowo_kluczowe: strączki; kategoria Rośliny strączkowe,
Migdały w czekoladzie,Orzechy i nasiona,570,13.5,42.0,38.0,7.0,orzechy,WYSOKA,SŁOWO_KLUCZOWE,na_zimno,orzechy,,LINIOWY,słowo_kluczowe: orzechy; kategoria Orzechy i nasiona,
Orzeszki w miodzie,Orzechy i nasiona,545,18.0,39.0,33.0,5.5,słodzik,ŚREDNIA,SŁOWO_KLUCZOWE,na_zimno,orzechy,,TŁUMIONY,słowo_kluczowe: słodzik; kategoria Orzechy i nasiona,
Pistacje w łupinach (waga z łupiną),Orzechy i nasiona,340,12.5,27.5,17.0,6.5,orzechy,ŚREDNIA,SŁOWO_KLUCZOWE,na_zimno,orzechy,,LINIOWY,słowo_kluczowe: orzechy; kategoria Orzechy i nasiona,
Wiórki kokosowe prażone,Orzechy i nasiona,665,7.0,65.0,24.0,16.5,orzechy,NISKA,KATEGORIA,na_zimno,orzechy,,LINIOWY,kategoria: orzechy,
Mieszanka orzechów niesolona,Orzechy i nasiona,615,17.5,55.0,16.5,7.5,orzechy,ŚREDNIA,SŁOWO_KLUCZOWE,na_zimno,orzechy,,LINIOWY,słowo_kluczowe: orzechy; kategoria Orzechy i nasiona,
Oliwa smakowa czosnkowa,Tłuszcze i oleje,880,0.1,99.5,0.3,0.0,tłuszcz,WYSOKA,SŁOWO_KLUCZOWE,"smażenie,pieczenie",,,LINIOWY,słowo_kluczowe: tłuszcz; kategoria Tłuszcze i oleje,
Olej z czarnuszki,Tłuszcze i oleje,884,0.0,99.9,0.0,0.0,tłuszcz,WYSOKA,SŁOWO_KLUCZOWE,"smażenie,pieczenie",,,LINIOWY,słowo_kluczowe: tłuszcz; kategoria Tłuszcze i oleje,
Olej z wiesiołka,Tłuszcze i oleje,884,0.0,99.9,0.0,0.0,tłuszcz,WYSOKA,SŁOWO_KLUCZOWE,"smażenie,pieczenie",,,LINIOWY,słowo_kluczowe: tłuszcz; kategoria Tłuszcze i oleje,
Masło orzechowe w proszku (odtłuszczone),Tłuszcze i oleje,380,48.0,10.5,24.0,9.5,orzechy_pasty,WYSOKA,SŁOWO_KLUCZOWE,na_zimno,"orzechy,orzechy_ziemne",,LINIOWY,słowo_kluczowe: orzechy_pasty; kategoria Tłuszcze i oleje,
Frytura / olej do głębokiego smażenia,Tłuszcze i oleje,884,0.0,100.0,0.0,0.0,tłuszcz,ŚREDNIA,SŁOWO_KLUCZOWE,"smażenie,pieczenie",,,LINIOWY,słowo_kluczowe: tłuszcz; kategoria Tłuszcze i oleje,
Baton owsiany z orzechami (domowy typ),Przekąski i słodycze,455,9.5,21.5,56.0,6.0,orzechy,ŚREDNIA,SŁOWO_KLUCZOWE,na_zimno,"gluten,orzechy",gluten,LINIOWY,słowo_kluczowe: orzechy; kategoria Przekąski i słodycze; kategoria z góry na NIE,NIE
Chipsy z jarmużu,Przekąski i słodycze,425,14.5,26.0,31.0,9.5,warzywa_liściaste,ŚREDNIA,SŁOWO_KLUCZOWE,na_zimno,,,TŁUMIONY,słowo_kluczowe: warzywa_liściaste; kategoria Przekąski i słodycze; kategoria z góry na NIE,NIE
Chipsy warzywne (burak/marchew/pasternak),Przekąski i słodycze,480,5.5,26.5,54.0,9.0,,NISKA,KATEGORIA,,,,,kategoria: —; kategoria z góry na NIE,NIE
Groszki ptysiowe,Przekąski i słodycze,485,9.5,25.5,55.0,1.5,,NISKA,KATEGORIA,,,,,kategoria: —; kategoria z góry na NIE,NIE
Andruty,Przekąski i słodycze,368,10.0,1.5,78.5,2.0,,NISKA,KATEGORIA,,,,,kategoria: —; kategoria z góry na NIE,NIE
Miodowniki (ciastka),Przekąski i słodycze,395,5.5,9.5,71.0,2.0,słodzik,ŚREDNIA,SŁOWO_KLUCZOWE,na_zimno,,,TŁUMIONY,słowo_kluczowe: słodzik; kategoria Przekąski i słodycze; kategoria z góry na NIE,NIE
Woda mineralna gazowana,Napoje,0,0.0,0.0,0.0,0.0,,NISKA,KATEGORIA,,,,,kategoria: —; kategoria z góry na NIE,NIE
Woda smakowa cytrynowa (słodzona),Napoje,20,0.0,0.0,4.9,0.0,owoce,ŚREDNIA,SŁOWO_KLUCZOWE,na_zimno,,,DYSKRETNY,słowo_kluczowe: owoce; kategoria Napoje; kategoria z góry na NIE,NIE
Woda smakowa bez cukru,Napoje,1,0.0,0.0,0.1,0.0,,NISKA,KATEGORIA,,,,,kategoria: —; kategoria z góry na NIE,NIE
Napar rumiankowy,Napoje,1,0.0,0.0,0.2,0.0,,NISKA,KATEGORIA,,,,,kategoria: —; kategoria z góry na NIE,NIE
Cydr jabłkowy,Napoje,50,0.0,0.0,5.0,0.0,owoce,ŚREDNIA,SŁOWO_KLUCZOWE,na_zimno,,,DYSKRETNY,słowo_kluczowe: owoce; kategoria Napoje; kategoria z góry na NIE,NIE
Drink bezalkoholowy typu mojito wirgin,Napoje,45,0.1,0.0,11.0,0.2,,NISKA,KATEGORIA,,,,,kategoria: —; kategoria z góry na NIE,NIE
Ocet ryżowy,Przyprawy i dodatki,18,0.3,0.0,4.0,0.0,kasza_ryż,ŚREDNIA,SŁOWO_KLUCZOWE,gotowanie,,,LINIOWY,słowo_kluczowe: kasza_ryż; kategoria Przyprawy i dodatki,
Mirin (przyprawa ryżowa słodka),Przyprawy i dodatki,226,0.2,0.0,55.0,0.0,przyprawa,NISKA,KATEGORIA,*,,,STAŁY,kategoria: przyprawa,
Sos hoisin,Przyprawy i dodatki,220,3.3,3.4,44.0,2.8,sos,WYSOKA,SŁOWO_KLUCZOWE,na_zimno,,,STAŁY,słowo_kluczowe: sos; kategoria Przyprawy i dodatki,
Pasta wasabi,Przyprawy i dodatki,265,4.5,10.5,39.0,6.0,przyprawa,NISKA,KATEGORIA,*,,,STAŁY,kategoria: przyprawa,
Chutney z mango,Przyprawy i dodatki,215,0.5,0.2,52.5,1.2,owoce,ŚREDNIA,SŁOWO_KLUCZOWE,na_zimno,,,DYSKRETNY,słowo_kluczowe: owoce; kategoria Przyprawy i dodatki,
Żurawina do mięs (konfitura),Przyprawy i dodatki,190,0.3,0.1,46.5,1.8,owoce_jagodowe,ŚREDNIA,SŁOWO_KLUCZOWE,na_zimno,,,TŁUMIONY,słowo_kluczowe: owoce_jagodowe; kategoria Przyprawy i dodatki,
Sos mietowy,Przyprawy i dodatki,105,1.5,0.5,23.5,1.0,sos,WYSOKA,SŁOWO_KLUCZOWE,na_zimno,,,STAŁY,słowo_kluczowe: sos; kategoria Przyprawy i dodatki,
Koperek suszony,Przyprawy i dodatki,253,20.0,4.4,42.2,13.6,słodzik,ŚREDNIA,SŁOWO_KLUCZOWE,na_zimno,,,TŁUMIONY,słowo_kluczowe: słodzik; kategoria Przyprawy i dodatki,
Estragon suszony,Przyprawy i dodatki,295,22.8,7.2,42.8,7.4,słodzik,ŚREDNIA,SŁOWO_KLUCZOWE,na_zimno,,,TŁUMIONY,słowo_kluczowe: słodzik; kategoria Przyprawy i dodatki,
Liść laurowy,Przyprawy i dodatki,313,7.6,8.4,48.6,26.3,przyprawa,NISKA,KATEGORIA,*,,,STAŁY,kategoria: przyprawa,
"Podudzie kurczaka bez skóry, pieczone",Mięso i drób,155,24.5,6.5,0.0,0.0,białko_tłuste,NISKA,SŁOWO_KLUCZOWE,"pieczenie,duszenie",,meat,LINIOWY,słowo_kluczowe: białko_tłuste; kategoria Mięso i drób; wartości po obróbce termicznej (katalog diet liczy na surowo),
Ćwiartka kurczaka pieczona ze skórą,Mięso i drób,232,24.0,15.0,0.0,0.0,białko_tłuste,NISKA,SŁOWO_KLUCZOWE,"pieczenie,duszenie",,meat,LINIOWY,słowo_kluczowe: białko_tłuste; kategoria Mięso i drób; wartości po obróbce termicznej (katalog diet liczy na surowo),
Kurczak faszerowany (rolada),Mięso i drób,185,20.5,10.0,3.5,0.4,białko_chude,NISKA,KATEGORIA,"smażenie,pieczenie",,meat,LINIOWY,kategoria: białko_chude,
Kaczka konfitowana (udko),Mięso i drób,285,22.5,21.5,0.0,0.0,białko_tłuste,ŚREDNIA,SŁOWO_KLUCZOWE,"pieczenie,duszenie",,meat,LINIOWY,słowo_kluczowe: białko_tłuste; kategoria Mięso i drób,
"Wołowina wagyu-style marmurkowa, surowa",Mięso i drób,310,16.5,27.0,0.0,0.0,białko_chude,NISKA,KATEGORIA,"smażenie,pieczenie",,meat,LINIOWY,kategoria: białko_chude,
Cielęcina mielona,Mięso i drób,148,19.5,7.5,0.0,0.0,białko_mielone,ŚREDNIA,SŁOWO_KLUCZOWE,"smażenie,pieczenie",,meat,LINIOWY,słowo_kluczowe: białko_mielone; kategoria Mięso i drób,
"Baranina gulaszowa, surowa",Mięso i drób,200,18.5,14.0,0.0,0.0,białko_chude,NISKA,KATEGORIA,"smażenie,pieczenie",,meat,LINIOWY,kategoria: białko_chude,
"Nerki wieprzowe, surowe",Mięso i drób,100,16.5,3.2,0.8,0.0,białko_chude,NISKA,KATEGORIA,"smażenie,pieczenie",,meat,LINIOWY,kategoria: białko_chude,
Płucka cielęce,Mięso i drób,90,16.0,2.5,0.5,0.0,białko_chude,NISKA,KATEGORIA,"smażenie,pieczenie",,meat,LINIOWY,kategoria: białko_chude,
"Serca wołowe, surowe",Mięso i drób,112,17.7,3.9,0.7,0.0,białko_chude,NISKA,KATEGORIA,"smażenie,pieczenie",,meat,LINIOWY,kategoria: białko_chude,
Szynka szwarcwaldzka,Mięso i drób,235,24.5,15.0,0.5,0.0,wędlina,WYSOKA,SŁOWO_KLUCZOWE,na_zimno,,meat,TŁUMIONY,słowo_kluczowe: wędlina; kategoria Mięso i drób,
Lardo (słonina dojrzewająca),Mięso i drób,770,3.5,84.0,0.0,0.0,białko_chude,NISKA,KATEGORIA,"smażenie,pieczenie",,meat,LINIOWY,kategoria: białko_chude,
Guanciale,Mięso i drób,655,9.0,68.0,0.0,0.0,białko_chude,NISKA,KATEGORIA,"smażenie,pieczenie",,meat,LINIOWY,kategoria: białko_chude,
Pancetta,Mięso i drób,500,12.0,50.0,0.0,0.0,białko_chude,NISKA,KATEGORIA,"smażenie,pieczenie",,meat,LINIOWY,kategoria: białko_chude,
Kiełbasa myśliwska sucha,Mięso i drób,345,22.0,28.0,1.0,0.0,wędlina,ŚREDNIA,SŁOWO_KLUCZOWE,na_zimno,,meat,TŁUMIONY,słowo_kluczowe: wędlina; kategoria Mięso i drób,
Snacki mięsne drobiowe (paski suszone),Mięso i drób,290,45.0,9.0,6.5,0.0,białko_chude,NISKA,KATEGORIA,"smażenie,pieczenie",,meat,LINIOWY,kategoria: białko_chude,
"Filet z suma, surowy",Ryby i owoce morza,119,16.5,6.0,0.0,0.0,ryba_chuda,NISKA,KATEGORIA,"pieczenie,smażenie",ryby,fish,LINIOWY,kategoria: ryba_chuda,
"Filet z tilapii, pieczony",Ryby i owoce morza,128,26.0,2.6,0.0,0.0,białko_chude,NISKA,SŁOWO_KLUCZOWE,"smażenie,pieczenie",ryby,fish,LINIOWY,słowo_kluczowe: białko_chude; kategoria Ryby i owoce morza; wartości po obróbce termicznej (katalog diet liczy na surowo),
"Węgorz świeży, surowy",Ryby i owoce morza,236,18.4,18.0,0.0,0.0,ryba_tłusta,ŚREDNIA,SŁOWO_KLUCZOWE,na_zimno,ryby,fish,LINIOWY,słowo_kluczowe: ryba_tłusta; kategoria Ryby i owoce morza,
"Kergulena (antar), surowa",Ryby i owoce morza,205,14.5,16.5,0.0,0.0,ryba_chuda,NISKA,KATEGORIA,"pieczenie,smażenie",ryby,fish,LINIOWY,kategoria: ryba_chuda,
"Ryba jesiotr, surowa",Ryby i owoce morza,105,16.1,4.0,0.0,0.0,ryba_chuda,NISKA,KATEGORIA,"pieczenie,smażenie",ryby,fish,LINIOWY,kategoria: ryba_chuda,
Pikling (śledź wędzony na gorąco),Ryby i owoce morza,215,22.0,14.0,0.0,0.0,ryba_chuda,NISKA,KATEGORIA,"pieczenie,smażenie",ryby,fish,LINIOWY,kategoria: ryba_chuda,
Klopsiki rybne w sosie pomidorowym (słoik),Ryby i owoce morza,135,9.5,7.0,8.5,0.6,warzywa_surowe,ŚREDNIA,SŁOWO_KLUCZOWE,na_zimno,ryby,fish,TŁUMIONY,słowo_kluczowe: warzywa_surowe; kategoria Ryby i owoce morza,
Pstrag file wędzony na gorąco,Ryby i owoce morza,165,23.0,8.0,0.0,0.0,ryba_tłusta,NISKA,SŁOWO_KLUCZOWE,na_zimno,ryby,fish,LINIOWY,słowo_kluczowe: ryba_tłusta; kategoria Ryby i owoce morza; wartości po obróbce termicznej (katalog diet liczy na surowo),
"Żółtko jaja, surowe",Jaja,322,15.9,26.5,3.6,0.0,jajka,ŚREDNIA,SŁOWO_KLUCZOWE,"smażenie,gotowanie,pieczenie",jaja,egg,DYSKRETNY,słowo_kluczowe: jajka; kategoria Jaja,
Jaja płynne pasteryzowane (karton),Jaja,140,12.5,9.7,0.7,0.0,jajka,ŚREDNIA,SŁOWO_KLUCZOWE,"smażenie,gotowanie,pieczenie",jaja,egg,DYSKRETNY,słowo_kluczowe: jajka; kategoria Jaja,
Białka płynne pasteryzowane (karton),Jaja,48,10.5,0.2,0.8,0.0,kasza_ryż,ŚREDNIA,SŁOWO_KLUCZOWE,gotowanie,jaja,egg,LINIOWY,słowo_kluczowe: kasza_ryż; kategoria Jaja,
"Mleko pełne 3,8% świeże",Nabiał,64,3.2,3.8,4.7,0.0,mleko,WYSOKA,SŁOWO_KLUCZOWE,"gotowanie,na_zimno",mleko,"dairy,lactose",LINIOWY,słowo_kluczowe: mleko; kategoria Nabiał,
Jogurt naturalny gęsty typu bałkańskiego,Nabiał,88,4.0,6.0,4.5,0.0,białko_tłuste,ŚREDNIA,SŁOWO_KLUCZOWE,"pieczenie,duszenie",mleko,"dairy,lactose",LINIOWY,słowo_kluczowe: białko_tłuste; kategoria Nabiał,
Ser twarogowy sernikowy termizowany,Nabiał,172,11.0,12.0,4.5,0.0,ser,WYSOKA,SŁOWO_KLUCZOWE,"pieczenie,na_zimno",mleko,"dairy,lactose",LINIOWY,słowo_kluczowe: ser; kategoria Nabiał,
Ser sałatkowy w kostkach light,Nabiał,165,16.0,10.0,2.5,0.0,warzywa_liściaste,ŚREDNIA,SŁOWO_KLUCZOWE,na_zimno,mleko,"dairy,lactose",TŁUMIONY,słowo_kluczowe: warzywa_liściaste; kategoria Nabiał,
Ser typu greckiego do sałatek,Nabiał,265,14.5,22.0,2.0,0.0,warzywa_liściaste,ŚREDNIA,SŁOWO_KLUCZOWE,na_zimno,mleko,"dairy,lactose",TŁUMIONY,słowo_kluczowe: warzywa_liściaste; kategoria Nabiał,
Ser smażony z kminkiem (harzer typ),Nabiał,128,27.0,0.7,1.5,0.0,przyprawa,NISKA,SŁOWO_KLUCZOWE,*,mleko,"dairy,lactose",STAŁY,słowo_kluczowe: przyprawa; kategoria Nabiał; wartości po obróbce termicznej (katalog diet liczy na surowo),
Serek wiejski wysokobiałkowy,Nabiał,92,13.0,3.0,2.8,0.0,ser,ŚREDNIA,SŁOWO_KLUCZOWE,"pieczenie,na_zimno",mleko,"dairy,lactose",LINIOWY,słowo_kluczowe: ser; kategoria Nabiał,
Napój jogurtowy mango-lassi,Nabiał,95,2.8,2.5,15.5,0.2,nabiał_chudy,ŚREDNIA,SŁOWO_KLUCZOWE,na_zimno,mleko,"dairy,lactose",LINIOWY,słowo_kluczowe: nabiał_chudy; kategoria Nabiał,
Chleb żytni 100% razowy na zakwasie,Zboża i pieczywo,218,6.5,1.5,43.0,8.5,pieczywo,WYSOKA,SŁOWO_KLUCZOWE,na_zimno,gluten,gluten,DYSKRETNY,słowo_kluczowe: pieczywo; kategoria Zboża i pieczywo,
Chleb litewski ciemny,Zboża i pieczywo,235,6.0,1.5,47.0,6.5,pieczywo,WYSOKA,SŁOWO_KLUCZOWE,na_zimno,gluten,gluten,DYSKRETNY,słowo_kluczowe: pieczywo; kategoria Zboża i pieczywo,
Chleb wieloziarnisty foremkowy,Zboża i pieczywo,258,9.0,5.5,42.0,7.0,pieczywo,WYSOKA,SŁOWO_KLUCZOWE,na_zimno,gluten,gluten,DYSKRETNY,słowo_kluczowe: pieczywo; kategoria Zboża i pieczywo,
Bułka wrocławska,Zboża i pieczywo,285,9.0,2.0,57.0,2.8,pieczywo,ŚREDNIA,SŁOWO_KLUCZOWE,na_zimno,gluten,gluten,DYSKRETNY,słowo_kluczowe: pieczywo; kategoria Zboża i pieczywo,
Rogal świętomarciński,Zboża i pieczywo,430,7.0,24.0,47.0,2.0,pieczywo,NISKA,KATEGORIA,na_zimno,,,DYSKRETNY,kategoria: pieczywo,
Ciabatta,Zboża i pieczywo,271,8.5,3.5,51.0,3.0,pieczywo,NISKA,KATEGORIA,na_zimno,,,DYSKRETNY,kategoria: pieczywo,
Chleb pita pełnoziarnisty,Zboża i pieczywo,252,9.5,1.5,49.0,6.5,pieczywo,WYSOKA,SŁOWO_KLUCZOWE,na_zimno,gluten,gluten,DYSKRETNY,słowo_kluczowe: pieczywo; kategoria Zboża i pieczywo,
Płatki gryczane,Zboża i pieczywo,345,12.0,3.0,67.0,6.0,płatki,NISKA,SŁOWO_KLUCZOWE,"gotowanie,na_zimno",,,LINIOWY,słowo_kluczowe: płatki; kategoria Zboża i pieczywo,
Kasza kukurydziana błyskawiczna,Zboża i pieczywo,358,7.5,1.5,77.5,3.5,kasza_ryż,NISKA,SŁOWO_KLUCZOWE,gotowanie,,,LINIOWY,słowo_kluczowe: kasza_ryż; kategoria Zboża i pieczywo,
Mąka owsiana pełnoziarnista,Zboża i pieczywo,375,13.5,7.0,60.0,9.5,mąka,WYSOKA,SŁOWO_KLUCZOWE,"pieczenie,smażenie",gluten,gluten,LINIOWY,słowo_kluczowe: mąka; kategoria Zboża i pieczywo,
Mąka z ciecierzycy,Zboża i pieczywo,365,21.5,6.5,50.0,10.5,mąka,NISKA,SŁOWO_KLUCZOWE,"pieczenie,smażenie",,,LINIOWY,słowo_kluczowe: mąka; kategoria Zboża i pieczywo,
Mąka gryczana pełnoziarnista,Zboża i pieczywo,340,13.0,3.5,61.5,10.5,mąka,NISKA,SŁOWO_KLUCZOWE,"pieczenie,smażenie",,,LINIOWY,słowo_kluczowe: mąka; kategoria Zboża i pieczywo,
"Ryż długoziarnisty, ugotowany","Kasze, ryż i makarony",125,2.6,0.3,27.5,0.6,kasza_ryż,NISKA,SŁOWO_KLUCZOWE,gotowanie,,,LINIOWY,"słowo_kluczowe: kasza_ryż; kategoria Kasze, ryż i makarony; wartości po obróbce termicznej (katalog diet liczy na surowo)",
"Ryż pełnoziarnisty czerwony, ugotowany","Kasze, ryż i makarony",122,2.8,1.0,24.5,1.8,kasza_ryż,NISKA,SŁOWO_KLUCZOWE,gotowanie,,,LINIOWY,"słowo_kluczowe: kasza_ryż; kategoria Kasze, ryż i makarony; wartości po obróbce termicznej (katalog diet liczy na surowo)",
"Kasza jęczmienna perłowa, ugotowana","Kasze, ryż i makarony",109,2.5,0.4,24.0,2.5,kasza_ryż,NISKA,SŁOWO_KLUCZOWE,gotowanie,gluten,gluten,LINIOWY,"słowo_kluczowe: kasza_ryż; kategoria Kasze, ryż i makarony; wartości po obróbce termicznej (katalog diet liczy na surowo)",
"Kasza manna, ugotowana na wodzie","Kasze, ryż i makarony",65,1.9,0.2,13.5,0.5,kasza_ryż,NISKA,SŁOWO_KLUCZOWE,gotowanie,gluten,gluten,LINIOWY,"słowo_kluczowe: kasza_ryż; kategoria Kasze, ryż i makarony; wartości po obróbce termicznej (katalog diet liczy na surowo)",
"Makaron pełnoziarnisty penne, suchy","Kasze, ryż i makarony",348,13.0,2.5,66.5,8.5,makaron,WYSOKA,SŁOWO_KLUCZOWE,gotowanie,gluten,gluten,LINIOWY,"słowo_kluczowe: makaron; kategoria Kasze, ryż i makarony",
"Makaron nitki sojowe (fensi), suche","Kasze, ryż i makarony",335,0.2,0.1,83.5,0.5,makaron,WYSOKA,SŁOWO_KLUCZOWE,gotowanie,"gluten,soja",gluten,LINIOWY,"słowo_kluczowe: makaron; kategoria Kasze, ryż i makarony",
"Couscous perłowy (ptitim), suchy","Kasze, ryż i makarony",358,12.0,1.0,73.0,4.0,kasza_ryż,NISKA,KATEGORIA,gotowanie,,,LINIOWY,kategoria: kasza_ryż,
"Kapusta pak choi, duszona",Warzywa,15,1.6,0.3,2.4,1.1,warzywa_gotowane,NISKA,SŁOWO_KLUCZOWE,"gotowanie,pieczenie",,,TŁUMIONY,słowo_kluczowe: warzywa_gotowane; kategoria Warzywa; wartości po obróbce termicznej (katalog diet liczy na surowo),
Cieciorka prażona wasabi,Rośliny strączkowe,420,18.5,13.0,56.0,11.0,strączki,NISKA,KATEGORIA,gotowanie,,,LINIOWY,kategoria: strączki,
Soczewica kiełkowana,Rośliny strączkowe,108,9.0,0.6,22.0,3.2,strączki,NISKA,SŁOWO_KLUCZOWE,gotowanie,,,LINIOWY,słowo_kluczowe: strączki; kategoria Rośliny strączkowe,
Bób mrożony,Rośliny strączkowe,96,6.5,0.5,17.5,5.0,strączki,NISKA,SŁOWO_KLUCZOWE,gotowanie,,,LINIOWY,słowo_kluczowe: strączki; kategoria Rośliny strączkowe,
"Groch cały (z łuską), suchy",Rośliny strączkowe,335,23.0,1.5,59.0,25.0,strączki,NISKA,SŁOWO_KLUCZOWE,gotowanie,,,LINIOWY,słowo_kluczowe: strączki; kategoria Rośliny strączkowe,
Wiśnia w czekoladzie (cukierek),Przekąski i słodycze,445,3.5,18.5,66.5,2.0,słodycze,ŚREDNIA,SŁOWO_KLUCZOWE,na_zimno,,,DYSKRETNY,słowo_kluczowe: słodycze; kategoria Przekąski i słodycze; kategoria z góry na NIE,NIE
Śliwka w czekoladzie,Przekąski i słodycze,420,3.0,15.5,68.0,3.5,słodycze,ŚREDNIA,SŁOWO_KLUCZOWE,na_zimno,,,DYSKRETNY,słowo_kluczowe: słodycze; kategoria Przekąski i słodycze; kategoria z góry na NIE,NIE
Galaretki w czekoladzie,Przekąski i słodycze,385,2.5,9.5,74.0,1.0,słodycze,ŚREDNIA,SŁOWO_KLUCZOWE,na_zimno,,,DYSKRETNY,słowo_kluczowe: słodycze; kategoria Przekąski i słodycze; kategoria z góry na NIE,NIE
Nugat,Przekąski i słodycze,465,7.5,20.0,64.0,2.0,,NISKA,KATEGORIA,,,,,kategoria: —; kategoria z góry na NIE,NIE
Marcepan,Przekąski i słodycze,470,9.0,25.0,52.0,4.5,,NISKA,KATEGORIA,,,,,kategoria: —; kategoria z góry na NIE,NIE
Toffi,Przekąski i słodycze,445,2.0,15.5,76.0,0.0,,NISKA,KATEGORIA,,,,,kategoria: —; kategoria z góry na NIE,NIE
Guma do żucia bez cukru,Przekąski i słodycze,160,0.0,0.0,65.0,0.0,,NISKA,KATEGORIA,,,,,kategoria: —; kategoria z góry na NIE,NIE
Sok multiwitamina,Napoje,48,0.3,0.1,11.5,0.2,,NISKA,KATEGORIA,,,,,kategoria: —; kategoria z góry na NIE,NIE
Nektar bananowy,Napoje,55,0.3,0.1,13.5,0.3,owoce,ŚREDNIA,SŁOWO_KLUCZOWE,na_zimno,,,DYSKRETNY,słowo_kluczowe: owoce; kategoria Napoje; kategoria z góry na NIE,NIE
Napój ryżowo-kokosowy,Napoje,55,0.2,1.8,9.5,0.1,mleko,WYSOKA,SŁOWO_KLUCZOWE,"gotowanie,na_zimno",mleko,dairy,LINIOWY,słowo_kluczowe: mleko; kategoria Napoje,
Baza białkowa do koktajli (mleko białkowe),Napoje,58,7.5,1.5,3.8,0.0,,NISKA,KATEGORIA,,,,,kategoria: —; kategoria z góry na NIE,NIE
Przyprawa do piernika,Przyprawy i dodatki,285,6.0,6.5,55.0,24.0,przyprawa,ŚREDNIA,SŁOWO_KLUCZOWE,*,,,STAŁY,słowo_kluczowe: przyprawa; kategoria Przyprawy i dodatki,
Curry łagodne mielone,Przyprawy i dodatki,325,14.3,14.0,55.8,33.2,białko_mielone,ŚREDNIA,SŁOWO_KLUCZOWE,"smażenie,pieczenie",,,LINIOWY,słowo_kluczowe: białko_mielone; kategoria Przyprawy i dodatki,
Kmin rzymski mielony,Przyprawy i dodatki,375,17.8,22.3,44.2,10.5,białko_mielone,ŚREDNIA,SŁOWO_KLUCZOWE,"smażenie,pieczenie",,,LINIOWY,słowo_kluczowe: białko_mielone; kategoria Przyprawy i dodatki,
Kolendra mielona,Przyprawy i dodatki,298,12.4,17.8,55.0,41.9,białko_mielone,ŚREDNIA,SŁOWO_KLUCZOWE,"smażenie,pieczenie",,,LINIOWY,słowo_kluczowe: białko_mielone; kategoria Przyprawy i dodatki,
Gałka muszkatołowa,Przyprawy i dodatki,525,5.8,36.3,49.3,20.8,przyprawa,NISKA,KATEGORIA,*,,,STAŁY,kategoria: przyprawa,
Kardamon mielony,Przyprawy i dodatki,311,10.8,6.7,68.5,28.0,białko_mielone,ŚREDNIA,SŁOWO_KLUCZOWE,"smażenie,pieczenie",,,LINIOWY,słowo_kluczowe: białko_mielone; kategoria Przyprawy i dodatki,
Anyż gwiazdkowy,Przyprawy i dodatki,337,17.6,15.9,50.0,14.6,przyprawa,NISKA,KATEGORIA,*,,,STAŁY,kategoria: przyprawa,
Goździki mielone,Przyprawy i dodatki,274,6.0,13.0,65.5,33.9,białko_mielone,ŚREDNIA,SŁOWO_KLUCZOWE,"smażenie,pieczenie",,,LINIOWY,słowo_kluczowe: białko_mielone; kategoria Przyprawy i dodatki,
Szafran,Przyprawy i dodatki,310,11.4,5.9,65.4,3.9,przyprawa,NISKA,KATEGORIA,*,,,STAŁY,kategoria: przyprawa,
Kurczak curry z mleczkiem kokosowym (danie),Dania gotowe i fast food,152,11.5,8.5,7.0,0.8,przyprawa,ŚREDNIA,SŁOWO_KLUCZOWE,*,,,STAŁY,słowo_kluczowe: przyprawa; kategoria Dania gotowe i fast food; kategoria z góry na NIE,NIE
Kurczak po meksykańsku z fasolą,Dania gotowe i fast food,135,12.0,4.5,11.5,2.8,strączki,ŚREDNIA,SŁOWO_KLUCZOWE,gotowanie,,,LINIOWY,słowo_kluczowe: strączki; kategoria Dania gotowe i fast food; kategoria z góry na NIE,NIE
Makaron z kurczakiem i szpinakiem,Dania gotowe i fast food,165,11.5,6.0,17.0,1.5,makaron,WYSOKA,SŁOWO_KLUCZOWE,gotowanie,gluten,gluten,LINIOWY,słowo_kluczowe: makaron; kategoria Dania gotowe i fast food; kategoria z góry na NIE,NIE
Kasza z pieczonymi warzywami i fetą,Dania gotowe i fast food,145,5.5,6.5,16.5,3.0,ser,NISKA,SŁOWO_KLUCZOWE,"pieczenie,na_zimno",mleko,"dairy,lactose",LINIOWY,słowo_kluczowe: ser; kategoria Dania gotowe i fast food; wartości po obróbce termicznej (katalog diet liczy na surowo); kategoria z góry na NIE,NIE
Kurczak szarpany bbq (samo mięso),Dania gotowe i fast food,175,22.0,6.5,7.0,0.3,,NISKA,KATEGORIA,,,,,kategoria: —; kategoria z góry na NIE,NIE
Wołowina z brokułami po azjatycku,Dania gotowe i fast food,128,12.5,6.0,6.0,1.2,warzywa_gotowane,ŚREDNIA,SŁOWO_KLUCZOWE,"gotowanie,pieczenie",,,TŁUMIONY,słowo_kluczowe: warzywa_gotowane; kategoria Dania gotowe i fast food; kategoria z góry na NIE,NIE
Łosoś w sosie cytrynowym z makaronem,Dania gotowe i fast food,185,11.5,9.0,15.0,0.9,ryba_tłusta,WYSOKA,SŁOWO_KLUCZOWE,na_zimno,"gluten,ryby","gluten,fish",LINIOWY,słowo_kluczowe: ryba_tłusta; kategoria Dania gotowe i fast food; kategoria z góry na NIE,NIE
Tortellini z ricottą i szpinakiem,Dania gotowe i fast food,265,10.5,8.5,38.0,2.2,ser,ŚREDNIA,SŁOWO_KLUCZOWE,"pieczenie,na_zimno",mleko,"dairy,lactose",LINIOWY,słowo_kluczowe: ser; kategoria Dania gotowe i fast food; kategoria z góry na NIE,NIE
Pielmieni,Dania gotowe i fast food,245,11.0,9.5,29.5,1.4,,NISKA,KATEGORIA,,,,,kategoria: —; kategoria z góry na NIE,NIE
Manty (pierogi na parze z mięsem),Dania gotowe i fast food,215,10.5,8.0,25.5,1.2,,NISKA,KATEGORIA,,,,,kategoria: —; kategoria z góry na NIE,NIE
Zapiekanka makaronowa z mięsem,Dania gotowe i fast food,172,9.5,8.0,15.5,1.3,makaron,ŚREDNIA,SŁOWO_KLUCZOWE,gotowanie,gluten,gluten,LINIOWY,słowo_kluczowe: makaron; kategoria Dania gotowe i fast food; kategoria z góry na NIE,NIE
Zapiekanka ziemniaczana z boczkiem,Dania gotowe i fast food,158,6.0,8.5,14.5,1.5,,NISKA,KATEGORIA,,,,,kategoria: —; kategoria z góry na NIE,NIE
Musaka ziemniaczana wegetariańska,Dania gotowe i fast food,125,4.5,6.5,12.0,2.0,,NISKA,KATEGORIA,,,,,kategoria: —; kategoria z góry na NIE,NIE
Kotlet ziemniaczany,Dania gotowe i fast food,185,4.0,8.0,24.5,2.2,,NISKA,KATEGORIA,,,,,kategoria: —; kategoria z góry na NIE,NIE
Bliny gryczane,Dania gotowe i fast food,195,7.0,6.5,27.5,2.5,,NISKA,KATEGORIA,,,,,kategoria: —; kategoria z góry na NIE,NIE
Pierożki wonton w bulionie,Dania gotowe i fast food,95,5.5,2.5,12.5,0.7,płyn,ŚREDNIA,SŁOWO_KLUCZOWE,gotowanie,,,STAŁY,słowo_kluczowe: płyn; kategoria Dania gotowe i fast food; kategoria z góry na NIE,NIE
Sałatka nicejska z tuńczykiem,Dania gotowe i fast food,118,8.5,6.5,6.0,1.8,warzywa_liściaste,ŚREDNIA,SŁOWO_KLUCZOWE,na_zimno,ryby,fish,TŁUMIONY,słowo_kluczowe: warzywa_liściaste; kategoria Dania gotowe i fast food; kategoria z góry na NIE,NIE
Sałatka gyros (warstwowa),Dania gotowe i fast food,175,8.5,12.5,7.5,1.4,warzywa_liściaste,ŚREDNIA,SŁOWO_KLUCZOWE,na_zimno,,,TŁUMIONY,słowo_kluczowe: warzywa_liściaste; kategoria Dania gotowe i fast food; kategoria z góry na NIE,NIE
Sałatka makaronowa z szynką,Dania gotowe i fast food,185,7.0,10.0,17.0,1.3,wędlina,ŚREDNIA,SŁOWO_KLUCZOWE,na_zimno,gluten,gluten,TŁUMIONY,słowo_kluczowe: wędlina; kategoria Dania gotowe i fast food; kategoria z góry na NIE,NIE
Sałatka ryżowa z tuńczykiem i kukurydzą,Dania gotowe i fast food,155,7.5,5.5,19.5,1.5,warzywa_liściaste,ŚREDNIA,SŁOWO_KLUCZOWE,na_zimno,ryby,fish,TŁUMIONY,słowo_kluczowe: warzywa_liściaste; kategoria Dania gotowe i fast food; kategoria z góry na NIE,NIE
Sałatka brokułowa z jajkiem,Dania gotowe i fast food,125,6.0,8.5,6.0,2.2,warzywa_liściaste,ŚREDNIA,SŁOWO_KLUCZOWE,na_zimno,jaja,egg,TŁUMIONY,słowo_kluczowe: warzywa_liściaste; kategoria Dania gotowe i fast food; kategoria z góry na NIE,NIE
Koktajl proteinowy bananowy (na mleku),Dania gotowe i fast food,98,7.5,1.8,13.0,0.6,białko_proszek,ŚREDNIA,SŁOWO_KLUCZOWE,na_zimno,,,LINIOWY,słowo_kluczowe: białko_proszek; kategoria Dania gotowe i fast food; kategoria z góry na NIE,NIE
Owsianka czekoladowa z bananem (gotowa),Dania gotowe i fast food,128,4.5,3.5,20.0,2.4,płatki,ŚREDNIA,SŁOWO_KLUCZOWE,"gotowanie,na_zimno",gluten,gluten,LINIOWY,słowo_kluczowe: płatki; kategoria Dania gotowe i fast food; kategoria z góry na NIE,NIE
Jaglanka kokosowa z malinami,Dania gotowe i fast food,135,3.5,4.5,20.5,2.0,owoce_jagodowe,ŚREDNIA,SŁOWO_KLUCZOWE,na_zimno,,,TŁUMIONY,słowo_kluczowe: owoce_jagodowe; kategoria Dania gotowe i fast food; kategoria z góry na NIE,NIE
Kanapka caprese,Dania gotowe i fast food,235,10.0,9.5,27.5,2.0,,NISKA,KATEGORIA,,,,,kategoria: —; kategoria z góry na NIE,NIE
Kanapka z pastą jajeczną,Dania gotowe i fast food,225,9.5,10.5,23.5,1.8,,NISKA,KATEGORIA,,,,,kategoria: —; kategoria z góry na NIE,NIE
Kanapka z twarożkiem i rzodkiewką,Dania gotowe i fast food,165,9.0,4.5,23.0,2.2,warzywa_surowe,ŚREDNIA,SŁOWO_KLUCZOWE,na_zimno,,,TŁUMIONY,słowo_kluczowe: warzywa_surowe; kategoria Dania gotowe i fast food; kategoria z góry na NIE,NIE
Grzanki czosnkowe,Dania gotowe i fast food,365,8.5,15.5,48.0,2.8,,NISKA,KATEGORIA,,,,,kategoria: —; kategoria z góry na NIE,NIE
Bruschetta z pomidorami,Dania gotowe i fast food,195,5.5,6.5,29.0,2.2,warzywa_surowe,ŚREDNIA,SŁOWO_KLUCZOWE,na_zimno,,,TŁUMIONY,słowo_kluczowe: warzywa_surowe; kategoria Dania gotowe i fast food; kategoria z góry na NIE,NIE
Chleb z hummusem i warzywami (kanapka),Dania gotowe i fast food,195,7.0,7.0,26.5,4.5,pasta_smarowanie,ŚREDNIA,SŁOWO_KLUCZOWE,na_zimno,gluten,gluten,LINIOWY,słowo_kluczowe: pasta_smarowanie; kategoria Dania gotowe i fast food; kategoria z góry na NIE,NIE
"Stek z antrykotu, grillowany",Mięso i drób,271,25.5,18.5,0.0,0.0,białko_chude,NISKA,SŁOWO_KLUCZOWE,"smażenie,pieczenie",,meat,LINIOWY,słowo_kluczowe: białko_chude; kategoria Mięso i drób; wartości po obróbce termicznej (katalog diet liczy na surowo),
"Rumsztyk wołowy, smażony",Mięso i drób,205,27.0,10.5,0.5,0.0,białko_chude,NISKA,KATEGORIA,"smażenie,pieczenie",,meat,LINIOWY,kategoria: białko_chude; wartości po obróbce termicznej (katalog diet liczy na surowo),
Bitki wołowe w sosie,Mięso i drób,158,17.5,8.5,3.0,0.4,białko_chude,NISKA,KATEGORIA,"smażenie,pieczenie",,meat,LINIOWY,kategoria: białko_chude,
"Boeuf strogonow (klasyczny, z pieczarkami)",Mięso i drób,125,11.5,7.0,4.0,0.7,białko_chude,NISKA,KATEGORIA,"smażenie,pieczenie",,meat,LINIOWY,kategoria: białko_chude,
Kurczak w sosie śmietanowym z pieczarkami,Mięso i drób,148,14.5,8.0,4.0,0.5,dodatek_tłuszczowy,ŚREDNIA,SŁOWO_KLUCZOWE,"gotowanie,na_zimno",mleko,"meat,dairy,lactose",TŁUMIONY,słowo_kluczowe: dodatek_tłuszczowy; kategoria Mięso i drób,
"Filet drobiowy w płatkach kukurydzianych, pieczony",Mięso i drób,205,20.5,6.0,17.5,0.8,płatki,NISKA,SŁOWO_KLUCZOWE,"gotowanie,na_zimno",,meat,LINIOWY,słowo_kluczowe: płatki; kategoria Mięso i drób; wartości po obróbce termicznej (katalog diet liczy na surowo),
Roladki drobiowe ze szpinakiem,Mięso i drób,165,20.0,8.0,3.5,0.7,warzywa_liściaste,ŚREDNIA,SŁOWO_KLUCZOWE,na_zimno,,meat,TŁUMIONY,słowo_kluczowe: warzywa_liściaste; kategoria Mięso i drób,
Kotleciki jagnięce z grilla,Mięso i drób,282,24.5,20.5,0.0,0.0,białko_chude,NISKA,KATEGORIA,"smażenie,pieczenie",,meat,LINIOWY,kategoria: białko_chude,
Halibut w sosie kaparowym,Ryby i owoce morza,152,18.5,8.0,2.5,0.2,ryba_tłusta,ŚREDNIA,SŁOWO_KLUCZOWE,na_zimno,ryby,fish,LINIOWY,słowo_kluczowe: ryba_tłusta; kategoria Ryby i owoce morza,
Okoń morski pieczony w soli,Ryby i owoce morza,118,21.5,3.5,0.0,0.0,ryba_chuda,NISKA,KATEGORIA,"pieczenie,smażenie",ryby,fish,LINIOWY,kategoria: ryba_chuda; wartości po obróbce termicznej (katalog diet liczy na surowo),
Ryba curry (danie),Ryby i owoce morza,138,12.5,7.5,6.0,0.9,przyprawa,ŚREDNIA,SŁOWO_KLUCZOWE,*,ryby,fish,STAŁY,słowo_kluczowe: przyprawa; kategoria Ryby i owoce morza,
Ceviche z dorsza,Ryby i owoce morza,95,16.5,1.0,5.0,0.5,białko_chude,ŚREDNIA,SŁOWO_KLUCZOWE,"smażenie,pieczenie",ryby,fish,LINIOWY,słowo_kluczowe: białko_chude; kategoria Ryby i owoce morza,
Placki z jabłkami na maślance,Zboża i pieczywo,225,5.5,7.5,35.0,1.6,owoce,NISKA,SŁOWO_KLUCZOWE,na_zimno,,,DYSKRETNY,słowo_kluczowe: owoce; kategoria Zboża i pieczywo,
Pancakes amerykańskie,Zboża i pieczywo,227,6.5,9.5,28.5,1.0,pieczywo,NISKA,KATEGORIA,na_zimno,,,DYSKRETNY,kategoria: pieczywo,
Pancakes proteinowe,Zboża i pieczywo,195,14.5,6.0,20.5,2.0,białko_proszek,NISKA,SŁOWO_KLUCZOWE,na_zimno,,,LINIOWY,słowo_kluczowe: białko_proszek; kategoria Zboża i pieczywo,
Gofry belgijskie,Zboża i pieczywo,340,7.0,16.0,42.5,1.5,pieczywo,NISKA,KATEGORIA,na_zimno,,,DYSKRETNY,kategoria: pieczywo,
Tost pełnoziarnisty z serem (zapieczony),Zboża i pieczywo,275,12.5,10.5,33.5,4.0,pieczywo,NISKA,KATEGORIA,na_zimno,,,DYSKRETNY,kategoria: pieczywo,
Wino musujące wytrawne,Napoje,76,0.2,0.0,1.5,0.0,,NISKA,KATEGORIA,,,,,kategoria: —; kategoria z góry na NIE,NIE
Wódka czysta 40%,Napoje,231,0.0,0.0,0.0,0.0,,NISKA,KATEGORIA,,,,,kategoria: —; kategoria z góry na NIE,NIE
Whisky 40%,Napoje,250,0.0,0.0,0.1,0.0,,NISKA,KATEGORIA,,,,,kategoria: —; kategoria z góry na NIE,NIE
Aperol spritz,Napoje,92,0.0,0.0,10.5,0.0,,NISKA,KATEGORIA,,,,,kategoria: —; kategoria z góry na NIE,NIE
Grzaniec (wino grzane z przyprawami),Napoje,105,0.2,0.0,12.0,0.1,,NISKA,KATEGORIA,,,,,kategoria: —; kategoria z góry na NIE,NIE
Ksylitolowe cukierki miętowe,Przekąski i słodycze,235,0.0,0.5,97.0,0.0,,NISKA,KATEGORIA,,,,,kategoria: —; kategoria z góry na NIE,NIE
Czekolada proteinowa,Przekąski i słodycze,465,21.5,30.0,30.0,8.5,białko_proszek,ŚREDNIA,SŁOWO_KLUCZOWE,na_zimno,,,LINIOWY,słowo_kluczowe: białko_proszek; kategoria Przekąski i słodycze; kategoria z góry na NIE,NIE
Czekolada bez cukru (słodzona erytrytolem),Przekąski i słodycze,480,8.5,41.0,36.0,11.0,słodycze,ŚREDNIA,SŁOWO_KLUCZOWE,na_zimno,,,DYSKRETNY,słowo_kluczowe: słodycze; kategoria Przekąski i słodycze; kategoria z góry na NIE,NIE
Baton typu flapjack owsiany,Przekąski i słodycze,425,6.5,18.5,58.0,4.5,,NISKA,KATEGORIA,,gluten,gluten,,kategoria: —; kategoria z góry na NIE,NIE
Ciastka proteinowe (cookie),Przekąski i słodycze,405,25.0,15.0,40.0,5.0,białko_proszek,ŚREDNIA,SŁOWO_KLUCZOWE,na_zimno,,,LINIOWY,słowo_kluczowe: białko_proszek; kategoria Przekąski i słodycze; kategoria z góry na NIE,NIE
Mus czekoladowy proteinowy (kubek),Odżywki i suplementy,95,11.5,2.0,8.0,1.0,białko_proszek,ŚREDNIA,SŁOWO_KLUCZOWE,na_zimno,,,LINIOWY,słowo_kluczowe: białko_proszek; kategoria Odżywki i suplementy,
Napój proteinowy kawowy gotowy,Odżywki i suplementy,62,8.0,1.2,4.8,0.2,białko_proszek,ŚREDNIA,SŁOWO_KLUCZOWE,na_zimno,,,LINIOWY,słowo_kluczowe: białko_proszek; kategoria Odżywki i suplementy,
"Białko dyniowe, proszek",Odżywki i suplementy,380,60.0,10.0,12.0,6.0,nasiona,ŚREDNIA,SŁOWO_KLUCZOWE,na_zimno,,,LINIOWY,słowo_kluczowe: nasiona; kategoria Odżywki i suplementy; kategoria z góry na NIE,NIE
"Mieszanka białek roślinnych, proszek",Odżywki i suplementy,385,75.0,6.0,8.0,4.5,,NISKA,KATEGORIA,,,,,kategoria: —; kategoria z góry na NIE,NIE
"Inulina (błonnik prebiotyczny), proszek",Odżywki i suplementy,200,0.0,0.0,90.0,88.0,,NISKA,KATEGORIA,,,,,kategoria: —; kategoria z góry na NIE,NIE
"Guarana, proszek",Odżywki i suplementy,340,12.0,3.0,65.0,45.0,,NISKA,KATEGORIA,,,,,kategoria: —; kategoria z góry na NIE,NIE
"Maca, proszek",Odżywki i suplementy,355,14.0,2.5,68.5,8.5,,NISKA,KATEGORIA,,,,,kategoria: —; kategoria z góry na NIE,NIE
Ocet winny czerwony,Przyprawy i dodatki,19,0.0,0.0,0.3,0.0,przyprawa,NISKA,KATEGORIA,*,,,STAŁY,kategoria: przyprawa,
Cytryna sok koncentrat,Przyprawy i dodatki,28,0.5,0.1,7.0,0.2,pomidory_przetwory,ŚREDNIA,SŁOWO_KLUCZOWE,gotowanie,,,TŁUMIONY,słowo_kluczowe: pomidory_przetwory; kategoria Przyprawy i dodatki,
Bulion drobiowy koncentrat w płynie,Przyprawy i dodatki,165,5.5,10.0,13.0,0.3,pomidory_przetwory,ŚREDNIA,SŁOWO_KLUCZOWE,gotowanie,,,TŁUMIONY,słowo_kluczowe: pomidory_przetwory; kategoria Przyprawy i dodatki,
Przecier paprykowy ostry,Przyprawy i dodatki,65,2.0,1.0,11.5,3.5,warzywa_surowe,ŚREDNIA,SŁOWO_KLUCZOWE,na_zimno,,,TŁUMIONY,słowo_kluczowe: warzywa_surowe; kategoria Przyprawy i dodatki,
Suszone pomidory mielone (posypka),Przyprawy i dodatki,258,14.0,3.0,43.5,12.3,białko_mielone,ŚREDNIA,SŁOWO_KLUCZOWE,"smażenie,pieczenie",,,LINIOWY,słowo_kluczowe: białko_mielone; kategoria Przyprawy i dodatki,
Płatki chili,Przyprawy i dodatki,282,12.0,14.0,35.0,27.0,płatki,WYSOKA,SŁOWO_KLUCZOWE,"gotowanie,na_zimno",,,LINIOWY,słowo_kluczowe: płatki; kategoria Przyprawy i dodatki,
Pieprz cytrynowy,Przyprawy i dodatki,230,8.0,3.5,45.0,20.0,owoce,ŚREDNIA,SŁOWO_KLUCZOWE,na_zimno,,,DYSKRETNY,słowo_kluczowe: owoce; kategoria Przyprawy i dodatki,
Sumak,Przyprawy i dodatki,330,4.5,15.5,50.0,22.0,przyprawa,NISKA,KATEGORIA,*,,,STAŁY,kategoria: przyprawa,
Za'atar (mieszanka),Przyprawy i dodatki,320,11.0,17.0,35.0,20.0,przyprawa,NISKA,KATEGORIA,*,,,STAŁY,kategoria: przyprawa,
Kapary (odsączone),Warzywa,23,2.4,0.9,4.9,3.2,warzywa_gotowane,NISKA,KATEGORIA,"gotowanie,pieczenie",,,TŁUMIONY,kategoria: warzywa_gotowane,
Pesto z suszonych pomidorów,Warzywa,385,5.5,36.0,10.5,3.5,warzywa_surowe,ŚREDNIA,SŁOWO_KLUCZOWE,na_zimno,,,TŁUMIONY,słowo_kluczowe: warzywa_surowe; kategoria Warzywa,
Karczochy grillowane w oleju (odsączone),Warzywa,145,3.0,12.0,6.5,4.0,tłuszcz,NISKA,SŁOWO_KLUCZOWE,"smażenie,pieczenie",,,LINIOWY,słowo_kluczowe: tłuszcz; kategoria Warzywa; wartości po obróbce termicznej (katalog diet liczy na surowo),
Cebulka perłowa marynowana (odsączona),Warzywa,35,0.9,0.1,7.8,1.3,warzywa_aromat,ŚREDNIA,SŁOWO_KLUCZOWE,"smażenie,gotowanie",gluten,gluten,TŁUMIONY,słowo_kluczowe: warzywa_aromat; kategoria Warzywa,
Mieszanka do leczo mrożona,Warzywa,40,1.5,0.4,7.5,2.2,warzywa_gotowane,NISKA,KATEGORIA,"gotowanie,pieczenie",,,TŁUMIONY,kategoria: warzywa_gotowane,
Warzywa julienne mrożone (do woka),Warzywa,38,1.8,0.4,6.8,2.4,warzywa_gotowane,NISKA,KATEGORIA,"gotowanie,pieczenie",,,TŁUMIONY,kategoria: warzywa_gotowane,
Liczi w syropie (odsączone),Owoce,92,0.4,0.2,22.5,0.7,słodzik,ŚREDNIA,SŁOWO_KLUCZOWE,na_zimno,,,TŁUMIONY,słowo_kluczowe: słodzik; kategoria Owoce,
Mandarynki w syropie (odsączone),Owoce,78,0.5,0.1,19.0,0.8,słodzik,ŚREDNIA,SŁOWO_KLUCZOWE,na_zimno,,,TŁUMIONY,słowo_kluczowe: słodzik; kategoria Owoce,
Żurawina cała mrożona do wypieków,Owoce,48,0.4,0.1,12.3,4.4,owoce_jagodowe,ŚREDNIA,SŁOWO_KLUCZOWE,na_zimno,,,TŁUMIONY,słowo_kluczowe: owoce_jagodowe; kategoria Owoce,
Acai pulpa mrożona niesłodzona,Owoce,70,1.0,5.0,4.0,3.0,owoce,NISKA,KATEGORIA,na_zimno,,,DYSKRETNY,kategoria: owoce,
Owoce jagodowe suszone mieszanka,Owoce,315,3.0,1.5,74.0,9.5,owoce_jagodowe,WYSOKA,SŁOWO_KLUCZOWE,na_zimno,,,TŁUMIONY,słowo_kluczowe: owoce_jagodowe; kategoria Owoce,
Sezamki z miodem premium,Orzechy i nasiona,515,13.0,30.0,48.0,7.0,słodzik,ŚREDNIA,SŁOWO_KLUCZOWE,na_zimno,"orzechy,sezam",,TŁUMIONY,słowo_kluczowe: słodzik; kategoria Orzechy i nasiona,
Krokant orzechowy,Orzechy i nasiona,530,10.5,30.5,55.0,4.0,orzechy,ŚREDNIA,SŁOWO_KLUCZOWE,na_zimno,orzechy,,LINIOWY,słowo_kluczowe: orzechy; kategoria Orzechy i nasiona,
Masło z orzechów laskowych,Orzechy i nasiona,640,14.0,61.0,15.5,8.0,tłuszcz,WYSOKA,SŁOWO_KLUCZOWE,"smażenie,pieczenie",orzechy,,LINIOWY,słowo_kluczowe: tłuszcz; kategoria Orzechy i nasiona,
Pasta migdałowo-kokosowa,Orzechy i nasiona,600,15.0,54.0,20.0,9.0,orzechy,ŚREDNIA,SŁOWO_KLUCZOWE,na_zimno,orzechy,,LINIOWY,słowo_kluczowe: orzechy; kategoria Orzechy i nasiona,
Barszcz biały z jajkiem,Dania gotowe i fast food,78,3.5,4.5,6.0,0.6,jajka,ŚREDNIA,SŁOWO_KLUCZOWE,"smażenie,gotowanie,pieczenie",jaja,egg,DYSKRETNY,słowo_kluczowe: jajka; kategoria Dania gotowe i fast food; kategoria z góry na NIE,NIE
Zalewajka,Dania gotowe i fast food,72,2.5,3.5,8.0,1.0,,NISKA,KATEGORIA,,,,,kategoria: —; kategoria z góry na NIE,NIE
Zupa neapolitańska pomidorowa z mozzarellą,Dania gotowe i fast food,72,3.0,3.5,7.0,1.2,ser,ŚREDNIA,SŁOWO_KLUCZOWE,"pieczenie,na_zimno",mleko,"dairy,lactose",LINIOWY,słowo_kluczowe: ser; kategoria Dania gotowe i fast food; kategoria z góry na NIE,NIE
Zupa z czerwonej soczewicy z curry,Dania gotowe i fast food,92,4.8,2.8,12.8,3.4,strączki,ŚREDNIA,SŁOWO_KLUCZOWE,gotowanie,,,LINIOWY,słowo_kluczowe: strączki; kategoria Dania gotowe i fast food; kategoria z góry na NIE,NIE
Zupa porowa z ziemniakami,Dania gotowe i fast food,55,1.6,2.4,7.2,1.2,skrobiowe,ŚREDNIA,SŁOWO_KLUCZOWE,"gotowanie,pieczenie",,,LINIOWY,słowo_kluczowe: skrobiowe; kategoria Dania gotowe i fast food; kategoria z góry na NIE,NIE
Zupa serowa z groszkiem ptysiowym,Dania gotowe i fast food,95,3.5,6.0,6.8,0.5,,NISKA,KATEGORIA,,,,,kategoria: —; kategoria z góry na NIE,NIE
Zupa z pieczonej papryki,Dania gotowe i fast food,58,1.5,3.0,6.5,1.6,warzywa_surowe,NISKA,SŁOWO_KLUCZOWE,na_zimno,,,TŁUMIONY,słowo_kluczowe: warzywa_surowe; kategoria Dania gotowe i fast food; wartości po obróbce termicznej (katalog diet liczy na surowo); kategoria z góry na NIE,NIE
Zupa ziemniaczana wiejska,Dania gotowe i fast food,68,2.0,3.0,8.5,1.2,,NISKA,KATEGORIA,,,,,kategoria: —; kategoria z góry na NIE,NIE
Bulion wołowy z domowym makaronem,Dania gotowe i fast food,52,3.5,1.8,5.5,0.3,makaron,ŚREDNIA,SŁOWO_KLUCZOWE,gotowanie,gluten,gluten,LINIOWY,słowo_kluczowe: makaron; kategoria Dania gotowe i fast food; kategoria z góry na NIE,NIE
Rosołek dziecięcy niskosolny,Dania gotowe i fast food,35,2.2,1.2,3.8,0.2,płyn,ŚREDNIA,SŁOWO_KLUCZOWE,gotowanie,,,STAŁY,słowo_kluczowe: płyn; kategoria Dania gotowe i fast food; kategoria z góry na NIE,NIE
Kurczak pieczony bez skóry (porcja),Dania gotowe i fast food,148,27.0,4.5,0.0,0.0,,NISKA,KATEGORIA,,,,,kategoria: —; wartości po obróbce termicznej (katalog diet liczy na surowo); kategoria z góry na NIE,NIE
Ryż z kurczakiem po hawajsku (z ananasem),Dania gotowe i fast food,145,8.5,3.0,21.0,0.9,kasza_ryż,WYSOKA,SŁOWO_KLUCZOWE,gotowanie,,,LINIOWY,słowo_kluczowe: kasza_ryż; kategoria Dania gotowe i fast food; kategoria z góry na NIE,NIE
Kaszotto grzybowe,Dania gotowe i fast food,118,3.8,3.5,18.5,2.8,kasza_ryż,ŚREDNIA,SŁOWO_KLUCZOWE,gotowanie,,,LINIOWY,słowo_kluczowe: kasza_ryż; kategoria Dania gotowe i fast food; kategoria z góry na NIE,NIE
Warzywa po prowansalsku z kurczakiem,Dania gotowe i fast food,105,10.5,4.0,7.0,2.0,,NISKA,KATEGORIA,,,,,kategoria: —; kategoria z góry na NIE,NIE
Leczo wegańskie z tofu,Dania gotowe i fast food,78,4.5,4.0,6.0,2.0,białko_roślinne,ŚREDNIA,SŁOWO_KLUCZOWE,"smażenie,pieczenie",soja,,LINIOWY,słowo_kluczowe: białko_roślinne; kategoria Dania gotowe i fast food; kategoria z góry na NIE,NIE
Kalafior zapiekany z serem,Dania gotowe i fast food,118,5.5,7.5,7.0,2.0,warzywa_gotowane,WYSOKA,SŁOWO_KLUCZOWE,"gotowanie,pieczenie",,,TŁUMIONY,słowo_kluczowe: warzywa_gotowane; kategoria Dania gotowe i fast food; kategoria z góry na NIE,NIE
Fasolka szparagowa z bułką tartą i masłem,Dania gotowe i fast food,85,2.5,5.0,8.0,2.8,strączki,ŚREDNIA,SŁOWO_KLUCZOWE,gotowanie,gluten,gluten,LINIOWY,słowo_kluczowe: strączki; kategoria Dania gotowe i fast food; kategoria z góry na NIE,NIE
Kotlet z jajkiem sadzonym (bitek à la Holstein),Dania gotowe i fast food,265,18.0,18.0,8.0,0.5,jajka,ŚREDNIA,SŁOWO_KLUCZOWE,"smażenie,gotowanie,pieczenie",jaja,egg,DYSKRETNY,słowo_kluczowe: jajka; kategoria Dania gotowe i fast food; kategoria z góry na NIE,NIE
Kurczak Kiev (z masłem czosnkowym),Dania gotowe i fast food,290,17.5,19.5,11.5,0.6,,NISKA,KATEGORIA,,,,,kategoria: —; kategoria z góry na NIE,NIE
Placki z batatów,Dania gotowe i fast food,165,3.5,7.0,22.5,2.6,skrobiowe,ŚREDNIA,SŁOWO_KLUCZOWE,"gotowanie,pieczenie",,,LINIOWY,słowo_kluczowe: skrobiowe; kategoria Dania gotowe i fast food; kategoria z góry na NIE,NIE
Frittata z batatem i fetą,Dania gotowe i fast food,158,8.5,10.0,8.0,1.4,ser,ŚREDNIA,SŁOWO_KLUCZOWE,"pieczenie,na_zimno",mleko,"dairy,lactose",LINIOWY,słowo_kluczowe: ser; kategoria Dania gotowe i fast food; kategoria z góry na NIE,NIE
Jajka po benedyktyńsku (z sosem holenderskim),Dania gotowe i fast food,255,11.0,20.5,7.5,0.5,jajka,ŚREDNIA,SŁOWO_KLUCZOWE,"smażenie,gotowanie,pieczenie",jaja,egg,DYSKRETNY,słowo_kluczowe: jajka; kategoria Dania gotowe i fast food; kategoria z góry na NIE,NIE
Croque monsieur,Dania gotowe i fast food,285,13.5,15.5,24.0,1.3,,NISKA,KATEGORIA,,,,,kategoria: —; kategoria z góry na NIE,NIE
Kanapka klubowa wegetariańska,Dania gotowe i fast food,215,8.0,9.5,25.0,3.0,,NISKA,KATEGORIA,,,,,kategoria: —; kategoria z góry na NIE,NIE
Bagel z jajkiem i awokado,Dania gotowe i fast food,245,10.0,10.5,28.5,3.0,tłuszcz_roślinny,ŚREDNIA,SŁOWO_KLUCZOWE,na_zimno,jaja,egg,LINIOWY,słowo_kluczowe: tłuszcz_roślinny; kategoria Dania gotowe i fast food; kategoria z góry na NIE,NIE
Smoothie bowl z granolą,Dania gotowe i fast food,125,3.0,3.5,20.5,2.6,płatki,ŚREDNIA,SŁOWO_KLUCZOWE,"gotowanie,na_zimno",gluten,gluten,LINIOWY,słowo_kluczowe: płatki; kategoria Dania gotowe i fast food; kategoria z góry na NIE,NIE
"Deska serów (mieszanka, porcja)",Dania gotowe i fast food,355,22.0,29.0,2.0,0.2,,NISKA,KATEGORIA,,,,,kategoria: —; kategoria z góry na NIE,NIE
"Deska wędlin (mieszanka, porcja)",Dania gotowe i fast food,290,20.0,22.5,1.5,0.1,wędlina,ŚREDNIA,SŁOWO_KLUCZOWE,na_zimno,,,TŁUMIONY,słowo_kluczowe: wędlina; kategoria Dania gotowe i fast food; kategoria z góry na NIE,NIE
"Mezze talerz (hummus, falafel, warzywa)",Dania gotowe i fast food,185,6.5,11.0,15.0,4.5,,NISKA,KATEGORIA,,,,,kategoria: —; kategoria z góry na NIE,NIE
Antipasti (grillowane warzywa w oliwie),Dania gotowe i fast food,135,2.0,11.5,6.5,2.5,,NISKA,KATEGORIA,,,,,kategoria: —; kategoria z góry na NIE,NIE
Kiełbasa z grilla (śląska pieczona),Mięso i drób,315,14.0,28.5,1.8,0.2,wędlina,ŚREDNIA,SŁOWO_KLUCZOWE,na_zimno,,meat,TŁUMIONY,słowo_kluczowe: wędlina; kategoria Mięso i drób,
Kaszanka z grilla,Mięso i drób,275,10.5,21.5,10.5,1.2,kasza_ryż,ŚREDNIA,SŁOWO_KLUCZOWE,gotowanie,,meat,LINIOWY,słowo_kluczowe: kasza_ryż; kategoria Mięso i drób,
Oscypek grillowany z żurawiną,Mięso i drób,355,22.0,27.5,6.5,0.4,owoce_jagodowe,NISKA,SŁOWO_KLUCZOWE,na_zimno,,meat,TŁUMIONY,słowo_kluczowe: owoce_jagodowe; kategoria Mięso i drób; wartości po obróbce termicznej (katalog diet liczy na surowo),
Bekon indyczy,Mięso i drób,185,22.0,10.5,1.0,0.0,białko_chude,NISKA,KATEGORIA,"smażenie,pieczenie",,meat,LINIOWY,kategoria: białko_chude,
Szynka pieczona w ziołach (domowa),Mięso i drób,145,22.5,6.0,0.5,0.0,wędlina,NISKA,SŁOWO_KLUCZOWE,na_zimno,,meat,TŁUMIONY,słowo_kluczowe: wędlina; kategoria Mięso i drób; wartości po obróbce termicznej (katalog diet liczy na surowo),
Rillettes wieprzowe,Mięso i drób,455,15.0,43.5,0.5,0.0,białko_chude,NISKA,KATEGORIA,"smażenie,pieczenie",,meat,LINIOWY,kategoria: białko_chude,
Pasztet z soczewicy (wegański),Mięso i drób,185,8.0,11.5,12.5,4.5,wędlina,ŚREDNIA,SŁOWO_KLUCZOWE,na_zimno,,meat,TŁUMIONY,słowo_kluczowe: wędlina; kategoria Mięso i drób,
Pasztet z fasoli z suszonymi pomidorami,Mięso i drób,165,7.5,9.0,13.5,5.0,wędlina,ŚREDNIA,SŁOWO_KLUCZOWE,na_zimno,,meat,TŁUMIONY,słowo_kluczowe: wędlina; kategoria Mięso i drób,
"Łosoś norweski hodowlany, surowy",Ryby i owoce morza,208,20.4,13.4,0.0,0.0,ryba_tłusta,WYSOKA,SŁOWO_KLUCZOWE,na_zimno,ryby,fish,LINIOWY,słowo_kluczowe: ryba_tłusta; kategoria Ryby i owoce morza,
Pstrąg łososiowy wędzony na zimno,Ryby i owoce morza,168,22.5,8.5,0.5,0.0,ryba_tłusta,NISKA,SŁOWO_KLUCZOWE,na_zimno,ryby,fish,LINIOWY,słowo_kluczowe: ryba_tłusta; kategoria Ryby i owoce morza; wartości po obróbce termicznej (katalog diet liczy na surowo),
Makrela w oleju (odsączona),Ryby i owoce morza,285,19.5,23.0,0.0,0.0,ryba_tłusta,WYSOKA,SŁOWO_KLUCZOWE,na_zimno,ryby,fish,LINIOWY,słowo_kluczowe: ryba_tłusta; kategoria Ryby i owoce morza,
Tuńczyk kawałki w wodzie z cytryną,Ryby i owoce morza,105,24.0,0.8,0.5,0.0,owoce,ŚREDNIA,SŁOWO_KLUCZOWE,na_zimno,ryby,fish,DYSKRETNY,słowo_kluczowe: owoce; kategoria Ryby i owoce morza,
Sałatka z krewetkami i awokado,Ryby i owoce morza,135,9.5,9.0,4.5,1.8,warzywa_liściaste,ŚREDNIA,SŁOWO_KLUCZOWE,na_zimno,"ryby,skorupiaki",fish,TŁUMIONY,słowo_kluczowe: warzywa_liściaste; kategoria Ryby i owoce morza,
Ser żółty w plastrach light 17%,Nabiał,275,30.5,17.0,1.0,0.0,ser,WYSOKA,SŁOWO_KLUCZOWE,"pieczenie,na_zimno",mleko,"dairy,lactose",LINIOWY,słowo_kluczowe: ser; kategoria Nabiał,
Ser typu szwajcarskiego z dziurami,Nabiał,372,26.5,29.0,1.5,0.0,nabiał_tłusty,NISKA,KATEGORIA,na_zimno,mleko,"dairy,lactose",LINIOWY,kategoria: nabiał_tłusty,
Twaróg wiejski klinek półtłusty,Nabiał,128,18.0,5.0,3.5,0.0,ser,ŚREDNIA,SŁOWO_KLUCZOWE,"pieczenie,na_zimno",mleko,"dairy,lactose",LINIOWY,słowo_kluczowe: ser; kategoria Nabiał,
Jogurt do picia proteinowy waniliowy,Nabiał,68,9.5,0.8,6.0,0.0,białko_proszek,ŚREDNIA,SŁOWO_KLUCZOWE,na_zimno,mleko,"dairy,lactose",LINIOWY,słowo_kluczowe: białko_proszek; kategoria Nabiał,
Kefir wysokobiałkowy,Nabiał,55,7.5,1.0,4.2,0.0,nabiał_chudy,WYSOKA,SŁOWO_KLUCZOWE,na_zimno,mleko,"dairy,lactose",LINIOWY,słowo_kluczowe: nabiał_chudy; kategoria Nabiał,
Śmietanka roślinna owsiana do gotowania,Nabiał,135,1.0,12.5,4.5,0.6,dodatek_tłuszczowy,NISKA,SŁOWO_KLUCZOWE,"gotowanie,na_zimno","mleko,gluten","dairy,lactose,gluten",TŁUMIONY,słowo_kluczowe: dodatek_tłuszczowy; kategoria Nabiał; wartości po obróbce termicznej (katalog diet liczy na surowo),
Śmietanka sojowa do gotowania,Nabiał,118,2.8,10.5,3.0,0.5,dodatek_tłuszczowy,NISKA,SŁOWO_KLUCZOWE,"gotowanie,na_zimno","mleko,soja","dairy,lactose",TŁUMIONY,słowo_kluczowe: dodatek_tłuszczowy; kategoria Nabiał; wartości po obróbce termicznej (katalog diet liczy na surowo),
Chleb ziemniaczany,Zboża i pieczywo,245,6.0,2.0,49.5,3.5,pieczywo,NISKA,SŁOWO_KLUCZOWE,na_zimno,,,DYSKRETNY,słowo_kluczowe: pieczywo; kategoria Zboża i pieczywo,
Chleb bezglutenowy wieloziarnisty,Zboża i pieczywo,245,5.5,6.5,40.5,7.5,pieczywo,NISKA,SŁOWO_KLUCZOWE,na_zimno,,,DYSKRETNY,słowo_kluczowe: pieczywo; kategoria Zboża i pieczywo,
Bułka razowa z żurawiną,Zboża i pieczywo,270,8.5,3.5,50.0,5.5,owoce_jagodowe,ŚREDNIA,SŁOWO_KLUCZOWE,na_zimno,gluten,gluten,TŁUMIONY,słowo_kluczowe: owoce_jagodowe; kategoria Zboża i pieczywo,
Croissant migdałowy,Zboża i pieczywo,445,9.5,25.5,44.0,3.5,orzechy,ŚREDNIA,SŁOWO_KLUCZOWE,na_zimno,orzechy,,LINIOWY,słowo_kluczowe: orzechy; kategoria Zboża i pieczywo,
Drożdżówka z jagodami,Zboża i pieczywo,305,6.5,9.5,49.0,2.2,owoce_jagodowe,NISKA,SŁOWO_KLUCZOWE,na_zimno,,,TŁUMIONY,słowo_kluczowe: owoce_jagodowe; kategoria Zboża i pieczywo,
Płatki pszenne pełnoziarniste,Zboża i pieczywo,345,11.5,2.5,68.0,10.0,płatki,WYSOKA,SŁOWO_KLUCZOWE,"gotowanie,na_zimno",gluten,gluten,LINIOWY,słowo_kluczowe: płatki; kategoria Zboża i pieczywo,
"Kasza bulgur ciemna, sucha",Zboża i pieczywo,340,12.5,1.5,68.5,12.8,kasza_ryż,WYSOKA,SŁOWO_KLUCZOWE,gotowanie,gluten,gluten,LINIOWY,słowo_kluczowe: kasza_ryż; kategoria Zboża i pieczywo,
"Ryż do risotto carnaroli, suchy","Kasze, ryż i makarony",351,7.0,0.8,78.5,1.3,kasza_ryż,NISKA,SŁOWO_KLUCZOWE,gotowanie,,,LINIOWY,"słowo_kluczowe: kasza_ryż; kategoria Kasze, ryż i makarony",
"Makaron orzo, suchy","Kasze, ryż i makarony",357,12.5,1.8,71.5,3.2,makaron,WYSOKA,SŁOWO_KLUCZOWE,gotowanie,gluten,gluten,LINIOWY,"słowo_kluczowe: makaron; kategoria Kasze, ryż i makarony",
"Makaron farfalle, suchy","Kasze, ryż i makarony",355,12.0,1.7,71.0,3.1,makaron,WYSOKA,SŁOWO_KLUCZOWE,gotowanie,gluten,gluten,LINIOWY,"słowo_kluczowe: makaron; kategoria Kasze, ryż i makarony",
"Makaron rurki duże (cannelloni), suchy","Kasze, ryż i makarony",358,12.5,1.9,71.5,3.0,makaron,WYSOKA,SŁOWO_KLUCZOWE,gotowanie,gluten,gluten,LINIOWY,"słowo_kluczowe: makaron; kategoria Kasze, ryż i makarony",
Ryż preparowany w wafelkach grubszych,"Kasze, ryż i makarony",390,7.5,2.8,80.5,2.5,kasza_ryż,NISKA,SŁOWO_KLUCZOWE,gotowanie,,,LINIOWY,"słowo_kluczowe: kasza_ryż; kategoria Kasze, ryż i makarony",
Cebula dymka ze szczypiorem,Warzywa,32,1.8,0.2,6.5,1.8,warzywa_aromat,WYSOKA,SŁOWO_KLUCZOWE,"smażenie,gotowanie",,,TŁUMIONY,słowo_kluczowe: warzywa_aromat; kategoria Warzywa,
Pomidory suszone bez oleju,Warzywa,258,14.1,3.0,55.8,12.3,warzywa_surowe,ŚREDNIA,SŁOWO_KLUCZOWE,na_zimno,,,TŁUMIONY,słowo_kluczowe: warzywa_surowe; kategoria Warzywa,
Papryka pepperoni marynowana,Warzywa,28,1.2,0.3,5.5,1.6,warzywa_surowe,WYSOKA,SŁOWO_KLUCZOWE,na_zimno,,,TŁUMIONY,słowo_kluczowe: warzywa_surowe; kategoria Warzywa,
Jalapeño marynowane (odsączone),Warzywa,27,0.9,0.6,4.7,2.6,warzywa_gotowane,NISKA,KATEGORIA,"gotowanie,pieczenie",,,TŁUMIONY,kategoria: warzywa_gotowane,
Bambus pędy (odsączone),Warzywa,19,1.8,0.3,3.2,1.8,warzywa_gotowane,NISKA,KATEGORIA,"gotowanie,pieczenie",,,TŁUMIONY,kategoria: warzywa_gotowane,
Kasztany wodne (odsączone),Warzywa,50,0.9,0.1,12.3,2.5,kasza_ryż,ŚREDNIA,SŁOWO_KLUCZOWE,gotowanie,,,LINIOWY,słowo_kluczowe: kasza_ryż; kategoria Warzywa,
Mini kolby kukurydzy (odsączone),Warzywa,28,1.9,0.4,4.1,2.2,warzywa_gotowane,ŚREDNIA,SŁOWO_KLUCZOWE,"gotowanie,pieczenie",,,TŁUMIONY,słowo_kluczowe: warzywa_gotowane; kategoria Warzywa,
Sałatka jarzynowa bez majonezu (jogurtowa),Warzywa,85,2.8,4.0,9.5,2.0,warzywa_liściaste,ŚREDNIA,SŁOWO_KLUCZOWE,na_zimno,jaja,egg,TŁUMIONY,słowo_kluczowe: warzywa_liściaste; kategoria Warzywa,
Ananas mini (baby),Owoce,52,0.5,0.1,13.5,1.4,owoce,WYSOKA,SŁOWO_KLUCZOWE,na_zimno,,,DYSKRETNY,słowo_kluczowe: owoce; kategoria Owoce,
Granat cały (waga z łupiną),Owoce,55,1.1,0.8,12.5,2.7,owoce,ŚREDNIA,SŁOWO_KLUCZOWE,na_zimno,,,DYSKRETNY,słowo_kluczowe: owoce; kategoria Owoce,
Melon galia,Owoce,33,0.7,0.2,8.0,0.7,owoce,ŚREDNIA,SŁOWO_KLUCZOWE,na_zimno,,,DYSKRETNY,słowo_kluczowe: owoce; kategoria Owoce,
Jabłko suszone chipsy bez cukru,Owoce,340,1.8,1.2,80.0,9.5,słodzik,ŚREDNIA,SŁOWO_KLUCZOWE,na_zimno,,,TŁUMIONY,słowo_kluczowe: słodzik; kategoria Owoce,
Owoce w żelu (deser kubek),Owoce,78,0.3,0.1,19.0,0.8,owoce,NISKA,KATEGORIA,na_zimno,,,DYSKRETNY,kategoria: owoce,
"Fasola czerwona, sucha",Rośliny strączkowe,337,22.5,1.1,61.3,15.2,strączki,NISKA,SŁOWO_KLUCZOWE,gotowanie,,,LINIOWY,słowo_kluczowe: strączki; kategoria Rośliny strączkowe,
"Mieszanka fasol trzykolorowa (puszka, odsączona)",Rośliny strączkowe,118,7.8,0.6,19.8,6.4,strączki,NISKA,SŁOWO_KLUCZOWE,gotowanie,,,LINIOWY,słowo_kluczowe: strączki; kategoria Rośliny strączkowe,
Pasta z ciecierzycy pikantna,Rośliny strączkowe,228,6.6,16.2,15.5,5.8,strączki,NISKA,SŁOWO_KLUCZOWE,gotowanie,,,LINIOWY,słowo_kluczowe: strączki; kategoria Rośliny strączkowe,
Nerkowce solone,Orzechy i nasiona,580,15.5,47.0,32.0,3.0,orzechy,ŚREDNIA,SŁOWO_KLUCZOWE,na_zimno,orzechy,,LINIOWY,słowo_kluczowe: orzechy; kategoria Orzechy i nasiona,
Migdały solone prażone,Orzechy i nasiona,610,21.0,55.5,17.0,10.5,orzechy,WYSOKA,SŁOWO_KLUCZOWE,na_zimno,orzechy,,LINIOWY,słowo_kluczowe: orzechy; kategoria Orzechy i nasiona,
Nasiona słonecznika w łupinie (waga całk.),Orzechy i nasiona,315,11.0,27.5,11.0,5.0,nasiona,WYSOKA,SŁOWO_KLUCZOWE,na_zimno,orzechy,,LINIOWY,słowo_kluczowe: nasiona; kategoria Orzechy i nasiona,
Len mielony ze śliwką (dodatek błonnikowy),Orzechy i nasiona,420,16.0,28.0,34.0,25.0,białko_mielone,ŚREDNIA,SŁOWO_KLUCZOWE,"smażenie,pieczenie",orzechy,,LINIOWY,słowo_kluczowe: białko_mielone; kategoria Orzechy i nasiona,
Olej arachidowy,Tłuszcze i oleje,884,0.0,100.0,0.0,0.0,tłuszcz,WYSOKA,SŁOWO_KLUCZOWE,"smażenie,pieczenie",orzechy_ziemne,,LINIOWY,słowo_kluczowe: tłuszcz; kategoria Tłuszcze i oleje,
Olej ryżowy,Tłuszcze i oleje,884,0.0,100.0,0.0,0.0,tłuszcz,WYSOKA,SŁOWO_KLUCZOWE,"smażenie,pieczenie",,,LINIOWY,słowo_kluczowe: tłuszcz; kategoria Tłuszcze i oleje,
Masło truflowe,Tłuszcze i oleje,720,1.0,79.0,1.5,0.2,tłuszcz,WYSOKA,SŁOWO_KLUCZOWE,"smażenie,pieczenie",mleko,"dairy,lactose",LINIOWY,słowo_kluczowe: tłuszcz; kategoria Tłuszcze i oleje,
Spray do smażenia olejowy (porcja),Tłuszcze i oleje,815,0.0,92.0,0.0,0.0,tłuszcz,ŚREDNIA,SŁOWO_KLUCZOWE,"smażenie,pieczenie",,,LINIOWY,słowo_kluczowe: tłuszcz; kategoria Tłuszcze i oleje,
Herbatniki zbożowe light,Przekąski i słodycze,425,8.0,12.0,71.0,4.5,,NISKA,KATEGORIA,,,,,kategoria: —; kategoria z góry na NIE,NIE
Wafle z amarantusem,Przekąski i słodycze,400,12.0,6.0,74.0,6.5,kasza_ryż,ŚREDNIA,SŁOWO_KLUCZOWE,gotowanie,,,LINIOWY,słowo_kluczowe: kasza_ryż; kategoria Przekąski i słodycze; kategoria z góry na NIE,NIE
Chrupki jabłkowe z cynamonem,Przekąski i słodycze,355,1.8,1.5,83.0,8.0,pieczywo,ŚREDNIA,SŁOWO_KLUCZOWE,na_zimno,,,DYSKRETNY,słowo_kluczowe: pieczywo; kategoria Przekąski i słodycze; kategoria z góry na NIE,NIE
Batonik owocowy 100% (bez cukru dod.),Przekąski i słodycze,320,2.0,1.0,76.0,7.0,,NISKA,KATEGORIA,,,,,kategoria: —; kategoria z góry na NIE,NIE
Napój elektrolitowy bez cukru,Napoje,4,0.0,0.0,0.9,0.0,,NISKA,KATEGORIA,,,,,kategoria: —; kategoria z góry na NIE,NIE
Zimowa herbata malinowa (syrop rozc.),Napoje,38,0.1,0.0,9.2,0.1,owoce_jagodowe,ŚREDNIA,SŁOWO_KLUCZOWE,na_zimno,,,TŁUMIONY,słowo_kluczowe: owoce_jagodowe; kategoria Napoje; kategoria z góry na NIE,NIE
Kawa mrożona z mlekiem (gotowa),Napoje,68,2.2,1.8,10.5,0.0,,NISKA,KATEGORIA,,,,,kategoria: —; kategoria z góry na NIE,NIE
Przyprawa 7 smaków (mieszanka azjatycka),Przyprawy i dodatki,315,12.0,12.0,45.0,18.0,przyprawa,ŚREDNIA,SŁOWO_KLUCZOWE,*,,,STAŁY,słowo_kluczowe: przyprawa; kategoria Przyprawy i dodatki,
Pieprz syczuański,Przyprawy i dodatki,275,11.0,8.5,50.0,22.0,przyprawa,WYSOKA,SŁOWO_KLUCZOWE,*,,,STAŁY,słowo_kluczowe: przyprawa; kategoria Przyprawy i dodatki,
Wanilia laska,Przyprawy i dodatki,288,0.1,0.1,12.7,0.0,przyprawa,NISKA,KATEGORIA,*,,,STAŁY,kategoria: przyprawa,
"Kotlet drobiowy panierowany, pieczony (fit)",Mięso i drób,215,21.5,8.5,13.0,0.8,białko_chude,NISKA,KATEGORIA,"smażenie,pieczenie",,meat,LINIOWY,kategoria: białko_chude; wartości po obróbce termicznej (katalog diet liczy na surowo),
"Kurczak w cieście naleśnikowym, smażony",Mięso i drób,275,16.5,15.5,17.0,0.6,białko_chude,NISKA,KATEGORIA,"smażenie,pieczenie",gluten,"meat,gluten",LINIOWY,kategoria: białko_chude; wartości po obróbce termicznej (katalog diet liczy na surowo),
Nuggetsy domowe w płatkach owsianych,Mięso i drób,195,19.5,7.0,13.5,1.6,płatki,ŚREDNIA,SŁOWO_KLUCZOWE,"gotowanie,na_zimno",gluten,"meat,gluten",LINIOWY,słowo_kluczowe: płatki; kategoria Mięso i drób,
Indyk mielony chudy 7%,Mięso i drób,128,19.5,5.5,0.0,0.0,białko_mielone,ŚREDNIA,SŁOWO_KLUCZOWE,"smażenie,pieczenie",,meat,LINIOWY,słowo_kluczowe: białko_mielone; kategoria Mięso i drób,
Wieprzowina mielona chuda 10%,Mięso i drób,172,19.5,10.5,0.0,0.0,białko_mielone,ŚREDNIA,SŁOWO_KLUCZOWE,"smażenie,pieczenie",,meat,LINIOWY,słowo_kluczowe: białko_mielone; kategoria Mięso i drób,
"Cielęcina sznycelki mini, surowe",Mięso i drób,118,20.5,3.5,0.0,0.0,białko_chude,NISKA,KATEGORIA,"smażenie,pieczenie",,meat,LINIOWY,kategoria: białko_chude,
Szynka z indyka pieczona w miodzie,Mięso i drób,122,18.5,3.0,4.0,0.1,wędlina,NISKA,SŁOWO_KLUCZOWE,na_zimno,,meat,TŁUMIONY,słowo_kluczowe: wędlina; kategoria Mięso i drób; wartości po obróbce termicznej (katalog diet liczy na surowo),
Kiełbaski koktajlowe,Mięso i drób,295,12.5,26.5,2.0,0.0,wędlina,ŚREDNIA,SŁOWO_KLUCZOWE,na_zimno,,meat,TŁUMIONY,słowo_kluczowe: wędlina; kategoria Mięso i drób,
Boczek smażony chrupiący,Mięso i drób,540,25.0,48.5,1.0,0.0,białko_tłuste,NISKA,SŁOWO_KLUCZOWE,"pieczenie,duszenie",,meat,LINIOWY,słowo_kluczowe: białko_tłuste; kategoria Mięso i drób; wartości po obróbce termicznej (katalog diet liczy na surowo),
Mięso gulaszowe z dzika,Mięso i drób,118,21.5,3.5,0.0,0.0,białko_chude,NISKA,KATEGORIA,"smażenie,pieczenie",,meat,LINIOWY,kategoria: białko_chude,
"Filet z morszczuka w ziołach, mrożony",Ryby i owoce morza,82,17.5,1.2,0.5,0.1,białko_chude,ŚREDNIA,SŁOWO_KLUCZOWE,"smażenie,pieczenie",ryby,fish,LINIOWY,słowo_kluczowe: białko_chude; kategoria Ryby i owoce morza,
"Kostki rybne z łososia, pieczone",Ryby i owoce morza,225,13.5,12.5,15.0,0.8,ryba_tłusta,NISKA,SŁOWO_KLUCZOWE,na_zimno,ryby,fish,LINIOWY,słowo_kluczowe: ryba_tłusta; kategoria Ryby i owoce morza; wartości po obróbce termicznej (katalog diet liczy na surowo),
Burger rybny (kotlet),Ryby i owoce morza,185,14.5,9.0,12.0,0.8,ryba_chuda,NISKA,KATEGORIA,"pieczenie,smażenie",ryby,fish,LINIOWY,kategoria: ryba_chuda,
Pasta łososiowa kanapkowa,Ryby i owoce morza,265,13.0,22.5,3.0,0.2,ryba_tłusta,ŚREDNIA,SŁOWO_KLUCZOWE,na_zimno,ryby,fish,LINIOWY,słowo_kluczowe: ryba_tłusta; kategoria Ryby i owoce morza,
Tuńczyk sałatkowy z warzywami (puszka),Ryby i owoce morza,128,14.0,5.5,5.5,1.0,warzywa_liściaste,ŚREDNIA,SŁOWO_KLUCZOWE,na_zimno,ryby,fish,TŁUMIONY,słowo_kluczowe: warzywa_liściaste; kategoria Ryby i owoce morza,
"Omlet białkowy (same białka, 4 szt.)",Jaja,55,11.5,0.3,0.8,0.0,jajka,NISKA,KATEGORIA,"smażenie,gotowanie,pieczenie",jaja,egg,DYSKRETNY,kategoria: jajka,
Jajka zapiekane w awokado,Jaja,165,8.0,13.0,4.5,3.5,tłuszcz_roślinny,ŚREDNIA,SŁOWO_KLUCZOWE,na_zimno,jaja,egg,LINIOWY,słowo_kluczowe: tłuszcz_roślinny; kategoria Jaja,
Mleko migdałowe barista,Nabiał,26,0.7,1.8,1.8,0.4,mleko,WYSOKA,SŁOWO_KLUCZOWE,"gotowanie,na_zimno","mleko,orzechy",dairy,LINIOWY,słowo_kluczowe: mleko; kategoria Nabiał,
Jogurt typu greckiego light 2%,Nabiał,66,6.5,2.0,5.0,0.0,nabiał_chudy,WYSOKA,SŁOWO_KLUCZOWE,na_zimno,mleko,"dairy,lactose",LINIOWY,słowo_kluczowe: nabiał_chudy; kategoria Nabiał,
Twaróg trzykrotnie mielony do serników,Nabiał,155,15.5,8.5,4.0,0.0,białko_mielone,ŚREDNIA,SŁOWO_KLUCZOWE,"smażenie,pieczenie",mleko,"dairy,lactose",LINIOWY,słowo_kluczowe: białko_mielone; kategoria Nabiał,
Ser żółty tarty do makaronu (mieszanka),Nabiał,385,27.5,30.0,2.0,0.0,ser,WYSOKA,SŁOWO_KLUCZOWE,"pieczenie,na_zimno","mleko,gluten","dairy,lactose,gluten",LINIOWY,słowo_kluczowe: ser; kategoria Nabiał,
Ser wędzony w plastrach,Nabiał,335,24.0,26.0,1.0,0.0,nabiał_tłusty,NISKA,KATEGORIA,na_zimno,mleko,"dairy,lactose",LINIOWY,kategoria: nabiał_tłusty; wartości po obróbce termicznej (katalog diet liczy na surowo),
Deser jogurtowy z brzoskwinią (kubek),Nabiał,105,3.5,2.8,16.5,0.3,nabiał_chudy,ŚREDNIA,SŁOWO_KLUCZOWE,na_zimno,mleko,"dairy,lactose",LINIOWY,słowo_kluczowe: nabiał_chudy; kategoria Nabiał,
Chleb tostowy maślany,Zboża i pieczywo,285,8.0,5.5,50.5,2.6,pieczywo,WYSOKA,SŁOWO_KLUCZOWE,na_zimno,gluten,gluten,DYSKRETNY,słowo_kluczowe: pieczywo; kategoria Zboża i pieczywo,
Bułki mini śniadaniowe do odpieku,Zboża i pieczywo,275,8.5,3.0,53.5,3.0,pieczywo,ŚREDNIA,SŁOWO_KLUCZOWE,na_zimno,gluten,gluten,DYSKRETNY,słowo_kluczowe: pieczywo; kategoria Zboża i pieczywo,
Precle miękkie z serem,Zboża i pieczywo,345,12.0,8.5,55.0,2.5,pieczywo,NISKA,KATEGORIA,na_zimno,,,DYSKRETNY,kategoria: pieczywo,
Płatki fit z białkiem (śniadaniowe),Zboża i pieczywo,375,22.0,5.5,55.0,8.0,płatki,NISKA,SŁOWO_KLUCZOWE,"gotowanie,na_zimno",,,LINIOWY,słowo_kluczowe: płatki; kategoria Zboża i pieczywo,
Musli proteinowe,Zboża i pieczywo,390,26.0,9.5,47.0,8.5,białko_proszek,ŚREDNIA,SŁOWO_KLUCZOWE,na_zimno,gluten,gluten,LINIOWY,słowo_kluczowe: białko_proszek; kategoria Zboża i pieczywo,
Kasza manna z mlekiem i truskawkami (deser),Zboża i pieczywo,98,3.2,2.0,16.5,0.7,owoce_jagodowe,ŚREDNIA,SŁOWO_KLUCZOWE,na_zimno,gluten,gluten,TŁUMIONY,słowo_kluczowe: owoce_jagodowe; kategoria Zboża i pieczywo,
"Ryż jaśminowy w torebkach, ugotowany","Kasze, ryż i makarony",122,2.5,0.3,26.5,0.7,kasza_ryż,NISKA,SŁOWO_KLUCZOWE,gotowanie,,,LINIOWY,"słowo_kluczowe: kasza_ryż; kategoria Kasze, ryż i makarony; wartości po obróbce termicznej (katalog diet liczy na surowo)",
"Kasza gryczana biała, ugotowana","Kasze, ryż i makarony",110,4.0,1.0,21.5,2.5,kasza_ryż,NISKA,SŁOWO_KLUCZOWE,gotowanie,,,LINIOWY,"słowo_kluczowe: kasza_ryż; kategoria Kasze, ryż i makarony; wartości po obróbce termicznej (katalog diet liczy na surowo)",
"Makaron ryżowy noodle, ugotowany","Kasze, ryż i makarony",108,1.8,0.2,24.2,0.5,makaron,NISKA,SŁOWO_KLUCZOWE,gotowanie,,,LINIOWY,"słowo_kluczowe: makaron; kategoria Kasze, ryż i makarony; wartości po obróbce termicznej (katalog diet liczy na surowo)",
"Lasagne płaty, suche","Kasze, ryż i makarony",355,12.0,1.5,71.5,3.0,makaron,NISKA,SŁOWO_KLUCZOWE,gotowanie,,,LINIOWY,"słowo_kluczowe: makaron; kategoria Kasze, ryż i makarony",
Cukinia faszerowana mięsem (porcja),Warzywa,95,7.5,4.5,6.5,1.6,warzywa_gotowane,WYSOKA,SŁOWO_KLUCZOWE,"gotowanie,pieczenie",,,TŁUMIONY,słowo_kluczowe: warzywa_gotowane; kategoria Warzywa,
Papryka faszerowana ryżem i mięsem,Warzywa,105,6.0,4.0,11.0,1.8,warzywa_surowe,WYSOKA,SŁOWO_KLUCZOWE,na_zimno,,,TŁUMIONY,słowo_kluczowe: warzywa_surowe; kategoria Warzywa,
Pieczarki faszerowane,Warzywa,115,5.5,7.5,6.0,1.5,warzywa_gotowane,WYSOKA,SŁOWO_KLUCZOWE,"gotowanie,pieczenie",,,TŁUMIONY,słowo_kluczowe: warzywa_gotowane; kategoria Warzywa,
Warzywa na parze mix (porcja),Warzywa,38,2.2,0.4,6.5,2.8,warzywa_gotowane,NISKA,KATEGORIA,"gotowanie,pieczenie",,,TŁUMIONY,kategoria: warzywa_gotowane,
Szpinak kremowy (gotowy),Warzywa,68,3.0,4.5,4.0,2.2,warzywa_liściaste,WYSOKA,SŁOWO_KLUCZOWE,na_zimno,,,TŁUMIONY,słowo_kluczowe: warzywa_liściaste; kategoria Warzywa,
Kapusta zasmażana,Warzywa,75,2.0,4.5,7.0,2.6,warzywa_gotowane,WYSOKA,SŁOWO_KLUCZOWE,"gotowanie,pieczenie",,,TŁUMIONY,słowo_kluczowe: warzywa_gotowane; kategoria Warzywa,
Grzyby duszone w śmietanie,Warzywa,88,3.2,6.5,4.5,1.4,dodatek_tłuszczowy,NISKA,SŁOWO_KLUCZOWE,"gotowanie,na_zimno",mleko,"dairy,lactose",TŁUMIONY,słowo_kluczowe: dodatek_tłuszczowy; kategoria Warzywa; wartości po obróbce termicznej (katalog diet liczy na surowo),
Sałatka owocowa świeża (mix),Owoce,55,0.7,0.3,13.0,1.8,warzywa_liściaste,ŚREDNIA,SŁOWO_KLUCZOWE,na_zimno,,,TŁUMIONY,słowo_kluczowe: warzywa_liściaste; kategoria Owoce,
"Owoce z grilla (ananas, brzoskwinia)",Owoce,62,0.6,0.3,15.0,1.5,owoce,NISKA,KATEGORIA,na_zimno,,,DYSKRETNY,kategoria: owoce,
Mus truskawkowy bez cukru,Owoce,42,0.6,0.2,9.5,1.6,owoce_jagodowe,ŚREDNIA,SŁOWO_KLUCZOWE,na_zimno,,,TŁUMIONY,słowo_kluczowe: owoce_jagodowe; kategoria Owoce,
Konfitura wiśniowa niskosłodzona,Owoce,145,0.6,0.2,35.0,1.4,słodzik,ŚREDNIA,SŁOWO_KLUCZOWE,na_zimno,,,TŁUMIONY,słowo_kluczowe: słodzik; kategoria Owoce,
Zupa fasolowa po chłopsku,Dania gotowe i fast food,88,4.8,3.2,10.5,3.6,strączki,ŚREDNIA,SŁOWO_KLUCZOWE,gotowanie,,,LINIOWY,słowo_kluczowe: strączki; kategoria Dania gotowe i fast food; kategoria z góry na NIE,NIE
Bogracz (kociołek węgierski),Dania gotowe i fast food,105,8.0,5.0,7.0,1.4,,NISKA,KATEGORIA,,,,,kategoria: —; kategoria z góry na NIE,NIE
Kurczak tandoori (udka),Dania gotowe i fast food,185,20.5,10.5,2.5,0.5,,NISKA,KATEGORIA,,,,,kategoria: —; kategoria z góry na NIE,NIE
Kurczak satay z sosem orzechowym,Dania gotowe i fast food,215,19.5,13.0,6.0,1.0,orzechy,ŚREDNIA,SŁOWO_KLUCZOWE,na_zimno,orzechy,,LINIOWY,słowo_kluczowe: orzechy; kategoria Dania gotowe i fast food; kategoria z góry na NIE,NIE
Tofu teriyaki z ryżem (danie),Dania gotowe i fast food,138,6.5,4.0,19.5,1.4,białko_roślinne,WYSOKA,SŁOWO_KLUCZOWE,"smażenie,pieczenie",soja,,LINIOWY,słowo_kluczowe: białko_roślinne; kategoria Dania gotowe i fast food; kategoria z góry na NIE,NIE
Kotlety z quinoa i warzyw,Dania gotowe i fast food,172,6.0,7.0,22.0,3.4,kasza_ryż,ŚREDNIA,SŁOWO_KLUCZOWE,gotowanie,,,LINIOWY,słowo_kluczowe: kasza_ryż; kategoria Dania gotowe i fast food; kategoria z góry na NIE,NIE
Wegańskie chili sin carne,Dania gotowe i fast food,105,6.0,2.5,14.5,4.8,,NISKA,KATEGORIA,,,,,kategoria: —; kategoria z góry na NIE,NIE
Makaron one-pot z warzywami,Dania gotowe i fast food,132,4.5,3.0,22.0,2.4,makaron,WYSOKA,SŁOWO_KLUCZOWE,gotowanie,gluten,gluten,LINIOWY,słowo_kluczowe: makaron; kategoria Dania gotowe i fast food; kategoria z góry na NIE,NIE
Baton zbożowo-orzechowy bez cukru,Przekąski i słodycze,445,12.0,24.5,43.0,8.0,orzechy,ŚREDNIA,SŁOWO_KLUCZOWE,na_zimno,orzechy,,LINIOWY,słowo_kluczowe: orzechy; kategoria Przekąski i słodycze; kategoria z góry na NIE,NIE
Ciasteczka owsiane fit (bez cukru),Przekąski i słodycze,415,9.0,16.5,58.0,7.5,,NISKA,KATEGORIA,,gluten,gluten,,kategoria: —; kategoria z góry na NIE,NIE
Suszona wołowina słodko-ostra,Przekąski i słodycze,320,40.0,8.0,18.0,0.5,słodzik,ŚREDNIA,SŁOWO_KLUCZOWE,na_zimno,,,TŁUMIONY,słowo_kluczowe: słodzik; kategoria Przekąski i słodycze; kategoria z góry na NIE,NIE
Mini wafle ryżowe jogurtowe,Przekąski i słodycze,465,5.5,18.5,69.0,2.0,kasza_ryż,ŚREDNIA,SŁOWO_KLUCZOWE,gotowanie,,,LINIOWY,słowo_kluczowe: kasza_ryż; kategoria Przekąski i słodycze; kategoria z góry na NIE,NIE
Napój wieloowocowy light,Napoje,12,0.1,0.0,2.8,0.1,,NISKA,KATEGORIA,,,,,kategoria: —; kategoria z góry na NIE,NIE
Świeżo wyciskany sok pomarańczowy,Napoje,44,0.7,0.2,10.0,0.3,owoce,ŚREDNIA,SŁOWO_KLUCZOWE,na_zimno,,,DYSKRETNY,słowo_kluczowe: owoce; kategoria Napoje; kategoria z góry na NIE,NIE
Shot kurkuma-imbir-cytryna,Napoje,38,0.4,0.3,8.5,0.4,owoce,ŚREDNIA,SŁOWO_KLUCZOWE,na_zimno,,,DYSKRETNY,słowo_kluczowe: owoce; kategoria Napoje; kategoria z góry na NIE,NIE
Sos pieczeniowy ciemny (gotowy),Przyprawy i dodatki,55,1.2,2.5,7.0,0.3,sos,WYSOKA,SŁOWO_KLUCZOWE,na_zimno,,,STAŁY,słowo_kluczowe: sos; kategoria Przyprawy i dodatki,
Sos grzybowy (gotowy),Przyprawy i dodatki,78,1.8,5.5,5.5,0.6,sos,WYSOKA,SŁOWO_KLUCZOWE,na_zimno,,,STAŁY,słowo_kluczowe: sos; kategoria Przyprawy i dodatki,
Sos koperkowy (gotowy),Przyprawy i dodatki,85,1.5,6.5,5.0,0.3,sos,WYSOKA,SŁOWO_KLUCZOWE,na_zimno,,,STAŁY,słowo_kluczowe: sos; kategoria Przyprawy i dodatki,
Dip jogurtowo-czosnkowy light,Przyprawy i dodatki,95,3.5,6.0,6.5,0.3,nabiał_chudy,ŚREDNIA,SŁOWO_KLUCZOWE,na_zimno,mleko,"dairy,lactose",LINIOWY,słowo_kluczowe: nabiał_chudy; kategoria Przyprawy i dodatki,
Ketchup pikantny,Przyprawy i dodatki,108,1.6,0.2,24.5,1.1,sos,WYSOKA,SŁOWO_KLUCZOWE,na_zimno,,,STAŁY,słowo_kluczowe: sos; kategoria Przyprawy i dodatki,
Polędwiczka wieprzowa pieczona,Mięso i drób,155,26.5,5.5,0.0,0.0,białko_chude,NISKA,SŁOWO_KLUCZOWE,"smażenie,pieczenie",,meat,LINIOWY,słowo_kluczowe: białko_chude; kategoria Mięso i drób; wartości po obróbce termicznej (katalog diet liczy na surowo),
Kurczak curry z patelni (samo mięso w sosie),Mięso i drób,165,18.5,8.5,3.5,0.5,przyprawa,ŚREDNIA,SŁOWO_KLUCZOWE,*,,meat,STAŁY,słowo_kluczowe: przyprawa; kategoria Mięso i drób,
Klopsiki drobiowe w sosie pomidorowym,Mięso i drób,145,13.5,7.0,7.0,0.9,warzywa_surowe,ŚREDNIA,SŁOWO_KLUCZOWE,na_zimno,,meat,TŁUMIONY,słowo_kluczowe: warzywa_surowe; kategoria Mięso i drób,
Rolada z indyka ze szpinakiem,Mięso i drób,138,20.5,5.5,1.5,0.4,warzywa_liściaste,ŚREDNIA,SŁOWO_KLUCZOWE,na_zimno,,meat,TŁUMIONY,słowo_kluczowe: warzywa_liściaste; kategoria Mięso i drób,
Żeberka pieczone BBQ,Mięso i drób,320,21.0,24.5,4.0,0.2,białko_tłuste,NISKA,SŁOWO_KLUCZOWE,"pieczenie,duszenie",,meat,LINIOWY,słowo_kluczowe: białko_tłuste; kategoria Mięso i drób; wartości po obróbce termicznej (katalog diet liczy na surowo),
Gęś pieczona (mięso ze skórą),Mięso i drób,305,25.0,22.5,0.0,0.0,białko_tłuste,NISKA,SŁOWO_KLUCZOWE,"pieczenie,duszenie",,meat,LINIOWY,słowo_kluczowe: białko_tłuste; kategoria Mięso i drób; wartości po obróbce termicznej (katalog diet liczy na surowo),
Królik duszony,Mięso i drób,172,27.5,7.0,0.0,0.0,białko_chude,NISKA,KATEGORIA,"smażenie,pieczenie",,meat,LINIOWY,kategoria: białko_chude; wartości po obróbce termicznej (katalog diet liczy na surowo),
Salami drobiowe,Mięso i drób,305,22.0,24.0,1.0,0.0,wędlina,ŚREDNIA,SŁOWO_KLUCZOWE,na_zimno,,meat,TŁUMIONY,słowo_kluczowe: wędlina; kategoria Mięso i drób,
Dorsz pieczony w folii z warzywami,Ryby i owoce morza,88,16.5,1.5,2.5,0.5,białko_chude,NISKA,SŁOWO_KLUCZOWE,"smażenie,pieczenie",ryby,fish,LINIOWY,słowo_kluczowe: białko_chude; kategoria Ryby i owoce morza; wartości po obróbce termicznej (katalog diet liczy na surowo),
Łosoś teriyaki z piekarnika,Ryby i owoce morza,218,20.0,12.5,6.0,0.2,ryba_tłusta,WYSOKA,SŁOWO_KLUCZOWE,na_zimno,ryby,fish,LINIOWY,słowo_kluczowe: ryba_tłusta; kategoria Ryby i owoce morza,
Sola smażona na maśle,Ryby i owoce morza,168,16.5,10.5,2.5,0.1,białko_chude,NISKA,SŁOWO_KLUCZOWE,"smażenie,pieczenie","ryby,skorupiaki",fish,LINIOWY,słowo_kluczowe: białko_chude; kategoria Ryby i owoce morza; wartości po obróbce termicznej (katalog diet liczy na surowo),
Halibut gotowany na parze,Ryby i owoce morza,112,21.5,2.5,0.0,0.0,ryba_tłusta,ŚREDNIA,SŁOWO_KLUCZOWE,na_zimno,ryby,fish,LINIOWY,słowo_kluczowe: ryba_tłusta; kategoria Ryby i owoce morza,
Jajecznica na maśle z 3 jaj,Jaja,178,12.5,13.5,1.2,0.0,jajka,NISKA,KATEGORIA,"smażenie,gotowanie,pieczenie",jaja,egg,DYSKRETNY,kategoria: jajka,
Jajko w koszulce,Jaja,143,12.5,9.5,0.7,0.0,jajka,WYSOKA,SŁOWO_KLUCZOWE,"smażenie,gotowanie,pieczenie",jaja,egg,DYSKRETNY,słowo_kluczowe: jajka; kategoria Jaja,
Mleko owsiane fortyfikowane,Nabiał,45,0.8,1.5,6.8,0.8,mleko,WYSOKA,SŁOWO_KLUCZOWE,"gotowanie,na_zimno","mleko,gluten","dairy,gluten",LINIOWY,słowo_kluczowe: mleko; kategoria Nabiał,
Jogurt kokosowy naturalny,Nabiał,152,1.2,14.5,4.5,0.5,nabiał_chudy,WYSOKA,SŁOWO_KLUCZOWE,na_zimno,mleko,"dairy,lactose",LINIOWY,słowo_kluczowe: nabiał_chudy; kategoria Nabiał,
Ricotta light,Nabiał,112,9.5,6.0,4.5,0.0,ser,ŚREDNIA,SŁOWO_KLUCZOWE,"pieczenie,na_zimno",mleko,"dairy,lactose",LINIOWY,słowo_kluczowe: ser; kategoria Nabiał,
Chałka drożdżowa,Zboża i pieczywo,315,8.5,6.5,56.5,2.2,pieczywo,NISKA,KATEGORIA,na_zimno,,,DYSKRETNY,kategoria: pieczywo,
Bajgiel nowojorski,Zboża i pieczywo,275,10.5,1.5,54.5,2.4,pieczywo,NISKA,KATEGORIA,na_zimno,,,DYSKRETNY,kategoria: pieczywo,
Naan (chlebek indyjski),Zboża i pieczywo,310,8.5,8.0,50.5,2.0,pieczywo,NISKA,KATEGORIA,na_zimno,,,DYSKRETNY,kategoria: pieczywo,
Pita pełnoziarnista,Zboża i pieczywo,262,9.5,2.5,51.0,6.5,pieczywo,ŚREDNIA,SŁOWO_KLUCZOWE,na_zimno,gluten,gluten,DYSKRETNY,słowo_kluczowe: pieczywo; kategoria Zboża i pieczywo,
Owsianka błyskawiczna naturalna (sucha),Zboża i pieczywo,372,12.5,7.5,61.5,9.5,płatki,ŚREDNIA,SŁOWO_KLUCZOWE,"gotowanie,na_zimno",gluten,gluten,LINIOWY,słowo_kluczowe: płatki; kategoria Zboża i pieczywo,
Granola orzechowa domowa,Zboża i pieczywo,465,11.5,21.5,55.5,7.0,płatki,ŚREDNIA,SŁOWO_KLUCZOWE,"gotowanie,na_zimno","gluten,orzechy",gluten,LINIOWY,słowo_kluczowe: płatki; kategoria Zboża i pieczywo,
"Ryż czarny (venere), suchy","Kasze, ryż i makarony",356,8.9,3.3,72.0,4.9,kasza_ryż,NISKA,SŁOWO_KLUCZOWE,gotowanie,,,LINIOWY,"słowo_kluczowe: kasza_ryż; kategoria Kasze, ryż i makarony",
"Kasza owsiana (pęczak owsiany), sucha","Kasze, ryż i makarony",375,12.0,7.0,62.5,9.0,kasza_ryż,WYSOKA,SŁOWO_KLUCZOWE,gotowanie,gluten,gluten,LINIOWY,"słowo_kluczowe: kasza_ryż; kategoria Kasze, ryż i makarony",
"Kuskus perłowy (ptitim), suchy","Kasze, ryż i makarony",358,12.0,1.2,72.5,4.0,kasza_ryż,WYSOKA,SŁOWO_KLUCZOWE,gotowanie,gluten,gluten,LINIOWY,"słowo_kluczowe: kasza_ryż; kategoria Kasze, ryż i makarony",
Bakłażan grillowany,Warzywa,68,1.2,4.5,5.5,2.8,warzywa_gotowane,NISKA,SŁOWO_KLUCZOWE,"gotowanie,pieczenie",,,TŁUMIONY,słowo_kluczowe: warzywa_gotowane; kategoria Warzywa; wartości po obróbce termicznej (katalog diet liczy na surowo),
Marchewka z groszkiem (gotowana),Warzywa,58,2.4,2.0,7.5,3.0,warzywa_gotowane,ŚREDNIA,SŁOWO_KLUCZOWE,"gotowanie,pieczenie",,,TŁUMIONY,słowo_kluczowe: warzywa_gotowane; kategoria Warzywa,
Surówka z białej kapusty (coleslaw light),Warzywa,72,1.2,4.5,6.5,2.2,warzywa_gotowane,ŚREDNIA,SŁOWO_KLUCZOWE,"gotowanie,pieczenie",,,TŁUMIONY,słowo_kluczowe: warzywa_gotowane; kategoria Warzywa,
Mizeria (ogórki w jogurcie),Warzywa,42,1.5,2.2,4.0,0.6,warzywa_gotowane,NISKA,KATEGORIA,"gotowanie,pieczenie",,,TŁUMIONY,kategoria: warzywa_gotowane,
Kapusta kiszona zasmażana z grzybami,Warzywa,78,2.2,4.0,8.0,3.2,kiszonki,WYSOKA,SŁOWO_KLUCZOWE,na_zimno,,,TŁUMIONY,słowo_kluczowe: kiszonki; kategoria Warzywa,
Kompot z wiśni bez cukru,Owoce,28,0.3,0.1,6.5,0.4,owoce,NISKA,KATEGORIA,na_zimno,,,DYSKRETNY,kategoria: owoce,
Szarlotka domowa (kawałek),Owoce,265,3.0,11.5,37.5,1.8,owoce,NISKA,KATEGORIA,na_zimno,,,DYSKRETNY,kategoria: owoce,
Banany suszone chipsy,Owoce,520,2.3,33.5,58.5,7.5,słodzik,ŚREDNIA,SŁOWO_KLUCZOWE,na_zimno,,,TŁUMIONY,słowo_kluczowe: słodzik; kategoria Owoce,
Zupa krem z pieczarek,Dania gotowe i fast food,68,2.2,4.5,4.8,0.8,,NISKA,KATEGORIA,,,,,kategoria: —; kategoria z góry na NIE,NIE
Zupa krem z kalafiora,Dania gotowe i fast food,52,2.0,2.8,4.8,1.4,warzywa_gotowane,ŚREDNIA,SŁOWO_KLUCZOWE,"gotowanie,pieczenie",,,TŁUMIONY,słowo_kluczowe: warzywa_gotowane; kategoria Dania gotowe i fast food; kategoria z góry na NIE,NIE
Zupa meksykańska z mięsem i fasolą,Dania gotowe i fast food,95,6.5,3.5,9.5,2.6,strączki,ŚREDNIA,SŁOWO_KLUCZOWE,gotowanie,,,LINIOWY,słowo_kluczowe: strączki; kategoria Dania gotowe i fast food; kategoria z góry na NIE,NIE
Wołowina po burgundzku,Dania gotowe i fast food,145,14.5,7.5,4.5,0.8,,NISKA,KATEGORIA,,,,,kategoria: —; kategoria z góry na NIE,NIE
Moussaka grecka,Dania gotowe i fast food,158,8.0,10.0,8.5,1.6,,NISKA,KATEGORIA,,,,,kategoria: —; kategoria z góry na NIE,NIE
Zapiekanka makaronowa z brokułem,Dania gotowe i fast food,148,7.5,6.0,16.0,1.6,makaron,ŚREDNIA,SŁOWO_KLUCZOWE,gotowanie,gluten,gluten,LINIOWY,słowo_kluczowe: makaron; kategoria Dania gotowe i fast food; kategoria z góry na NIE,NIE
Pieczeń rzymska (klops),Dania gotowe i fast food,215,16.5,14.5,4.5,0.5,,NISKA,KATEGORIA,,,,,kategoria: —; kategoria z góry na NIE,NIE
Bigos staropolski,Dania gotowe i fast food,118,7.5,7.0,6.5,2.8,,NISKA,KATEGORIA,,,,,kategoria: —; kategoria z góry na NIE,NIE
"Chipsy warzywne (burak, marchew, pasternak)",Przekąski i słodycze,485,5.5,27.5,52.0,9.5,,NISKA,KATEGORIA,,,,,kategoria: —; kategoria z góry na NIE,NIE
Krakersy pełnoziarniste,Przekąski i słodycze,435,10.0,14.5,64.5,6.5,,NISKA,KATEGORIA,,,,,kategoria: —; kategoria z góry na NIE,NIE
Paluszki chlebowe grissini,Przekąski i słodycze,412,12.0,8.5,71.0,3.2,pieczywo,ŚREDNIA,SŁOWO_KLUCZOWE,na_zimno,gluten,gluten,DYSKRETNY,słowo_kluczowe: pieczywo; kategoria Przekąski i słodycze; kategoria z góry na NIE,NIE
Popcorn z powietrza (bez tłuszczu),Przekąski i słodycze,385,12.0,4.5,72.0,14.5,,NISKA,KATEGORIA,,,,,kategoria: —; kategoria z góry na NIE,NIE
Woda z sokiem malinowym,Napoje,18,0.0,0.0,4.4,0.0,owoce_jagodowe,ŚREDNIA,SŁOWO_KLUCZOWE,na_zimno,,,TŁUMIONY,słowo_kluczowe: owoce_jagodowe; kategoria Napoje; kategoria z góry na NIE,NIE
Lemoniada cytrynowa domowa light,Napoje,22,0.1,0.0,5.2,0.1,owoce,ŚREDNIA,SŁOWO_KLUCZOWE,na_zimno,,,DYSKRETNY,słowo_kluczowe: owoce; kategoria Napoje; kategoria z góry na NIE,NIE
Kombucha imbirowa,Napoje,24,0.0,0.0,5.8,0.0,przyprawa,ŚREDNIA,SŁOWO_KLUCZOWE,*,,,STAŁY,słowo_kluczowe: przyprawa; kategoria Napoje; kategoria z góry na NIE,NIE
Odżywka typu clear whey (izolat klarowny),Odżywki i suplementy,368,86.0,0.5,4.0,0.0,białko_proszek,WYSOKA,SŁOWO_KLUCZOWE,na_zimno,,,LINIOWY,słowo_kluczowe: białko_proszek; kategoria Odżywki i suplementy,
Baton proteinowy podwójna czekolada,Odżywki i suplementy,372,32.0,12.5,33.0,5.5,białko_proszek,ŚREDNIA,SŁOWO_KLUCZOWE,na_zimno,,,LINIOWY,słowo_kluczowe: białko_proszek; kategoria Odżywki i suplementy,
Sos żurawinowy,Przyprawy i dodatki,158,0.2,0.1,39.0,1.0,owoce_jagodowe,ŚREDNIA,SŁOWO_KLUCZOWE,na_zimno,,,TŁUMIONY,słowo_kluczowe: owoce_jagodowe; kategoria Przyprawy i dodatki,
Ocet balsamiczny z Modeny,Przyprawy i dodatki,88,0.5,0.0,17.0,0.0,przyprawa,NISKA,KATEGORIA,*,,,STAŁY,kategoria: przyprawa,
Sos sriracha,Przyprawy i dodatki,95,1.8,0.9,19.0,2.2,sos,WYSOKA,SŁOWO_KLUCZOWE,na_zimno,,,STAŁY,słowo_kluczowe: sos; kategoria Przyprawy i dodatki,
Smalec gęsi,Tłuszcze i oleje,900,0.0,99.8,0.0,0.0,białko_tłuste,ŚREDNIA,SŁOWO_KLUCZOWE,"pieczenie,duszenie",,,LINIOWY,słowo_kluczowe: białko_tłuste; kategoria Tłuszcze i oleje,
Masło orzechowe z białkiem (wzbogacone),Tłuszcze i oleje,545,32.0,38.5,16.0,7.0,orzechy_pasty,WYSOKA,SŁOWO_KLUCZOWE,na_zimno,"orzechy,orzechy_ziemne",,LINIOWY,słowo_kluczowe: orzechy_pasty; kategoria Tłuszcze i oleje,
Tempeh naturalny,Rośliny strączkowe,192,20.3,10.8,7.6,5.5,białko_roślinne,WYSOKA,SŁOWO_KLUCZOWE,"smażenie,pieczenie",soja,,LINIOWY,słowo_kluczowe: białko_roślinne; kategoria Rośliny strączkowe,
"Makaron z czerwonej soczewicy, suchy",Rośliny strączkowe,338,25.0,2.0,52.0,6.0,makaron,WYSOKA,SŁOWO_KLUCZOWE,gotowanie,gluten,gluten,LINIOWY,słowo_kluczowe: makaron; kategoria Rośliny strączkowe,
Mieszanka studencka premium,Orzechy i nasiona,495,13.5,33.0,34.5,6.5,orzechy,NISKA,KATEGORIA,na_zimno,orzechy,,LINIOWY,kategoria: orzechy,
Pasta z nerkowców,Orzechy i nasiona,587,17.5,46.0,30.0,3.0,orzechy,ŚREDNIA,SŁOWO_KLUCZOWE,na_zimno,orzechy,,LINIOWY,słowo_kluczowe: orzechy; kategoria Orzechy i nasiona,
Sezam nasiona,Orzechy i nasiona,573,17.7,49.7,23.5,11.8,nasiona,ŚREDNIA,SŁOWO_KLUCZOWE,na_zimno,"orzechy,sezam",,LINIOWY,słowo_kluczowe: nasiona; kategoria Orzechy i nasiona,
Karob (mączka chleba świętojańskiego),Przyprawy i dodatki,222,4.6,0.7,88.9,39.8,przyprawa,NISKA,KATEGORIA,*,,,STAŁY,kategoria: przyprawa,
Błonnik witalny (babka płesznik + jajowata),Odżywki i suplementy,205,2.5,0.5,88.0,85.0,,NISKA,KATEGORIA,,,,,kategoria: —; kategoria z góry na NIE,NIE
Drożdże nieaktywne płatki (nutritional yeast),Odżywki i suplementy,325,45.0,5.0,35.0,20.0,płatki,ŚREDNIA,SŁOWO_KLUCZOWE,"gotowanie,na_zimno",,,LINIOWY,słowo_kluczowe: płatki; kategoria Odżywki i suplementy; kategoria z góry na NIE,NIE
Spirulina proszek,Odżywki i suplementy,290,57.5,7.7,23.9,3.6,,NISKA,KATEGORIA,,,,,kategoria: —; kategoria z góry na NIE,NIE
"Comber jagnięcy, surowy",Mięso i drób,225,17.5,17.0,0.0,0.0,białko_chude,NISKA,KATEGORIA,"smażenie,pieczenie",,meat,LINIOWY,kategoria: białko_chude,
"Gicz wołowa, surowa",Mięso i drób,128,21.5,4.5,0.0,0.0,białko_chude,NISKA,KATEGORIA,"smażenie,pieczenie",,meat,LINIOWY,kategoria: białko_chude,
"Ligawa wołowa, surowa",Mięso i drób,121,21.9,3.6,0.0,0.0,białko_chude,NISKA,KATEGORIA,"smażenie,pieczenie",,meat,LINIOWY,kategoria: białko_chude,
"Rozbratel wołowy, surowy",Mięso i drób,185,19.5,12.0,0.0,0.0,białko_chude,NISKA,KATEGORIA,"smażenie,pieczenie",,meat,LINIOWY,kategoria: białko_chude,
"Golonka wieprzowa, surowa",Mięso i drób,245,17.0,19.5,0.0,0.0,białko_tłuste,ŚREDNIA,SŁOWO_KLUCZOWE,"pieczenie,duszenie",,meat,LINIOWY,słowo_kluczowe: białko_tłuste; kategoria Mięso i drób,
"Łopatka wieprzowa bez kości, surowa",Mięso i drób,186,18.5,12.5,0.0,0.0,białko_chude,NISKA,KATEGORIA,"smażenie,pieczenie",,meat,LINIOWY,kategoria: białko_chude,
Podgardle wieprzowe,Mięso i drób,515,9.5,53.0,0.0,0.0,białko_chude,NISKA,KATEGORIA,"smażenie,pieczenie",,meat,LINIOWY,kategoria: białko_chude,
Słonina,Mięso i drób,755,2.5,82.0,0.0,0.0,białko_chude,NISKA,KATEGORIA,"smażenie,pieczenie",,meat,LINIOWY,kategoria: białko_chude,
"Nogi kurczaka (pałki), surowe ze skórą",Mięso i drób,161,18.0,9.5,0.0,0.0,białko_tłuste,ŚREDNIA,SŁOWO_KLUCZOWE,"pieczenie,duszenie",,meat,LINIOWY,słowo_kluczowe: białko_tłuste; kategoria Mięso i drób,
Korpus kurczaka (na rosół),Mięso i drób,195,15.5,14.5,0.0,0.0,białko_chude,NISKA,KATEGORIA,"smażenie,pieczenie",,meat,LINIOWY,kategoria: białko_chude,
"Żołądki drobiowe, surowe",Mięso i drób,94,17.7,2.1,0.0,0.0,białko_chude,NISKA,KATEGORIA,"smażenie,pieczenie",,meat,LINIOWY,kategoria: białko_chude,
"Wątróbka wieprzowa, surowa",Mięso i drób,134,21.4,3.7,2.5,0.0,białko_chude,WYSOKA,SŁOWO_KLUCZOWE,"smażenie,pieczenie",,meat,LINIOWY,słowo_kluczowe: białko_chude; kategoria Mięso i drób,
"Ozorki wieprzowe, surowe",Mięso i drób,225,16.5,17.0,0.0,0.0,białko_chude,NISKA,KATEGORIA,"smażenie,pieczenie",,meat,LINIOWY,kategoria: białko_chude,
"Perliczka, surowa (mięso ze skórą)",Mięso i drób,158,23.5,6.5,0.0,0.0,białko_chude,NISKA,KATEGORIA,"smażenie,pieczenie",,meat,LINIOWY,kategoria: białko_chude,
"Strusina (stek ze strusia), surowa",Mięso i drób,115,22.0,2.5,0.0,0.0,białko_chude,NISKA,KATEGORIA,"smażenie,pieczenie",,meat,LINIOWY,kategoria: białko_chude,
"Sarnina (comber), surowa",Mięso i drób,120,22.5,2.8,0.0,0.0,białko_chude,NISKA,KATEGORIA,"smażenie,pieczenie",,meat,LINIOWY,kategoria: białko_chude,
Krakowska sucha,Mięso i drób,345,24.5,27.0,1.0,0.0,białko_chude,NISKA,KATEGORIA,"smażenie,pieczenie",,meat,LINIOWY,kategoria: białko_chude,
Mielonka wieprzowa (konserwa),Mięso i drób,285,13.0,25.5,1.5,0.0,białko_mielone,ŚREDNIA,SŁOWO_KLUCZOWE,"smażenie,pieczenie",,meat,LINIOWY,słowo_kluczowe: białko_mielone; kategoria Mięso i drób,
Biała kiełbasa surowa,Mięso i drób,265,14.0,22.5,1.5,0.0,wędlina,ŚREDNIA,SŁOWO_KLUCZOWE,na_zimno,,meat,TŁUMIONY,słowo_kluczowe: wędlina; kategoria Mięso i drób,
Metka łososiowa,Mięso i drób,385,12.5,37.0,1.0,0.0,ryba_tłusta,ŚREDNIA,SŁOWO_KLUCZOWE,na_zimno,ryby,"meat,fish",LINIOWY,słowo_kluczowe: ryba_tłusta; kategoria Mięso i drób,
Baleron,Mięso i drób,215,19.5,15.0,0.5,0.0,białko_chude,NISKA,KATEGORIA,"smażenie,pieczenie",,meat,LINIOWY,kategoria: białko_chude,
Boczek gotowany wędzony,Mięso i drób,385,16.0,35.5,1.0,0.0,wędlina,NISKA,SŁOWO_KLUCZOWE,na_zimno,,meat,TŁUMIONY,słowo_kluczowe: wędlina; kategoria Mięso i drób; wartości po obróbce termicznej (katalog diet liczy na surowo),
"Sardela (anchois) w oliwie, odsączona",Ryby i owoce morza,210,28.9,9.7,0.0,0.0,tłuszcz,ŚREDNIA,SŁOWO_KLUCZOWE,"smażenie,pieczenie",ryby,fish,LINIOWY,słowo_kluczowe: tłuszcz; kategoria Ryby i owoce morza,
"Sardynka świeża, surowa",Ryby i owoce morza,208,24.6,11.5,0.0,0.0,ryba_tłusta,ŚREDNIA,SŁOWO_KLUCZOWE,na_zimno,ryby,fish,LINIOWY,słowo_kluczowe: ryba_tłusta; kategoria Ryby i owoce morza,
"Szprot świeży, surowy",Ryby i owoce morza,195,17.0,14.0,0.0,0.0,ryba_chuda,NISKA,KATEGORIA,"pieczenie,smażenie",ryby,fish,LINIOWY,kategoria: ryba_chuda,
Ikra łososiowa (kawior czerwony),Ryby i owoce morza,250,29.0,14.0,2.9,0.0,ryba_tłusta,ŚREDNIA,SŁOWO_KLUCZOWE,na_zimno,ryby,fish,LINIOWY,słowo_kluczowe: ryba_tłusta; kategoria Ryby i owoce morza,
"Małże w zalewie, odsączone",Ryby i owoce morza,98,13.5,2.5,4.5,0.0,ryba_chuda,NISKA,KATEGORIA,"pieczenie,smażenie","ryby,skorupiaki",fish,LINIOWY,kategoria: ryba_chuda,
Ostrygi świeże,Ryby i owoce morza,68,7.0,2.5,3.9,0.0,ryba_chuda,NISKA,KATEGORIA,"pieczenie,smażenie",ryby,fish,LINIOWY,kategoria: ryba_chuda,
"Langustynki, surowe",Ryby i owoce morza,78,17.5,0.8,0.2,0.0,ryba_chuda,NISKA,KATEGORIA,"pieczenie,smażenie","ryby,skorupiaki",fish,LINIOWY,kategoria: ryba_chuda,
Śledź po japońsku (w majonezie),Ryby i owoce morza,285,10.5,25.5,3.5,0.2,ryba_tłusta,WYSOKA,SŁOWO_KLUCZOWE,na_zimno,ryby,fish,LINIOWY,słowo_kluczowe: ryba_tłusta; kategoria Ryby i owoce morza,
Jajo indycze,Jaja,171,13.7,11.9,1.2,0.0,jajka,ŚREDNIA,SŁOWO_KLUCZOWE,"smażenie,gotowanie,pieczenie",jaja,egg,DYSKRETNY,słowo_kluczowe: jajka; kategoria Jaja,
Ser halloumi grillowany,Nabiał,322,21.5,25.0,2.5,0.0,ser,NISKA,SŁOWO_KLUCZOWE,"pieczenie,na_zimno",mleko,"dairy,lactose",LINIOWY,słowo_kluczowe: ser; kategoria Nabiał; wartości po obróbce termicznej (katalog diet liczy na surowo),
Ser burrata,Nabiał,262,13.0,22.0,2.5,0.0,nabiał_tłusty,NISKA,KATEGORIA,na_zimno,mleko,"dairy,lactose",LINIOWY,kategoria: nabiał_tłusty,
Ser mascarpone light,Nabiał,265,5.5,25.0,4.5,0.0,ser,WYSOKA,SŁOWO_KLUCZOWE,"pieczenie,na_zimno",mleko,"dairy,lactose",LINIOWY,słowo_kluczowe: ser; kategoria Nabiał,
Ser lazur (błękitny),Nabiał,345,20.0,29.0,1.0,0.0,nabiał_tłusty,NISKA,KATEGORIA,na_zimno,mleko,"dairy,lactose",LINIOWY,kategoria: nabiał_tłusty,
Ser limburski,Nabiał,327,20.0,27.2,0.5,0.0,nabiał_tłusty,NISKA,KATEGORIA,na_zimno,mleko,"dairy,lactose",LINIOWY,kategoria: nabiał_tłusty,
Ser smażony (fondue śląskie),Nabiał,285,15.5,23.5,3.0,0.0,nabiał_tłusty,NISKA,KATEGORIA,na_zimno,mleko,"dairy,lactose",LINIOWY,kategoria: nabiał_tłusty; wartości po obróbce termicznej (katalog diet liczy na surowo),
Bryndza podhalańska,Nabiał,262,17.0,21.0,1.5,0.0,nabiał_tłusty,NISKA,KATEGORIA,na_zimno,mleko,"dairy,lactose",LINIOWY,kategoria: nabiał_tłusty,
Bundz owczy,Nabiał,235,17.5,18.0,1.0,0.0,nabiał_tłusty,NISKA,KATEGORIA,na_zimno,mleko,"dairy,lactose",LINIOWY,kategoria: nabiał_tłusty,
Żentyca (serwatka owcza),Nabiał,55,3.5,2.5,4.5,0.0,nabiał_chudy,NISKA,KATEGORIA,na_zimno,mleko,"dairy,lactose",LINIOWY,kategoria: nabiał_chudy,
Mleko kozie świeże,Nabiał,69,3.6,4.1,4.5,0.0,mleko,WYSOKA,SŁOWO_KLUCZOWE,"gotowanie,na_zimno",mleko,"dairy,lactose",LINIOWY,słowo_kluczowe: mleko; kategoria Nabiał,
Jogurt islandzki skyr waniliowy,Nabiał,78,9.5,0.2,9.0,0.0,nabiał_chudy,WYSOKA,SŁOWO_KLUCZOWE,na_zimno,mleko,"dairy,lactose",LINIOWY,słowo_kluczowe: nabiał_chudy; kategoria Nabiał,
Twarożek kanapkowy śmietankowy,Nabiał,245,6.5,22.5,3.5,0.0,dodatek_tłuszczowy,ŚREDNIA,SŁOWO_KLUCZOWE,"gotowanie,na_zimno",mleko,"dairy,lactose",TŁUMIONY,słowo_kluczowe: dodatek_tłuszczowy; kategoria Nabiał,
Serek topiony kremowy,Nabiał,285,9.5,25.5,5.5,0.0,nabiał_tłusty,NISKA,KATEGORIA,na_zimno,mleko,"dairy,lactose",LINIOWY,kategoria: nabiał_tłusty,
Chleb na zakwasie pszenny,Zboża i pieczywo,255,8.0,1.5,52.0,3.2,pieczywo,WYSOKA,SŁOWO_KLUCZOWE,na_zimno,gluten,gluten,DYSKRETNY,słowo_kluczowe: pieczywo; kategoria Zboża i pieczywo,
Chleb wiejski pytlowy,Zboża i pieczywo,245,6.2,1.3,51.5,3.4,pieczywo,WYSOKA,SŁOWO_KLUCZOWE,na_zimno,gluten,gluten,DYSKRETNY,słowo_kluczowe: pieczywo; kategoria Zboża i pieczywo,
Chleb z czarnuszką,Zboża i pieczywo,252,7.5,3.0,48.5,4.0,pieczywo,WYSOKA,SŁOWO_KLUCZOWE,na_zimno,gluten,gluten,DYSKRETNY,słowo_kluczowe: pieczywo; kategoria Zboża i pieczywo,
Bułka poznańska,Zboża i pieczywo,285,8.8,2.2,58.0,2.4,pieczywo,ŚREDNIA,SŁOWO_KLUCZOWE,na_zimno,gluten,gluten,DYSKRETNY,słowo_kluczowe: pieczywo; kategoria Zboża i pieczywo,
Mąka orkiszowa typ 700,Zboża i pieczywo,343,12.0,1.9,68.5,4.5,mąka,WYSOKA,SŁOWO_KLUCZOWE,"pieczenie,smażenie",gluten,gluten,LINIOWY,słowo_kluczowe: mąka; kategoria Zboża i pieczywo,
"Ryż paraboliczny (parboiled), suchy","Kasze, ryż i makarony",352,7.5,1.0,77.5,1.8,kasza_ryż,NISKA,SŁOWO_KLUCZOWE,gotowanie,,,LINIOWY,"słowo_kluczowe: kasza_ryż; kategoria Kasze, ryż i makarony",
"Kasza pęczak orkiszowy, sucha","Kasze, ryż i makarony",338,11.5,2.2,67.0,8.5,kasza_ryż,WYSOKA,SŁOWO_KLUCZOWE,gotowanie,gluten,gluten,LINIOWY,"słowo_kluczowe: kasza_ryż; kategoria Kasze, ryż i makarony",
"Makaron udon, suchy","Kasze, ryż i makarony",337,8.5,1.0,71.5,2.4,makaron,WYSOKA,SŁOWO_KLUCZOWE,gotowanie,gluten,gluten,LINIOWY,"słowo_kluczowe: makaron; kategoria Kasze, ryż i makarony",
"Makaron szklany (z fasoli mung), suchy","Kasze, ryż i makarony",351,0.2,0.1,87.0,0.5,makaron,WYSOKA,SŁOWO_KLUCZOWE,gotowanie,gluten,gluten,LINIOWY,"słowo_kluczowe: makaron; kategoria Kasze, ryż i makarony",
"Gnocchi ziemniaczane, gotowe","Kasze, ryż i makarony",155,4.0,0.5,33.5,1.8,kasza_ryż,NISKA,KATEGORIA,gotowanie,,,LINIOWY,kategoria: kasza_ryż,
"Karczochy marynowane, odsączone",Warzywa,68,2.5,3.5,6.5,4.5,warzywa_gotowane,NISKA,KATEGORIA,"gotowanie,pieczenie",,,TŁUMIONY,kategoria: warzywa_gotowane,
"Fenkuł (koper włoski), surowy",Warzywa,31,1.2,0.2,7.3,3.1,warzywa_gotowane,NISKA,KATEGORIA,"gotowanie,pieczenie",,,TŁUMIONY,kategoria: warzywa_gotowane,
"Pasternak, surowy",Warzywa,75,1.2,0.3,18.0,4.9,warzywa_gotowane,NISKA,KATEGORIA,"gotowanie,pieczenie",,,TŁUMIONY,kategoria: warzywa_gotowane,
"Skorzonera, surowa",Warzywa,82,3.3,0.4,18.3,3.3,warzywa_gotowane,NISKA,KATEGORIA,"gotowanie,pieczenie",,,TŁUMIONY,kategoria: warzywa_gotowane,
"Topinambur, surowy",Warzywa,73,2.0,0.0,17.4,1.6,warzywa_gotowane,NISKA,KATEGORIA,"gotowanie,pieczenie",,,TŁUMIONY,kategoria: warzywa_gotowane,
"Jarmuż baby, surowy",Warzywa,49,4.3,0.9,8.8,3.6,warzywa_liściaste,ŚREDNIA,SŁOWO_KLUCZOWE,na_zimno,,,TŁUMIONY,słowo_kluczowe: warzywa_liściaste; kategoria Warzywa,
"Boćwina (botwinka), surowa",Warzywa,19,1.8,0.2,3.7,1.6,warzywa_gotowane,NISKA,KATEGORIA,"gotowanie,pieczenie",,,TŁUMIONY,kategoria: warzywa_gotowane,
"Endywia, surowa",Warzywa,17,1.3,0.2,3.4,3.1,warzywa_gotowane,NISKA,KATEGORIA,"gotowanie,pieczenie",,,TŁUMIONY,kategoria: warzywa_gotowane,
"Radicchio, surowe",Warzywa,23,1.4,0.3,4.5,0.9,warzywa_gotowane,NISKA,KATEGORIA,"gotowanie,pieczenie",,,TŁUMIONY,kategoria: warzywa_gotowane,
"Cykoria biała, surowa",Warzywa,21,0.9,0.1,4.7,3.1,warzywa_gotowane,NISKA,KATEGORIA,"gotowanie,pieczenie",,,TŁUMIONY,kategoria: warzywa_gotowane,
Portobello (pieczarka brązowa duża),Warzywa,26,2.5,0.2,4.5,1.3,warzywa_gotowane,NISKA,KATEGORIA,"gotowanie,pieczenie",,,TŁUMIONY,kategoria: warzywa_gotowane,
"Grzyby shiitake, suszone",Warzywa,296,9.6,1.0,75.4,11.5,słodzik,ŚREDNIA,SŁOWO_KLUCZOWE,na_zimno,,,TŁUMIONY,słowo_kluczowe: słodzik; kategoria Warzywa,
Kwiaty cukinii,Warzywa,16,1.0,0.1,3.0,0.9,warzywa_gotowane,ŚREDNIA,SŁOWO_KLUCZOWE,"gotowanie,pieczenie",,,TŁUMIONY,słowo_kluczowe: warzywa_gotowane; kategoria Warzywa,
Mikroliście (mix),Warzywa,29,2.5,0.5,4.5,1.8,warzywa_gotowane,NISKA,KATEGORIA,"gotowanie,pieczenie",,,TŁUMIONY,kategoria: warzywa_gotowane,
Kiełki słonecznika,Warzywa,62,4.5,3.5,4.0,1.9,nasiona,ŚREDNIA,SŁOWO_KLUCZOWE,na_zimno,,,LINIOWY,słowo_kluczowe: nasiona; kategoria Warzywa,
"Pak choi, surowa",Warzywa,13,1.5,0.2,2.2,1.0,warzywa_gotowane,NISKA,KATEGORIA,"gotowanie,pieczenie",,,TŁUMIONY,kategoria: warzywa_gotowane,
"Okra, surowa",Warzywa,33,1.9,0.2,7.5,3.2,warzywa_gotowane,NISKA,KATEGORIA,"gotowanie,pieczenie",,,TŁUMIONY,kategoria: warzywa_gotowane,
Daikon (rzodkiew japońska),Warzywa,18,0.6,0.1,4.1,1.6,warzywa_gotowane,NISKA,KATEGORIA,"gotowanie,pieczenie",,,TŁUMIONY,kategoria: warzywa_gotowane,
Chrzan świeży tarty,Warzywa,48,1.2,0.7,11.3,3.3,warzywa_gotowane,NISKA,KATEGORIA,"gotowanie,pieczenie",,,TŁUMIONY,kategoria: warzywa_gotowane,
Wasabi pasta,Warzywa,292,4.0,10.5,44.0,6.0,warzywa_gotowane,NISKA,KATEGORIA,"gotowanie,pieczenie",,,TŁUMIONY,kategoria: warzywa_gotowane,
"Pigwa, surowa",Owoce,57,0.4,0.1,15.3,1.9,owoce,NISKA,KATEGORIA,na_zimno,,,DYSKRETNY,kategoria: owoce,
Jagody kamczackie,Owoce,42,1.0,0.5,9.0,2.4,owoce_jagodowe,ŚREDNIA,SŁOWO_KLUCZOWE,na_zimno,,,TŁUMIONY,słowo_kluczowe: owoce_jagodowe; kategoria Owoce,
Morwa biała świeża,Owoce,43,1.4,0.4,9.8,1.7,owoce,NISKA,KATEGORIA,na_zimno,,,DYSKRETNY,kategoria: owoce,
Morwa biała suszona,Owoce,344,9.5,2.5,77.5,7.5,słodzik,ŚREDNIA,SŁOWO_KLUCZOWE,na_zimno,,,TŁUMIONY,słowo_kluczowe: słodzik; kategoria Owoce,
Rambutan,Owoce,82,0.7,0.2,20.9,0.9,owoce,NISKA,KATEGORIA,na_zimno,,,DYSKRETNY,kategoria: owoce,
Pitaja (smoczy owoc),Owoce,60,1.2,0.4,13.0,3.0,pieczywo,ŚREDNIA,SŁOWO_KLUCZOWE,na_zimno,gluten,gluten,DYSKRETNY,słowo_kluczowe: pieczywo; kategoria Owoce,
Opuncja figowa,Owoce,41,0.7,0.5,9.6,3.6,owoce,NISKA,KATEGORIA,na_zimno,,,DYSKRETNY,kategoria: owoce,
Czarny bez (owoce),Owoce,73,0.7,0.5,18.4,7.0,owoce,NISKA,KATEGORIA,na_zimno,,,DYSKRETNY,kategoria: owoce,
Rokitnik (owoce),Owoce,82,1.4,5.4,7.8,4.7,owoce,NISKA,KATEGORIA,na_zimno,,,DYSKRETNY,kategoria: owoce,
Dereń jadalny,Owoce,44,1.0,0.3,9.7,2.3,owoce,NISKA,KATEGORIA,na_zimno,,,DYSKRETNY,kategoria: owoce,
"Fasola adzuki, sucha",Rośliny strączkowe,329,19.9,0.5,62.9,12.7,strączki,NISKA,SŁOWO_KLUCZOWE,gotowanie,,,LINIOWY,słowo_kluczowe: strączki; kategoria Rośliny strączkowe,
"Fasola czarne oczko, sucha",Rośliny strączkowe,336,23.5,1.3,60.0,10.6,strączki,NISKA,SŁOWO_KLUCZOWE,gotowanie,,,LINIOWY,słowo_kluczowe: strączki; kategoria Rośliny strączkowe,
"Fasolka mamut (Jaś karłowy), sucha",Rośliny strączkowe,288,20.5,1.5,50.0,15.5,strączki,NISKA,SŁOWO_KLUCZOWE,gotowanie,,,LINIOWY,słowo_kluczowe: strączki; kategoria Rośliny strączkowe,
"Soczewica beluga (czarna), sucha",Rośliny strączkowe,341,24.5,1.5,59.0,10.5,strączki,NISKA,SŁOWO_KLUCZOWE,gotowanie,,,LINIOWY,słowo_kluczowe: strączki; kategoria Rośliny strączkowe,
Groszek zielony mrożony,Rośliny strączkowe,77,5.2,0.4,13.6,5.5,warzywa_gotowane,NISKA,SŁOWO_KLUCZOWE,"gotowanie,pieczenie",,,TŁUMIONY,słowo_kluczowe: warzywa_gotowane; kategoria Rośliny strączkowe,
"Soja ziarno, suche",Rośliny strączkowe,446,36.5,19.9,30.2,9.3,strączki,NISKA,KATEGORIA,gotowanie,soja,,LINIOWY,kategoria: strączki,
Kotlety sojowe (granulat suchy),Rośliny strączkowe,336,50.0,1.5,32.0,4.5,strączki,NISKA,KATEGORIA,gotowanie,soja,,LINIOWY,kategoria: strączki,
"Białko grochu teksturowane, suche",Rośliny strączkowe,350,72.0,3.5,8.0,4.0,strączki,NISKA,SŁOWO_KLUCZOWE,gotowanie,,,LINIOWY,słowo_kluczowe: strączki; kategoria Rośliny strączkowe,
Pestki moreli słodkie,Orzechy i nasiona,520,21.5,42.0,22.0,5.0,nasiona,WYSOKA,SŁOWO_KLUCZOWE,na_zimno,orzechy,,LINIOWY,słowo_kluczowe: nasiona; kategoria Orzechy i nasiona,
Masło z pestek słonecznika,Orzechy i nasiona,617,20.0,55.0,17.5,6.5,nasiona,ŚREDNIA,SŁOWO_KLUCZOWE,na_zimno,"orzechy,mleko","dairy,lactose",LINIOWY,słowo_kluczowe: nasiona; kategoria Orzechy i nasiona,
Krem orzechowy z daktylami,Orzechy i nasiona,495,14.5,33.0,36.5,6.5,orzechy_pasty,ŚREDNIA,SŁOWO_KLUCZOWE,na_zimno,orzechy,,LINIOWY,słowo_kluczowe: orzechy_pasty; kategoria Orzechy i nasiona,
Olej sezamowy ciemny,Tłuszcze i oleje,884,0.0,100.0,0.0,0.0,nasiona,ŚREDNIA,SŁOWO_KLUCZOWE,na_zimno,sezam,,LINIOWY,słowo_kluczowe: nasiona; kategoria Tłuszcze i oleje,
Olej lniany budwigowy,Tłuszcze i oleje,884,0.0,100.0,0.0,0.0,tłuszcz,WYSOKA,SŁOWO_KLUCZOWE,"smażenie,pieczenie",,,LINIOWY,słowo_kluczowe: tłuszcz; kategoria Tłuszcze i oleje,
Olej z ostropestu,Tłuszcze i oleje,884,0.0,100.0,0.0,0.0,tłuszcz,WYSOKA,SŁOWO_KLUCZOWE,"smażenie,pieczenie",,,LINIOWY,słowo_kluczowe: tłuszcz; kategoria Tłuszcze i oleje,
Masło sklarowane premium,Tłuszcze i oleje,876,0.3,99.5,0.0,0.0,tłuszcz,WYSOKA,SŁOWO_KLUCZOWE,"smażenie,pieczenie",,,LINIOWY,słowo_kluczowe: tłuszcz; kategoria Tłuszcze i oleje,
Margaryna miękka light 40%,Tłuszcze i oleje,370,0.2,40.0,0.5,0.0,tłuszcz,NISKA,KATEGORIA,"smażenie,pieczenie",,,LINIOWY,kategoria: tłuszcz,
Pasta do smarowania z awokado,Tłuszcze i oleje,385,1.5,40.0,4.5,3.5,tłuszcz_roślinny,ŚREDNIA,SŁOWO_KLUCZOWE,na_zimno,,,LINIOWY,słowo_kluczowe: tłuszcz_roślinny; kategoria Tłuszcze i oleje,
Pierniczki w czekoladzie,Przekąski i słodycze,405,4.5,12.5,69.0,2.5,słodycze,ŚREDNIA,SŁOWO_KLUCZOWE,na_zimno,,,DYSKRETNY,słowo_kluczowe: słodycze; kategoria Przekąski i słodycze; kategoria z góry na NIE,NIE
Andruty (wafle suche),Przekąski i słodycze,435,8.0,12.0,74.0,1.5,,NISKA,KATEGORIA,,,,,kategoria: —; kategoria z góry na NIE,NIE
Beza (bezik),Przekąski i słodycze,385,4.5,0.0,92.0,0.0,,NISKA,KATEGORIA,,,,,kategoria: —; kategoria z góry na NIE,NIE
Lody proteinowe waniliowe,Przekąski i słodycze,105,9.5,3.0,11.5,2.0,białko_proszek,ŚREDNIA,SŁOWO_KLUCZOWE,na_zimno,,,LINIOWY,słowo_kluczowe: białko_proszek; kategoria Przekąski i słodycze; kategoria z góry na NIE,NIE
Woda kokosowa naturalna,Napoje,19,0.7,0.2,3.7,1.1,,NISKA,KATEGORIA,,,,,kategoria: —; kategoria z góry na NIE,NIE
Sok z selera naciowego świeży,Napoje,18,0.7,0.2,3.5,1.0,,NISKA,KATEGORIA,,,,,kategoria: —; kategoria z góry na NIE,NIE
Kawa zbożowa z mlekiem,Napoje,45,1.8,1.5,6.5,0.5,,NISKA,KATEGORIA,,,,,kategoria: —; kategoria z góry na NIE,NIE
Yerba mate napar,Napoje,2,0.1,0.0,0.3,0.0,,NISKA,KATEGORIA,,,,,kategoria: —; kategoria z góry na NIE,NIE
Napar z hibiskusa,Napoje,1,0.0,0.0,0.2,0.0,,NISKA,KATEGORIA,,,,,kategoria: —; kategoria z góry na NIE,NIE
Piwo bezalkoholowe 0%,Napoje,24,0.3,0.0,5.5,0.0,,NISKA,KATEGORIA,,,,,kategoria: —; kategoria z góry na NIE,NIE
Kolagen hydrolizowany proszek,Odżywki i suplementy,360,90.0,0.0,0.0,0.0,,NISKA,KATEGORIA,,,,,kategoria: —; kategoria z góry na NIE,NIE
EAA aminokwasy proszek,Odżywki i suplementy,340,85.0,0.0,0.0,0.0,,NISKA,KATEGORIA,,,,,kategoria: —; kategoria z góry na NIE,NIE
Beta-alanina proszek,Odżywki i suplementy,380,95.0,0.0,0.0,0.0,,NISKA,KATEGORIA,,,,,kategoria: —; kategoria z góry na NIE,NIE
Maltodekstryna (carbo),Odżywki i suplementy,380,0.0,0.0,95.0,0.0,,NISKA,KATEGORIA,,,,,kategoria: —; kategoria z góry na NIE,NIE
Shake gainer czekoladowy (proszek),Odżywki i suplementy,385,25.0,5.0,62.0,2.0,słodycze,ŚREDNIA,SŁOWO_KLUCZOWE,na_zimno,,,DYSKRETNY,słowo_kluczowe: słodycze; kategoria Odżywki i suplementy; kategoria z góry na NIE,NIE
Krupnik z kaszą jęczmienną,Dania gotowe i fast food,62,2.8,2.0,8.5,1.4,kasza_ryż,ŚREDNIA,SŁOWO_KLUCZOWE,gotowanie,gluten,gluten,LINIOWY,słowo_kluczowe: kasza_ryż; kategoria Dania gotowe i fast food; kategoria z góry na NIE,NIE
Kapuśniak ze świeżej kapusty,Dania gotowe i fast food,48,1.8,2.2,5.5,1.6,warzywa_gotowane,ŚREDNIA,SŁOWO_KLUCZOWE,"gotowanie,pieczenie",,,TŁUMIONY,słowo_kluczowe: warzywa_gotowane; kategoria Dania gotowe i fast food; kategoria z góry na NIE,NIE
Grochówka wojskowa,Dania gotowe i fast food,98,5.5,4.0,10.5,3.5,strączki,ŚREDNIA,SŁOWO_KLUCZOWE,gotowanie,,,LINIOWY,słowo_kluczowe: strączki; kategoria Dania gotowe i fast food; kategoria z góry na NIE,NIE
Fasolka po bretońsku z kiełbasą,Dania gotowe i fast food,112,6.5,5.0,10.5,4.0,wędlina,ŚREDNIA,SŁOWO_KLUCZOWE,na_zimno,,,TŁUMIONY,słowo_kluczowe: wędlina; kategoria Dania gotowe i fast food; kategoria z góry na NIE,NIE
Placki ziemniaczane ze śmietaną,Dania gotowe i fast food,215,4.0,12.0,23.0,1.8,dodatek_tłuszczowy,ŚREDNIA,SŁOWO_KLUCZOWE,"gotowanie,na_zimno",mleko,"dairy,lactose",TŁUMIONY,słowo_kluczowe: dodatek_tłuszczowy; kategoria Dania gotowe i fast food; kategoria z góry na NIE,NIE
Pyzy z mięsem,Dania gotowe i fast food,185,8.0,6.5,24.0,1.4,,NISKA,KATEGORIA,,,,,kategoria: —; kategoria z góry na NIE,NIE
Sernik na zimno z galaretką,Dania gotowe i fast food,215,6.5,11.5,22.0,0.4,,NISKA,KATEGORIA,,,,,kategoria: —; kategoria z góry na NIE,NIE
Kisiel owocowy,Dania gotowe i fast food,65,0.1,0.0,16.0,0.2,,NISKA,KATEGORIA,,,,,kategoria: —; kategoria z góry na NIE,NIE
Szynka parmeńska (prosciutto),Mięso i drób,267,25.5,18.0,0.3,0.0,wędlina,WYSOKA,SŁOWO_KLUCZOWE,na_zimno,,meat,TŁUMIONY,słowo_kluczowe: wędlina; kategoria Mięso i drób,
Chorizo hiszpańskie,Mięso i drób,455,24.0,38.5,2.0,0.0,białko_chude,NISKA,KATEGORIA,"smażenie,pieczenie",,meat,LINIOWY,kategoria: białko_chude,
Bresaola (suszona wołowina włoska),Mięso i drób,175,33.0,4.0,0.5,0.0,białko_chude,NISKA,KATEGORIA,"smażenie,pieczenie",,meat,LINIOWY,kategoria: białko_chude,
Pepperoni (plastry pizzowe),Mięso i drób,494,19.5,44.5,2.5,0.0,białko_chude,NISKA,KATEGORIA,"smażenie,pieczenie",,meat,LINIOWY,kategoria: białko_chude,
Longaniza podsuszana,Mięso i drób,425,22.5,36.0,1.5,0.0,białko_chude,NISKA,KATEGORIA,"smażenie,pieczenie",,meat,LINIOWY,kategoria: białko_chude,
Kindziuk (skilandis),Mięso i drób,395,28.5,30.0,1.5,0.0,białko_chude,NISKA,KATEGORIA,"smażenie,pieczenie",,meat,LINIOWY,kategoria: białko_chude,
Szynka konserwowa drobiowa,Mięso i drób,125,15.5,6.0,2.0,0.0,wędlina,WYSOKA,SŁOWO_KLUCZOWE,na_zimno,,meat,TŁUMIONY,słowo_kluczowe: wędlina; kategoria Mięso i drób,
"Dorsz czarny (czarniak), surowy",Ryby i owoce morza,92,20.0,1.0,0.0,0.0,białko_chude,ŚREDNIA,SŁOWO_KLUCZOWE,"smażenie,pieczenie",ryby,fish,LINIOWY,słowo_kluczowe: białko_chude; kategoria Ryby i owoce morza,
"Miruna, surowa",Ryby i owoce morza,90,18.5,1.8,0.0,0.0,ryba_chuda,NISKA,KATEGORIA,"pieczenie,smażenie",ryby,fish,LINIOWY,kategoria: ryba_chuda,
"Błękitek, surowy",Ryby i owoce morza,82,17.9,0.9,0.0,0.0,ryba_chuda,NISKA,KATEGORIA,"pieczenie,smażenie",ryby,fish,LINIOWY,kategoria: ryba_chuda,
"Tuńczyk żółtopłetwy stek, surowy",Ryby i owoce morza,109,24.4,0.5,0.0,0.0,białko_chude,ŚREDNIA,SŁOWO_KLUCZOWE,"smażenie,pieczenie",ryby,fish,LINIOWY,słowo_kluczowe: białko_chude; kategoria Ryby i owoce morza,
Sushi maki z łososiem (rolka),Ryby i owoce morza,155,6.0,3.5,25.0,1.0,ryba_tłusta,ŚREDNIA,SŁOWO_KLUCZOWE,na_zimno,ryby,fish,LINIOWY,słowo_kluczowe: ryba_tłusta; kategoria Ryby i owoce morza,
Sashimi z łososia,Ryby i owoce morza,205,20.5,13.5,0.0,0.0,ryba_tłusta,ŚREDNIA,SŁOWO_KLUCZOWE,na_zimno,ryby,fish,LINIOWY,słowo_kluczowe: ryba_tłusta; kategoria Ryby i owoce morza,
Ser wędzony parzony (rolada ustrzycka),Nabiał,345,23.5,27.5,1.5,0.0,nabiał_tłusty,NISKA,KATEGORIA,na_zimno,mleko,"dairy,lactose",LINIOWY,kategoria: nabiał_tłusty; wartości po obróbce termicznej (katalog diet liczy na surowo),
Ser koryciński,Nabiał,355,24.0,28.0,1.5,0.0,nabiał_tłusty,NISKA,KATEGORIA,na_zimno,mleko,"dairy,lactose",LINIOWY,kategoria: nabiał_tłusty,
Ser typu manchego,Nabiał,402,25.0,33.5,0.5,0.0,nabiał_tłusty,NISKA,KATEGORIA,na_zimno,mleko,"dairy,lactose",LINIOWY,kategoria: nabiał_tłusty,
Ser gruyère,Nabiał,413,29.8,32.3,0.4,0.0,nabiał_tłusty,NISKA,KATEGORIA,na_zimno,mleko,"dairy,lactose",LINIOWY,kategoria: nabiał_tłusty,
Ser emmentaler,Nabiał,380,28.5,29.0,1.5,0.0,nabiał_tłusty,NISKA,KATEGORIA,na_zimno,mleko,"dairy,lactose",LINIOWY,kategoria: nabiał_tłusty,
Ser raclette,Nabiał,357,24.5,28.0,1.0,0.0,nabiał_tłusty,NISKA,KATEGORIA,na_zimno,mleko,"dairy,lactose",LINIOWY,kategoria: nabiał_tłusty,
Ayran (napój jogurtowy słony),Nabiał,38,1.8,1.8,3.5,0.0,nabiał_chudy,NISKA,KATEGORIA,na_zimno,mleko,"dairy,lactose",LINIOWY,kategoria: nabiał_chudy,
Lassi mango,Nabiał,88,2.2,2.0,15.5,0.3,owoce,ŚREDNIA,SŁOWO_KLUCZOWE,na_zimno,mleko,"dairy,lactose",DYSKRETNY,słowo_kluczowe: owoce; kategoria Nabiał,
Pumpernikiel ciemny,Zboża i pieczywo,245,6.5,1.5,49.5,6.5,pieczywo,NISKA,KATEGORIA,na_zimno,,,DYSKRETNY,kategoria: pieczywo,
Chleb ciabatta,Zboża i pieczywo,271,8.5,3.5,51.5,2.6,pieczywo,WYSOKA,SŁOWO_KLUCZOWE,na_zimno,gluten,gluten,DYSKRETNY,słowo_kluczowe: pieczywo; kategoria Zboża i pieczywo,
Tost francuski (chleb w jajku),Zboża i pieczywo,265,9.0,11.5,31.5,1.4,pieczywo,NISKA,KATEGORIA,na_zimno,,,DYSKRETNY,kategoria: pieczywo,
Muffin angielski śniadaniowy,Zboża i pieczywo,235,9.0,1.8,45.5,2.6,pieczywo,NISKA,KATEGORIA,na_zimno,,,DYSKRETNY,kategoria: pieczywo,
Pankejki proteinowe (gotowe),Zboża i pieczywo,225,14.5,6.0,28.5,2.0,białko_proszek,NISKA,SŁOWO_KLUCZOWE,na_zimno,,,LINIOWY,słowo_kluczowe: białko_proszek; kategoria Zboża i pieczywo,
Tarta owocowa (spód kruchy),Zboża i pieczywo,295,4.0,14.0,38.5,1.5,pieczywo,NISKA,KATEGORIA,na_zimno,,,DYSKRETNY,kategoria: pieczywo,
"Freekeh (zielona pszenica prażona), suchy","Kasze, ryż i makarony",352,14.5,2.5,66.0,13.5,kasza_ryż,NISKA,KATEGORIA,gotowanie,,,LINIOWY,kategoria: kasza_ryż,
"Sorgo ziarno, suche","Kasze, ryż i makarony",329,10.6,3.5,66.5,6.7,kasza_ryż,NISKA,KATEGORIA,gotowanie,,,LINIOWY,kategoria: kasza_ryż,
"Teff ziarno, suche","Kasze, ryż i makarony",367,13.3,2.4,70.7,8.0,kasza_ryż,NISKA,KATEGORIA,gotowanie,,,LINIOWY,kategoria: kasza_ryż,
"Kamut (pszenica khorasan), suchy","Kasze, ryż i makarony",337,14.5,2.2,64.0,11.1,kasza_ryż,NISKA,KATEGORIA,gotowanie,,,LINIOWY,kategoria: kasza_ryż,
"Kalafior ryż (rozdrobniony, surowy)",Warzywa,25,1.9,0.3,4.2,2.0,kasza_ryż,ŚREDNIA,SŁOWO_KLUCZOWE,gotowanie,,,LINIOWY,słowo_kluczowe: kasza_ryż; kategoria Warzywa,
Spaghetti z cukinii (zoodles),Warzywa,17,1.2,0.3,2.5,1.1,makaron,ŚREDNIA,SŁOWO_KLUCZOWE,gotowanie,gluten,gluten,LINIOWY,słowo_kluczowe: makaron; kategoria Warzywa,
Puree z kalafiora,Warzywa,55,2.2,2.5,5.5,2.2,warzywa_gotowane,ŚREDNIA,SŁOWO_KLUCZOWE,"gotowanie,pieczenie",,,TŁUMIONY,słowo_kluczowe: warzywa_gotowane; kategoria Warzywa,
Puree ziemniaczane z masłem,Warzywa,105,2.0,4.0,15.0,1.3,warzywa_gotowane,NISKA,KATEGORIA,"gotowanie,pieczenie",,,TŁUMIONY,kategoria: warzywa_gotowane,
Frytki z batatów pieczone,Warzywa,165,2.0,5.5,26.5,3.8,skrobiowe,NISKA,SŁOWO_KLUCZOWE,"gotowanie,pieczenie",,,LINIOWY,słowo_kluczowe: skrobiowe; kategoria Warzywa; wartości po obróbce termicznej (katalog diet liczy na surowo),
Ziemniaki opiekane w ziołach,Warzywa,125,2.2,3.5,21.0,2.0,skrobiowe,WYSOKA,SŁOWO_KLUCZOWE,"gotowanie,pieczenie",,,LINIOWY,słowo_kluczowe: skrobiowe; kategoria Warzywa,
Caponata sycylijska,Warzywa,92,1.8,6.0,8.0,2.6,warzywa_gotowane,NISKA,KATEGORIA,"gotowanie,pieczenie",,,TŁUMIONY,kategoria: warzywa_gotowane,
Kimchi z kapusty pekińskiej,Warzywa,33,2.0,0.5,5.5,2.4,warzywa_gotowane,ŚREDNIA,SŁOWO_KLUCZOWE,"gotowanie,pieczenie",,,TŁUMIONY,słowo_kluczowe: warzywa_gotowane; kategoria Warzywa,
Ogórki konserwowe (korniszony),Warzywa,22,0.7,0.2,4.5,1.0,warzywa_gotowane,NISKA,KATEGORIA,"gotowanie,pieczenie",,,TŁUMIONY,kategoria: warzywa_gotowane,
Papryczki piri-piri marynowane,Warzywa,35,1.5,0.5,6.5,2.0,warzywa_gotowane,NISKA,KATEGORIA,"gotowanie,pieczenie",,,TŁUMIONY,kategoria: warzywa_gotowane,
Pomarańcza czerwona (sycylijska),Owoce,45,0.9,0.2,11.0,2.2,owoce,WYSOKA,SŁOWO_KLUCZOWE,na_zimno,,,DYSKRETNY,słowo_kluczowe: owoce; kategoria Owoce,
Winogrona ciemne z pestkami,Owoce,71,0.6,0.3,17.5,1.4,nasiona,ŚREDNIA,SŁOWO_KLUCZOWE,na_zimno,,,LINIOWY,słowo_kluczowe: nasiona; kategoria Owoce,
Porzeczka biała,Owoce,42,1.1,0.3,9.5,4.3,owoce_jagodowe,ŚREDNIA,SŁOWO_KLUCZOWE,na_zimno,,,TŁUMIONY,słowo_kluczowe: owoce_jagodowe; kategoria Owoce,
Jeżyny leśne,Owoce,43,1.4,0.5,9.6,5.3,owoce_jagodowe,ŚREDNIA,SŁOWO_KLUCZOWE,na_zimno,,,TŁUMIONY,słowo_kluczowe: owoce_jagodowe; kategoria Owoce,
Wiśnie suszone,Owoce,335,2.5,1.0,80.0,6.5,słodzik,ŚREDNIA,SŁOWO_KLUCZOWE,na_zimno,,,TŁUMIONY,słowo_kluczowe: słodzik; kategoria Owoce,
Mango suszone bez cukru,Owoce,319,2.5,1.2,78.5,6.7,słodzik,ŚREDNIA,SŁOWO_KLUCZOWE,na_zimno,,,TŁUMIONY,słowo_kluczowe: słodzik; kategoria Owoce,
Chipsy kokosowe prażone,Owoce,592,5.5,47.0,38.5,12.5,owoce,NISKA,KATEGORIA,na_zimno,,,DYSKRETNY,kategoria: owoce,
Groszek wasabi (przekąska),Rośliny strączkowe,435,15.5,15.0,60.0,8.0,warzywa_gotowane,NISKA,SŁOWO_KLUCZOWE,"gotowanie,pieczenie",,,TŁUMIONY,słowo_kluczowe: warzywa_gotowane; kategoria Rośliny strączkowe,
Bób prażony chrupiący,Rośliny strączkowe,385,26.0,6.5,55.0,14.5,strączki,NISKA,SŁOWO_KLUCZOWE,gotowanie,,,LINIOWY,słowo_kluczowe: strączki; kategoria Rośliny strączkowe,
Ciecierzyca prażona solona,Rośliny strączkowe,405,19.0,9.5,58.0,13.0,strączki,NISKA,SŁOWO_KLUCZOWE,gotowanie,,,LINIOWY,słowo_kluczowe: strączki; kategoria Rośliny strączkowe,
Hummus z burakiem,Rośliny strączkowe,195,5.5,13.0,13.5,4.8,pasta_smarowanie,NISKA,SŁOWO_KLUCZOWE,na_zimno,,,LINIOWY,słowo_kluczowe: pasta_smarowanie; kategoria Rośliny strączkowe,
Hummus z awokado,Rośliny strączkowe,225,5.8,17.5,11.5,5.2,pasta_smarowanie,NISKA,SŁOWO_KLUCZOWE,na_zimno,,,LINIOWY,słowo_kluczowe: pasta_smarowanie; kategoria Rośliny strączkowe,
Falafel pieczony,Rośliny strączkowe,265,11.5,11.0,30.5,7.5,strączki,NISKA,KATEGORIA,gotowanie,,,LINIOWY,kategoria: strączki; wartości po obróbce termicznej (katalog diet liczy na surowo),
Migdały w czekoladzie gorzkiej,Orzechy i nasiona,570,13.5,44.0,33.5,8.0,orzechy,WYSOKA,SŁOWO_KLUCZOWE,na_zimno,orzechy,,LINIOWY,słowo_kluczowe: orzechy; kategoria Orzechy i nasiona,
Orzechy laskowe prażone,Orzechy i nasiona,646,15.0,62.5,17.5,9.5,orzechy,WYSOKA,SŁOWO_KLUCZOWE,na_zimno,orzechy,,LINIOWY,słowo_kluczowe: orzechy; kategoria Orzechy i nasiona,
Mieszanka orzechów z żurawiną,Orzechy i nasiona,520,12.5,38.0,32.0,6.0,owoce_jagodowe,ŚREDNIA,SŁOWO_KLUCZOWE,na_zimno,orzechy,,TŁUMIONY,słowo_kluczowe: owoce_jagodowe; kategoria Orzechy i nasiona,
Pesto rukolowe,Przyprawy i dodatki,385,5.5,36.5,8.5,2.0,warzywa_liściaste,ŚREDNIA,SŁOWO_KLUCZOWE,na_zimno,,,TŁUMIONY,słowo_kluczowe: warzywa_liściaste; kategoria Przyprawy i dodatki,
Harissa (pasta chili),Przyprawy i dodatki,145,4.5,8.5,13.5,6.5,przyprawa,NISKA,KATEGORIA,*,,,STAŁY,kategoria: przyprawa,
Gochujang (koreańska pasta chili),Przyprawy i dodatki,185,4.0,1.5,40.5,2.5,przyprawa,NISKA,KATEGORIA,*,,,STAŁY,kategoria: przyprawa,
Sos teriyaki gotowy,Przyprawy i dodatki,89,5.9,0.0,15.6,0.1,sos,WYSOKA,SŁOWO_KLUCZOWE,na_zimno,,,STAŁY,słowo_kluczowe: sos; kategoria Przyprawy i dodatki,
Sos rybny azjatycki,Przyprawy i dodatki,35,5.1,0.0,3.6,0.0,sos,WYSOKA,SŁOWO_KLUCZOWE,na_zimno,ryby,fish,STAŁY,słowo_kluczowe: sos; kategoria Przyprawy i dodatki,
Mirin (słodkie wino ryżowe do gotowania),Przyprawy i dodatki,226,0.2,0.0,43.0,0.0,przyprawa,NISKA,KATEGORIA,*,,,STAŁY,kategoria: przyprawa,
Kombu (glon suszony),Przyprawy i dodatki,170,8.0,1.0,51.0,33.0,przyprawa,NISKA,KATEGORIA,*,,,STAŁY,kategoria: przyprawa,
Nori arkusze,Przyprawy i dodatki,188,32.0,1.5,27.5,21.0,przyprawa,NISKA,KATEGORIA,*,,,STAŁY,kategoria: przyprawa,
Herbata matcha proszek,Napoje,324,30.5,5.3,38.5,31.0,,NISKA,KATEGORIA,,,,,kategoria: —; kategoria z góry na NIE,NIE
Cold brew kawa (bez dodatków),Napoje,4,0.2,0.0,0.5,0.0,,NISKA,KATEGORIA,,,,,kategoria: —; kategoria z góry na NIE,NIE
Napój tygrysi (guarana),Napoje,51,0.0,0.0,12.5,0.0,,NISKA,KATEGORIA,,,,,kategoria: —; kategoria z góry na NIE,NIE
Kompot wielooowocowy domowy,Napoje,45,0.2,0.1,11.0,0.3,,NISKA,KATEGORIA,,,,,kategoria: —; kategoria z góry na NIE,NIE
Barszcz czerwony czysty (napój),Napoje,22,0.8,0.1,4.5,0.6,,NISKA,KATEGORIA,,,,,kategoria: —; kategoria z góry na NIE,NIE
